<source fileName="ARALE02.PAC" size="49864" tableOffset="0"><pac dataOffset="128" fileName="ARALE02.PAC.0.pac" size="49736" tableOffset="0"><lzss dataOffset="128" fileName="ARALE02.PAC.0.pac.0.lzss" size="7746" tableOffset="0" uncompressedSize="14648" /><lzss dataOffset="7876" fileName="ARALE02.PAC.0.pac.8.lzss" size="967" tableOffset="8" uncompressedSize="5620" /><lzss dataOffset="8844" fileName="ARALE02.PAC.0.pac.16.lzss" size="19710" tableOffset="16" uncompressedSize="44260" /><lzss dataOffset="28556" fileName="ARALE02.PAC.0.pac.64.lzss" size="7945" tableOffset="64" uncompressedSize="33312" /><lzss dataOffset="36504" fileName="ARALE02.PAC.0.pac.72.lzss" size="5268" tableOffset="72" uncompressedSize="33312" /><lzss dataOffset="41772" fileName="ARALE02.PAC.0.pac.80.lzss" size="7962" tableOffset="80" uncompressedSize="33312" /></pac></source>