<source fileName="ARALE00.PAC" size="48984" tableOffset="0"><pac dataOffset="128" fileName="ARALE00.PAC.0.pac" size="48856" tableOffset="0"><lzss dataOffset="128" fileName="ARALE00.PAC.0.pac.0.lzss" size="8190" tableOffset="0" uncompressedSize="15436" /><lzss dataOffset="8320" fileName="ARALE00.PAC.0.pac.8.lzss" size="1276" tableOffset="8" uncompressedSize="7268" /><lzss dataOffset="9596" fileName="ARALE00.PAC.0.pac.16.lzss" size="19710" tableOffset="16" uncompressedSize="44260" /><lzss dataOffset="29308" fileName="ARALE00.PAC.0.pac.64.lzss" size="6886" tableOffset="64" uncompressedSize="33312" /><lzss dataOffset="36196" fileName="ARALE00.PAC.0.pac.72.lzss" size="4694" tableOffset="72" uncompressedSize="33312" /><lzss dataOffset="40892" fileName="ARALE00.PAC.0.pac.80.lzss" size="7962" tableOffset="80" uncompressedSize="33312" /></pac></source>