<source fileName="ARALE01.PAC" size="48424" tableOffset="0"><pac dataOffset="128" fileName="ARALE01.PAC.0.pac" size="48296" tableOffset="0"><lzss dataOffset="128" fileName="ARALE01.PAC.0.pac.0.lzss" size="7848" tableOffset="0" uncompressedSize="14928" /><lzss dataOffset="7976" fileName="ARALE01.PAC.0.pac.8.lzss" size="1058" tableOffset="8" uncompressedSize="5668" /><lzss dataOffset="9036" fileName="ARALE01.PAC.0.pac.16.lzss" size="19710" tableOffset="16" uncompressedSize="44260" /><lzss dataOffset="28748" fileName="ARALE01.PAC.0.pac.64.lzss" size="6886" tableOffset="64" uncompressedSize="33312" /><lzss dataOffset="35636" fileName="ARALE01.PAC.0.pac.72.lzss" size="4694" tableOffset="72" uncompressedSize="33312" /><lzss dataOffset="40332" fileName="ARALE01.PAC.0.pac.80.lzss" size="7962" tableOffset="80" uncompressedSize="33312" /></pac></source>