<source fileName="ARALE04.PAC" size="50176" tableOffset="0"><pac dataOffset="128" fileName="ARALE04.PAC.0.pac" size="50048" tableOffset="0"><lzss dataOffset="128" fileName="ARALE04.PAC.0.pac.0.lzss" size="7882" tableOffset="0" uncompressedSize="15444" /><lzss dataOffset="8012" fileName="ARALE04.PAC.0.pac.8.lzss" size="1030" tableOffset="8" uncompressedSize="6316" /><lzss dataOffset="9044" fileName="ARALE04.PAC.0.pac.16.lzss" size="19710" tableOffset="16" uncompressedSize="44260" /><lzss dataOffset="28756" fileName="ARALE04.PAC.0.pac.64.lzss" size="6532" tableOffset="64" uncompressedSize="33312" /><lzss dataOffset="35288" fileName="ARALE04.PAC.0.pac.72.lzss" size="6794" tableOffset="72" uncompressedSize="33312" /><lzss dataOffset="42084" fileName="ARALE04.PAC.0.pac.80.lzss" size="7962" tableOffset="80" uncompressedSize="33312" /></pac></source>