<source fileName="NDTEST.PAC" size="102544" tableOffset="0"><lzss dataOffset="1280" fileName="NDTEST.PAC.0.lzss" size="12328" tableOffset="0" uncompressedSize="33312" /><lzss dataOffset="13608" fileName="NDTEST.PAC.128.lzss" size="24610" tableOffset="128" uncompressedSize="62160" /><lzss dataOffset="38220" fileName="NDTEST.PAC.136.lzss" size="22606" tableOffset="136" uncompressedSize="72376" /><lzss dataOffset="60828" fileName="NDTEST.PAC.144.lzss" size="61" tableOffset="144" uncompressedSize="84" /><lzss dataOffset="60892" fileName="NDTEST.PAC.160.lzss" size="17483" tableOffset="160" uncompressedSize="33312" /><lzss dataOffset="78376" fileName="NDTEST.PAC.168.lzss" size="7949" tableOffset="168" uncompressedSize="33312" /><lzss dataOffset="86328" fileName="NDTEST.PAC.176.lzss" size="4384" tableOffset="176" uncompressedSize="33312" /><lzss dataOffset="90712" fileName="NDTEST.PAC.184.lzss" size="7173" tableOffset="184" uncompressedSize="33312" /><lzss dataOffset="97888" fileName="NDTEST.PAC.192.lzss" size="4653" tableOffset="192" uncompressedSize="33312" /></source>