<source fileName="S00_M06A.PAC" size="138736" tableOffset="0"><lzss dataOffset="384" fileName="S00_M06A.PAC.40.lzss" size="4711" tableOffset="40" uncompressedSize="11120" /><lzss dataOffset="5096" fileName="S00_M06A.PAC.128.lzss" size="27843" tableOffset="128" uncompressedSize="76148" /><lzss dataOffset="32940" fileName="S00_M06A.PAC.136.lzss" size="42464" tableOffset="136" uncompressedSize="127552" /><lzss dataOffset="75404" fileName="S00_M06A.PAC.144.lzss" size="93" tableOffset="144" uncompressedSize="112" /><lzss dataOffset="75500" fileName="S00_M06A.PAC.152.lzss" size="155" tableOffset="152" uncompressedSize="304" /><lzss dataOffset="75656" fileName="S00_M06A.PAC.160.lzss" size="14709" tableOffset="160" uncompressedSize="33312" /><lzss dataOffset="90368" fileName="S00_M06A.PAC.168.lzss" size="9014" tableOffset="168" uncompressedSize="33312" /><lzss dataOffset="99384" fileName="S00_M06A.PAC.176.lzss" size="11299" tableOffset="176" uncompressedSize="33312" /><lzss dataOffset="110684" fileName="S00_M06A.PAC.184.lzss" size="8080" tableOffset="184" uncompressedSize="33312" /><lzss dataOffset="118764" fileName="S00_M06A.PAC.192.lzss" size="7616" tableOffset="192" uncompressedSize="66080" /><lzss dataOffset="126380" fileName="S00_M06A.PAC.200.lzss" size="577" tableOffset="200" uncompressedSize="2652" /><lzss dataOffset="126960" fileName="S00_M06A.PAC.224.lzss" size="204" tableOffset="224" uncompressedSize="444" /><lzss dataOffset="127164" fileName="S00_M06A.PAC.232.lzss" size="250" tableOffset="232" uncompressedSize="440" /><pac dataOffset="127416" fileName="S00_M06A.PAC.256.pac" size="11320" tableOffset="256"><lzss dataOffset="128" fileName="S00_M06A.PAC.256.pac.0.lzss" size="4310" tableOffset="0" uncompressedSize="9012" /><lzss dataOffset="4440" fileName="S00_M06A.PAC.256.pac.16.lzss" size="1609" tableOffset="16" uncompressedSize="5292" /><lzss dataOffset="6052" fileName="S00_M06A.PAC.256.pac.64.lzss" size="5266" tableOffset="64" uncompressedSize="33312" /></pac></source>