<source fileName="S00_M15B.PAC" size="128404" tableOffset="0"><lzss dataOffset="384" fileName="S00_M15B.PAC.40.lzss" size="4711" tableOffset="40" uncompressedSize="11120" /><lzss dataOffset="5096" fileName="S00_M15B.PAC.128.lzss" size="39361" tableOffset="128" uncompressedSize="75072" /><lzss dataOffset="44460" fileName="S00_M15B.PAC.136.lzss" size="34903" tableOffset="136" uncompressedSize="127216" /><lzss dataOffset="79364" fileName="S00_M15B.PAC.144.lzss" size="60" tableOffset="144" uncompressedSize="112" /><lzss dataOffset="79424" fileName="S00_M15B.PAC.152.lzss" size="101" tableOffset="152" uncompressedSize="248" /><lzss dataOffset="79528" fileName="S00_M15B.PAC.160.lzss" size="8650" tableOffset="160" uncompressedSize="33312" /><lzss dataOffset="88180" fileName="S00_M15B.PAC.168.lzss" size="7410" tableOffset="168" uncompressedSize="33312" /><lzss dataOffset="95592" fileName="S00_M15B.PAC.176.lzss" size="6794" tableOffset="176" uncompressedSize="33312" /><lzss dataOffset="102388" fileName="S00_M15B.PAC.184.lzss" size="7253" tableOffset="184" uncompressedSize="33312" /><lzss dataOffset="109644" fileName="S00_M15B.PAC.192.lzss" size="6576" tableOffset="192" uncompressedSize="66080" /><lzss dataOffset="116220" fileName="S00_M15B.PAC.200.lzss" size="577" tableOffset="200" uncompressedSize="2652" /><lzss dataOffset="116800" fileName="S00_M15B.PAC.224.lzss" size="145" tableOffset="224" uncompressedSize="280" /><lzss dataOffset="116948" fileName="S00_M15B.PAC.232.lzss" size="133" tableOffset="232" uncompressedSize="292" /><pac dataOffset="117084" fileName="S00_M15B.PAC.256.pac" size="11320" tableOffset="256"><lzss dataOffset="128" fileName="S00_M15B.PAC.256.pac.0.lzss" size="4310" tableOffset="0" uncompressedSize="9012" /><lzss dataOffset="4440" fileName="S00_M15B.PAC.256.pac.16.lzss" size="1609" tableOffset="16" uncompressedSize="5292" /><lzss dataOffset="6052" fileName="S00_M15B.PAC.256.pac.64.lzss" size="5266" tableOffset="64" uncompressedSize="33312" /></pac></source>