<source fileName="S00_M09B.PAC" size="103032" tableOffset="0"><lzss dataOffset="384" fileName="S00_M09B.PAC.40.lzss" size="4711" tableOffset="40" uncompressedSize="11120" /><lzss dataOffset="5096" fileName="S00_M09B.PAC.128.lzss" size="38891" tableOffset="128" uncompressedSize="76220" /><lzss dataOffset="43988" fileName="S00_M09B.PAC.136.lzss" size="37197" tableOffset="136" uncompressedSize="128876" /><lzss dataOffset="81188" fileName="S00_M09B.PAC.144.lzss" size="60" tableOffset="144" uncompressedSize="112" /><lzss dataOffset="81248" fileName="S00_M09B.PAC.152.lzss" size="117" tableOffset="152" uncompressedSize="312" /><lzss dataOffset="81368" fileName="S00_M09B.PAC.160.lzss" size="5019" tableOffset="160" uncompressedSize="33312" /><lzss dataOffset="86388" fileName="S00_M09B.PAC.168.lzss" size="4259" tableOffset="168" uncompressedSize="33312" /><lzss dataOffset="90648" fileName="S00_M09B.PAC.200.lzss" size="577" tableOffset="200" uncompressedSize="2652" /><lzss dataOffset="91228" fileName="S00_M09B.PAC.224.lzss" size="216" tableOffset="224" uncompressedSize="520" /><lzss dataOffset="91444" fileName="S00_M09B.PAC.232.lzss" size="267" tableOffset="232" uncompressedSize="472" /><pac dataOffset="91712" fileName="S00_M09B.PAC.256.pac" size="11320" tableOffset="256"><lzss dataOffset="128" fileName="S00_M09B.PAC.256.pac.0.lzss" size="4310" tableOffset="0" uncompressedSize="9012" /><lzss dataOffset="4440" fileName="S00_M09B.PAC.256.pac.16.lzss" size="1609" tableOffset="16" uncompressedSize="5292" /><lzss dataOffset="6052" fileName="S00_M09B.PAC.256.pac.64.lzss" size="5266" tableOffset="64" uncompressedSize="33312" /></pac></source>