<source fileName="S00_M04A.PAC" size="111120" tableOffset="0"><lzss dataOffset="384" fileName="S00_M04A.PAC.40.lzss" size="4711" tableOffset="40" uncompressedSize="11120" /><lzss dataOffset="5096" fileName="S00_M04A.PAC.128.lzss" size="23430" tableOffset="128" uncompressedSize="50840" /><lzss dataOffset="28528" fileName="S00_M04A.PAC.136.lzss" size="34811" tableOffset="136" uncompressedSize="127348" /><lzss dataOffset="63340" fileName="S00_M04A.PAC.144.lzss" size="80" tableOffset="144" uncompressedSize="112" /><lzss dataOffset="63420" fileName="S00_M04A.PAC.152.lzss" size="187" tableOffset="152" uncompressedSize="364" /><lzss dataOffset="63608" fileName="S00_M04A.PAC.160.lzss" size="6102" tableOffset="160" uncompressedSize="33312" /><lzss dataOffset="69712" fileName="S00_M04A.PAC.168.lzss" size="11550" tableOffset="168" uncompressedSize="33312" /><lzss dataOffset="81264" fileName="S00_M04A.PAC.176.lzss" size="5013" tableOffset="176" uncompressedSize="33312" /><lzss dataOffset="86280" fileName="S00_M04A.PAC.184.lzss" size="3892" tableOffset="184" uncompressedSize="33312" /><lzss dataOffset="90172" fileName="S00_M04A.PAC.192.lzss" size="8564" tableOffset="192" uncompressedSize="66080" /><lzss dataOffset="98736" fileName="S00_M04A.PAC.200.lzss" size="577" tableOffset="200" uncompressedSize="2652" /><lzss dataOffset="99316" fileName="S00_M04A.PAC.224.lzss" size="216" tableOffset="224" uncompressedSize="520" /><lzss dataOffset="99532" fileName="S00_M04A.PAC.232.lzss" size="267" tableOffset="232" uncompressedSize="472" /><pac dataOffset="99800" fileName="S00_M04A.PAC.256.pac" size="11320" tableOffset="256"><lzss dataOffset="128" fileName="S00_M04A.PAC.256.pac.0.lzss" size="4310" tableOffset="0" uncompressedSize="9012" /><lzss dataOffset="4440" fileName="S00_M04A.PAC.256.pac.16.lzss" size="1609" tableOffset="16" uncompressedSize="5292" /><lzss dataOffset="6052" fileName="S00_M04A.PAC.256.pac.64.lzss" size="5266" tableOffset="64" uncompressedSize="33312" /></pac></source>