<source fileName="S00_M04B.PAC" size="114000" tableOffset="0"><lzss dataOffset="384" fileName="S00_M04B.PAC.40.lzss" size="4711" tableOffset="40" uncompressedSize="11120" /><lzss dataOffset="5096" fileName="S00_M04B.PAC.128.lzss" size="33211" tableOffset="128" uncompressedSize="78448" /><lzss dataOffset="38308" fileName="S00_M04B.PAC.136.lzss" size="36126" tableOffset="136" uncompressedSize="126996" /><lzss dataOffset="74436" fileName="S00_M04B.PAC.144.lzss" size="60" tableOffset="144" uncompressedSize="112" /><lzss dataOffset="74496" fileName="S00_M04B.PAC.152.lzss" size="115" tableOffset="152" uncompressedSize="268" /><lzss dataOffset="74612" fileName="S00_M04B.PAC.160.lzss" size="8623" tableOffset="160" uncompressedSize="33312" /><lzss dataOffset="83236" fileName="S00_M04B.PAC.168.lzss" size="5830" tableOffset="168" uncompressedSize="33312" /><lzss dataOffset="89068" fileName="S00_M04B.PAC.176.lzss" size="6755" tableOffset="176" uncompressedSize="33312" /><lzss dataOffset="95824" fileName="S00_M04B.PAC.184.lzss" size="5789" tableOffset="184" uncompressedSize="33312" /><lzss dataOffset="101616" fileName="S00_M04B.PAC.200.lzss" size="577" tableOffset="200" uncompressedSize="2652" /><lzss dataOffset="102196" fileName="S00_M04B.PAC.224.lzss" size="216" tableOffset="224" uncompressedSize="520" /><lzss dataOffset="102412" fileName="S00_M04B.PAC.232.lzss" size="267" tableOffset="232" uncompressedSize="472" /><pac dataOffset="102680" fileName="S00_M04B.PAC.256.pac" size="11320" tableOffset="256"><lzss dataOffset="128" fileName="S00_M04B.PAC.256.pac.0.lzss" size="4310" tableOffset="0" uncompressedSize="9012" /><lzss dataOffset="4440" fileName="S00_M04B.PAC.256.pac.16.lzss" size="1609" tableOffset="16" uncompressedSize="5292" /><lzss dataOffset="6052" fileName="S00_M04B.PAC.256.pac.64.lzss" size="5266" tableOffset="64" uncompressedSize="33312" /></pac></source>