<source fileName="S00_M11B.PAC" size="123408" tableOffset="0"><lzss dataOffset="384" fileName="S00_M11B.PAC.40.lzss" size="4711" tableOffset="40" uncompressedSize="11120" /><lzss dataOffset="5096" fileName="S00_M11B.PAC.128.lzss" size="29582" tableOffset="128" uncompressedSize="71864" /><lzss dataOffset="34680" fileName="S00_M11B.PAC.136.lzss" size="36126" tableOffset="136" uncompressedSize="127400" /><lzss dataOffset="70808" fileName="S00_M11B.PAC.144.lzss" size="60" tableOffset="144" uncompressedSize="112" /><lzss dataOffset="70868" fileName="S00_M11B.PAC.152.lzss" size="109" tableOffset="152" uncompressedSize="248" /><lzss dataOffset="70980" fileName="S00_M11B.PAC.160.lzss" size="7232" tableOffset="160" uncompressedSize="33312" /><lzss dataOffset="78212" fileName="S00_M11B.PAC.168.lzss" size="7344" tableOffset="168" uncompressedSize="33312" /><lzss dataOffset="85556" fileName="S00_M11B.PAC.176.lzss" size="5538" tableOffset="176" uncompressedSize="33312" /><lzss dataOffset="91096" fileName="S00_M11B.PAC.184.lzss" size="11564" tableOffset="184" uncompressedSize="33312" /><lzss dataOffset="102660" fileName="S00_M11B.PAC.192.lzss" size="8564" tableOffset="192" uncompressedSize="66080" /><lzss dataOffset="111224" fileName="S00_M11B.PAC.200.lzss" size="577" tableOffset="200" uncompressedSize="2652" /><lzss dataOffset="111804" fileName="S00_M11B.PAC.224.lzss" size="149" tableOffset="224" uncompressedSize="284" /><lzss dataOffset="111956" fileName="S00_M11B.PAC.232.lzss" size="132" tableOffset="232" uncompressedSize="156" /><pac dataOffset="112088" fileName="S00_M11B.PAC.256.pac" size="11320" tableOffset="256"><lzss dataOffset="128" fileName="S00_M11B.PAC.256.pac.0.lzss" size="4310" tableOffset="0" uncompressedSize="9012" /><lzss dataOffset="4440" fileName="S00_M11B.PAC.256.pac.16.lzss" size="1609" tableOffset="16" uncompressedSize="5292" /><lzss dataOffset="6052" fileName="S00_M11B.PAC.256.pac.64.lzss" size="5266" tableOffset="64" uncompressedSize="33312" /></pac></source>