<source fileName="S00_M02B.PAC" size="100672" tableOffset="0"><lzss dataOffset="384" fileName="S00_M02B.PAC.40.lzss" size="4711" tableOffset="40" uncompressedSize="11120" /><lzss dataOffset="5096" fileName="S00_M02B.PAC.128.lzss" size="25758" tableOffset="128" uncompressedSize="57492" /><lzss dataOffset="30856" fileName="S00_M02B.PAC.136.lzss" size="36735" tableOffset="136" uncompressedSize="127140" /><lzss dataOffset="67592" fileName="S00_M02B.PAC.144.lzss" size="60" tableOffset="144" uncompressedSize="112" /><lzss dataOffset="67652" fileName="S00_M02B.PAC.152.lzss" size="157" tableOffset="152" uncompressedSize="320" /><lzss dataOffset="67812" fileName="S00_M02B.PAC.160.lzss" size="8191" tableOffset="160" uncompressedSize="33312" /><lzss dataOffset="76004" fileName="S00_M02B.PAC.168.lzss" size="5007" tableOffset="168" uncompressedSize="33312" /><lzss dataOffset="81012" fileName="S00_M02B.PAC.176.lzss" size="4942" tableOffset="176" uncompressedSize="33312" /><lzss dataOffset="85956" fileName="S00_M02B.PAC.184.lzss" size="2124" tableOffset="184" uncompressedSize="33312" /><lzss dataOffset="88080" fileName="S00_M02B.PAC.200.lzss" size="577" tableOffset="200" uncompressedSize="2652" /><lzss dataOffset="88660" fileName="S00_M02B.PAC.224.lzss" size="321" tableOffset="224" uncompressedSize="880" /><lzss dataOffset="88984" fileName="S00_M02B.PAC.232.lzss" size="366" tableOffset="232" uncompressedSize="584" /><pac dataOffset="89352" fileName="S00_M02B.PAC.256.pac" size="11320" tableOffset="256"><lzss dataOffset="128" fileName="S00_M02B.PAC.256.pac.0.lzss" size="4310" tableOffset="0" uncompressedSize="9012" /><lzss dataOffset="4440" fileName="S00_M02B.PAC.256.pac.16.lzss" size="1609" tableOffset="16" uncompressedSize="5292" /><lzss dataOffset="6052" fileName="S00_M02B.PAC.256.pac.64.lzss" size="5266" tableOffset="64" uncompressedSize="33312" /></pac></source>