<source fileName="S00_M18A.PAC" size="112268" tableOffset="0"><lzss dataOffset="384" fileName="S00_M18A.PAC.40.lzss" size="4711" tableOffset="40" uncompressedSize="11120" /><lzss dataOffset="5096" fileName="S00_M18A.PAC.128.lzss" size="17689" tableOffset="128" uncompressedSize="51572" /><lzss dataOffset="22788" fileName="S00_M18A.PAC.136.lzss" size="35936" tableOffset="136" uncompressedSize="127964" /><lzss dataOffset="58724" fileName="S00_M18A.PAC.144.lzss" size="93" tableOffset="144" uncompressedSize="112" /><lzss dataOffset="58820" fileName="S00_M18A.PAC.152.lzss" size="129" tableOffset="152" uncompressedSize="268" /><lzss dataOffset="58952" fileName="S00_M18A.PAC.160.lzss" size="12811" tableOffset="160" uncompressedSize="33312" /><lzss dataOffset="71764" fileName="S00_M18A.PAC.168.lzss" size="9135" tableOffset="168" uncompressedSize="33312" /><lzss dataOffset="80900" fileName="S00_M18A.PAC.176.lzss" size="11436" tableOffset="176" uncompressedSize="33312" /><lzss dataOffset="92336" fileName="S00_M18A.PAC.192.lzss" size="7616" tableOffset="192" uncompressedSize="66080" /><lzss dataOffset="99952" fileName="S00_M18A.PAC.200.lzss" size="577" tableOffset="200" uncompressedSize="2652" /><lzss dataOffset="100532" fileName="S00_M18A.PAC.224.lzss" size="231" tableOffset="224" uncompressedSize="596" /><lzss dataOffset="100764" fileName="S00_M18A.PAC.232.lzss" size="184" tableOffset="232" uncompressedSize="284" /><pac dataOffset="100948" fileName="S00_M18A.PAC.256.pac" size="11320" tableOffset="256"><lzss dataOffset="128" fileName="S00_M18A.PAC.256.pac.0.lzss" size="4310" tableOffset="0" uncompressedSize="9012" /><lzss dataOffset="4440" fileName="S00_M18A.PAC.256.pac.16.lzss" size="1609" tableOffset="16" uncompressedSize="5292" /><lzss dataOffset="6052" fileName="S00_M18A.PAC.256.pac.64.lzss" size="5266" tableOffset="64" uncompressedSize="33312" /></pac></source>