<source fileName="S00_M00C.PAC" size="86340" tableOffset="0"><lzss dataOffset="384" fileName="S00_M00C.PAC.40.lzss" size="4711" tableOffset="40" uncompressedSize="11120" /><lzss dataOffset="5096" fileName="S00_M00C.PAC.128.lzss" size="23703" tableOffset="128" uncompressedSize="48176" /><lzss dataOffset="28800" fileName="S00_M00C.PAC.136.lzss" size="36590" tableOffset="136" uncompressedSize="127852" /><lzss dataOffset="65392" fileName="S00_M00C.PAC.144.lzss" size="92" tableOffset="144" uncompressedSize="112" /><lzss dataOffset="65484" fileName="S00_M00C.PAC.152.lzss" size="157" tableOffset="152" uncompressedSize="404" /><lzss dataOffset="65644" fileName="S00_M00C.PAC.160.lzss" size="4220" tableOffset="160" uncompressedSize="33312" /><lzss dataOffset="69864" fileName="S00_M00C.PAC.168.lzss" size="4161" tableOffset="168" uncompressedSize="33312" /><lzss dataOffset="74028" fileName="S00_M00C.PAC.224.lzss" size="183" tableOffset="224" uncompressedSize="380" /><lzss dataOffset="74212" fileName="S00_M00C.PAC.232.lzss" size="807" tableOffset="232" uncompressedSize="1400" /><pac dataOffset="75020" fileName="S00_M00C.PAC.256.pac" size="11320" tableOffset="256"><lzss dataOffset="128" fileName="S00_M00C.PAC.256.pac.0.lzss" size="4310" tableOffset="0" uncompressedSize="9012" /><lzss dataOffset="4440" fileName="S00_M00C.PAC.256.pac.16.lzss" size="1609" tableOffset="16" uncompressedSize="5292" /><lzss dataOffset="6052" fileName="S00_M00C.PAC.256.pac.64.lzss" size="5266" tableOffset="64" uncompressedSize="33312" /></pac></source>