<source fileName="S00_M02D.PAC" size="144496" tableOffset="0"><lzss dataOffset="384" fileName="S00_M02D.PAC.40.lzss" size="4711" tableOffset="40" uncompressedSize="11120" /><lzss dataOffset="5096" fileName="S00_M02D.PAC.128.lzss" size="22283" tableOffset="128" uncompressedSize="56696" /><lzss dataOffset="27380" fileName="S00_M02D.PAC.136.lzss" size="34866" tableOffset="136" uncompressedSize="127536" /><lzss dataOffset="62248" fileName="S00_M02D.PAC.144.lzss" size="65" tableOffset="144" uncompressedSize="112" /><lzss dataOffset="62316" fileName="S00_M02D.PAC.152.lzss" size="434" tableOffset="152" uncompressedSize="2560" /><lzss dataOffset="62752" fileName="S00_M02D.PAC.160.lzss" size="17147" tableOffset="160" uncompressedSize="33312" /><lzss dataOffset="79900" fileName="S00_M02D.PAC.168.lzss" size="8389" tableOffset="168" uncompressedSize="33312" /><lzss dataOffset="88292" fileName="S00_M02D.PAC.176.lzss" size="6204" tableOffset="176" uncompressedSize="33312" /><lzss dataOffset="94496" fileName="S00_M02D.PAC.184.lzss" size="11104" tableOffset="184" uncompressedSize="33312" /><lzss dataOffset="105600" fileName="S00_M02D.PAC.192.lzss" size="6322" tableOffset="192" uncompressedSize="66080" /><lzss dataOffset="111924" fileName="S00_M02D.PAC.200.lzss" size="577" tableOffset="200" uncompressedSize="2652" /><lzss dataOffset="112504" fileName="S00_M02D.PAC.224.lzss" size="227" tableOffset="224" uncompressedSize="592" /><lzss dataOffset="112732" fileName="S00_M02D.PAC.232.lzss" size="184" tableOffset="232" uncompressedSize="284" /><pac dataOffset="112916" fileName="S00_M02D.PAC.256.pac" size="11320" tableOffset="256"><lzss dataOffset="128" fileName="S00_M02D.PAC.256.pac.0.lzss" size="4310" tableOffset="0" uncompressedSize="9012" /><lzss dataOffset="4440" fileName="S00_M02D.PAC.256.pac.16.lzss" size="1609" tableOffset="16" uncompressedSize="5292" /><lzss dataOffset="6052" fileName="S00_M02D.PAC.256.pac.64.lzss" size="5266" tableOffset="64" uncompressedSize="33312" /></pac><pac dataOffset="124236" fileName="S00_M02D.PAC.264.pac" size="13808" tableOffset="264"><lzss dataOffset="128" fileName="S00_M02D.PAC.264.pac.0.lzss" size="5106" tableOffset="0" uncompressedSize="9916" /><lzss dataOffset="5236" fileName="S00_M02D.PAC.264.pac.16.lzss" size="2706" tableOffset="16" uncompressedSize="5782" /><lzss dataOffset="7944" fileName="S00_M02D.PAC.264.pac.64.lzss" size="5862" tableOffset="64" uncompressedSize="33312" /></pac><pac dataOffset="138044" fileName="S00_M02D.PAC.272.pac" size="5372" tableOffset="272"><lzss dataOffset="128" fileName="S00_M02D.PAC.272.pac.0.lzss" size="716" tableOffset="0" uncompressedSize="1568" /><lzss dataOffset="844" fileName="S00_M02D.PAC.272.pac.16.lzss" size="241" tableOffset="16" uncompressedSize="448" /><lzss dataOffset="1088" fileName="S00_M02D.PAC.272.pac.64.lzss" size="4282" tableOffset="64" uncompressedSize="33312" /></pac><pac dataOffset="143416" fileName="S00_M02D.PAC.280.pac" size="1080" tableOffset="280"><lzss dataOffset="128" fileName="S00_M02D.PAC.280.pac.0.lzss" size="745" tableOffset="0" uncompressedSize="1416" /><lzss dataOffset="876" fileName="S00_M02D.PAC.280.pac.16.lzss" size="203" tableOffset="16" uncompressedSize="320" /><textureSymbol dataOffset="0" size="4294967295" tableOffset="64" /></pac></source>