<source fileName="S00_M03A.PAC" size="116416" tableOffset="0"><lzss dataOffset="384" fileName="S00_M03A.PAC.40.lzss" size="4711" tableOffset="40" uncompressedSize="11120" /><lzss dataOffset="5096" fileName="S00_M03A.PAC.128.lzss" size="23473" tableOffset="128" uncompressedSize="54348" /><lzss dataOffset="28572" fileName="S00_M03A.PAC.136.lzss" size="34296" tableOffset="136" uncompressedSize="127056" /><lzss dataOffset="62868" fileName="S00_M03A.PAC.144.lzss" size="71" tableOffset="144" uncompressedSize="112" /><lzss dataOffset="62940" fileName="S00_M03A.PAC.152.lzss" size="237" tableOffset="152" uncompressedSize="440" /><lzss dataOffset="63180" fileName="S00_M03A.PAC.160.lzss" size="6879" tableOffset="160" uncompressedSize="33312" /><lzss dataOffset="70060" fileName="S00_M03A.PAC.168.lzss" size="11980" tableOffset="168" uncompressedSize="33312" /><lzss dataOffset="82040" fileName="S00_M03A.PAC.176.lzss" size="5997" tableOffset="176" uncompressedSize="33312" /><lzss dataOffset="88040" fileName="S00_M03A.PAC.184.lzss" size="6849" tableOffset="184" uncompressedSize="33312" /><lzss dataOffset="94892" fileName="S00_M03A.PAC.192.lzss" size="8564" tableOffset="192" uncompressedSize="66080" /><lzss dataOffset="103456" fileName="S00_M03A.PAC.200.lzss" size="577" tableOffset="200" uncompressedSize="2652" /><lzss dataOffset="104036" fileName="S00_M03A.PAC.224.lzss" size="377" tableOffset="224" uncompressedSize="1212" /><lzss dataOffset="104416" fileName="S00_M03A.PAC.232.lzss" size="680" tableOffset="232" uncompressedSize="1224" /><pac dataOffset="105096" fileName="S00_M03A.PAC.256.pac" size="11320" tableOffset="256"><lzss dataOffset="128" fileName="S00_M03A.PAC.256.pac.0.lzss" size="4310" tableOffset="0" uncompressedSize="9012" /><lzss dataOffset="4440" fileName="S00_M03A.PAC.256.pac.16.lzss" size="1609" tableOffset="16" uncompressedSize="5292" /><lzss dataOffset="6052" fileName="S00_M03A.PAC.256.pac.64.lzss" size="5266" tableOffset="64" uncompressedSize="33312" /></pac></source>