<source fileName="S00_M16A.PAC" size="111496" tableOffset="0"><lzss dataOffset="384" fileName="S00_M16A.PAC.40.lzss" size="4711" tableOffset="40" uncompressedSize="11120" /><lzss dataOffset="5096" fileName="S00_M16A.PAC.128.lzss" size="16038" tableOffset="128" uncompressedSize="48368" /><lzss dataOffset="21136" fileName="S00_M16A.PAC.136.lzss" size="38706" tableOffset="136" uncompressedSize="128624" /><lzss dataOffset="59844" fileName="S00_M16A.PAC.144.lzss" size="92" tableOffset="144" uncompressedSize="112" /><lzss dataOffset="59936" fileName="S00_M16A.PAC.152.lzss" size="159" tableOffset="152" uncompressedSize="424" /><lzss dataOffset="60096" fileName="S00_M16A.PAC.160.lzss" size="12811" tableOffset="160" uncompressedSize="33312" /><lzss dataOffset="72908" fileName="S00_M16A.PAC.192.lzss" size="6322" tableOffset="192" uncompressedSize="66080" /><lzss dataOffset="79232" fileName="S00_M16A.PAC.200.lzss" size="577" tableOffset="200" uncompressedSize="2652" /><lzss dataOffset="79812" fileName="S00_M16A.PAC.224.lzss" size="227" tableOffset="224" uncompressedSize="592" /><lzss dataOffset="80040" fileName="S00_M16A.PAC.232.lzss" size="184" tableOffset="232" uncompressedSize="284" /><pac dataOffset="80224" fileName="S00_M16A.PAC.256.pac" size="11320" tableOffset="256"><lzss dataOffset="128" fileName="S00_M16A.PAC.256.pac.0.lzss" size="4310" tableOffset="0" uncompressedSize="9012" /><lzss dataOffset="4440" fileName="S00_M16A.PAC.256.pac.16.lzss" size="1609" tableOffset="16" uncompressedSize="5292" /><lzss dataOffset="6052" fileName="S00_M16A.PAC.256.pac.64.lzss" size="5266" tableOffset="64" uncompressedSize="33312" /></pac><pac dataOffset="91544" fileName="S00_M16A.PAC.264.pac" size="6412" tableOffset="264"><lzss dataOffset="128" fileName="S00_M16A.PAC.264.pac.0.lzss" size="1553" tableOffset="0" uncompressedSize="4016" /><lzss dataOffset="1684" fileName="S00_M16A.PAC.264.pac.16.lzss" size="211" tableOffset="16" uncompressedSize="446" /><lzss dataOffset="1896" fileName="S00_M16A.PAC.264.pac.64.lzss" size="4514" tableOffset="64" uncompressedSize="33312" /></pac><pac dataOffset="97956" fileName="S00_M16A.PAC.272.pac" size="13540" tableOffset="272"><lzss dataOffset="128" fileName="S00_M16A.PAC.272.pac.0.lzss" size="5317" tableOffset="0" uncompressedSize="10004" /><lzss dataOffset="5448" fileName="S00_M16A.PAC.272.pac.16.lzss" size="1477" tableOffset="16" uncompressedSize="2958" /><lzss dataOffset="6928" fileName="S00_M16A.PAC.272.pac.64.lzss" size="6610" tableOffset="64" uncompressedSize="33312" /></pac></source>