<source fileName="S00_M00A.PAC" size="148992" tableOffset="0"><lzss dataOffset="384" fileName="S00_M00A.PAC.0.lzss" size="8471" tableOffset="0" uncompressedSize="33312" /><lzss dataOffset="8856" fileName="S00_M00A.PAC.40.lzss" size="4711" tableOffset="40" uncompressedSize="11120" /><lzss dataOffset="13568" fileName="S00_M00A.PAC.128.lzss" size="31862" tableOffset="128" uncompressedSize="56876" /><lzss dataOffset="45432" fileName="S00_M00A.PAC.136.lzss" size="38947" tableOffset="136" uncompressedSize="128596" /><lzss dataOffset="84380" fileName="S00_M00A.PAC.144.lzss" size="118" tableOffset="144" uncompressedSize="192" /><lzss dataOffset="84500" fileName="S00_M00A.PAC.152.lzss" size="483" tableOffset="152" uncompressedSize="1276" /><lzss dataOffset="84984" fileName="S00_M00A.PAC.160.lzss" size="18028" tableOffset="160" uncompressedSize="33312" /><lzss dataOffset="103012" fileName="S00_M00A.PAC.168.lzss" size="8869" tableOffset="168" uncompressedSize="33312" /><lzss dataOffset="111884" fileName="S00_M00A.PAC.176.lzss" size="8205" tableOffset="176" uncompressedSize="33312" /><lzss dataOffset="120092" fileName="S00_M00A.PAC.184.lzss" size="8455" tableOffset="184" uncompressedSize="33312" /><lzss dataOffset="128548" fileName="S00_M00A.PAC.192.lzss" size="7616" tableOffset="192" uncompressedSize="66080" /><lzss dataOffset="136164" fileName="S00_M00A.PAC.200.lzss" size="577" tableOffset="200" uncompressedSize="2652" /><lzss dataOffset="136744" fileName="S00_M00A.PAC.224.lzss" size="405" tableOffset="224" uncompressedSize="1464" /><lzss dataOffset="137152" fileName="S00_M00A.PAC.232.lzss" size="517" tableOffset="232" uncompressedSize="888" /><pac dataOffset="137672" fileName="S00_M00A.PAC.256.pac" size="11320" tableOffset="256"><lzss dataOffset="128" fileName="S00_M00A.PAC.256.pac.0.lzss" size="4310" tableOffset="0" uncompressedSize="9012" /><lzss dataOffset="4440" fileName="S00_M00A.PAC.256.pac.16.lzss" size="1609" tableOffset="16" uncompressedSize="5292" /><lzss dataOffset="6052" fileName="S00_M00A.PAC.256.pac.64.lzss" size="5266" tableOffset="64" uncompressedSize="33312" /></pac></source>