<source fileName="S00_M06B.PAC" size="132148" tableOffset="0"><lzss dataOffset="384" fileName="S00_M06B.PAC.40.lzss" size="4711" tableOffset="40" uncompressedSize="11120" /><lzss dataOffset="5096" fileName="S00_M06B.PAC.128.lzss" size="24560" tableOffset="128" uncompressedSize="70380" /><lzss dataOffset="29656" fileName="S00_M06B.PAC.136.lzss" size="42446" tableOffset="136" uncompressedSize="127552" /><lzss dataOffset="72104" fileName="S00_M06B.PAC.144.lzss" size="93" tableOffset="144" uncompressedSize="112" /><lzss dataOffset="72200" fileName="S00_M06B.PAC.152.lzss" size="115" tableOffset="152" uncompressedSize="248" /><lzss dataOffset="72316" fileName="S00_M06B.PAC.160.lzss" size="14709" tableOffset="160" uncompressedSize="33312" /><lzss dataOffset="87028" fileName="S00_M06B.PAC.168.lzss" size="6890" tableOffset="168" uncompressedSize="33312" /><lzss dataOffset="93920" fileName="S00_M06B.PAC.176.lzss" size="10216" tableOffset="176" uncompressedSize="33312" /><lzss dataOffset="104136" fileName="S00_M06B.PAC.184.lzss" size="8080" tableOffset="184" uncompressedSize="33312" /><lzss dataOffset="112216" fileName="S00_M06B.PAC.192.lzss" size="7616" tableOffset="192" uncompressedSize="66080" /><lzss dataOffset="119832" fileName="S00_M06B.PAC.200.lzss" size="577" tableOffset="200" uncompressedSize="2652" /><lzss dataOffset="120412" fileName="S00_M06B.PAC.224.lzss" size="231" tableOffset="224" uncompressedSize="596" /><lzss dataOffset="120644" fileName="S00_M06B.PAC.232.lzss" size="184" tableOffset="232" uncompressedSize="284" /><pac dataOffset="120828" fileName="S00_M06B.PAC.256.pac" size="11320" tableOffset="256"><lzss dataOffset="128" fileName="S00_M06B.PAC.256.pac.0.lzss" size="4310" tableOffset="0" uncompressedSize="9012" /><lzss dataOffset="4440" fileName="S00_M06B.PAC.256.pac.16.lzss" size="1609" tableOffset="16" uncompressedSize="5292" /><lzss dataOffset="6052" fileName="S00_M06B.PAC.256.pac.64.lzss" size="5266" tableOffset="64" uncompressedSize="33312" /></pac></source>