<source fileName="S00_M09A.PAC" size="131268" tableOffset="0"><lzss dataOffset="384" fileName="S00_M09A.PAC.40.lzss" size="4711" tableOffset="40" uncompressedSize="11120" /><lzss dataOffset="5096" fileName="S00_M09A.PAC.128.lzss" size="35746" tableOffset="128" uncompressedSize="74912" /><lzss dataOffset="40844" fileName="S00_M09A.PAC.136.lzss" size="41074" tableOffset="136" uncompressedSize="128624" /><lzss dataOffset="81920" fileName="S00_M09A.PAC.144.lzss" size="93" tableOffset="144" uncompressedSize="112" /><lzss dataOffset="82016" fileName="S00_M09A.PAC.152.lzss" size="134" tableOffset="152" uncompressedSize="332" /><lzss dataOffset="82152" fileName="S00_M09A.PAC.160.lzss" size="12811" tableOffset="160" uncompressedSize="33312" /><lzss dataOffset="94964" fileName="S00_M09A.PAC.168.lzss" size="6395" tableOffset="168" uncompressedSize="33312" /><lzss dataOffset="101360" fileName="S00_M09A.PAC.176.lzss" size="6261" tableOffset="176" uncompressedSize="33312" /><lzss dataOffset="107624" fileName="S00_M09A.PAC.184.lzss" size="5004" tableOffset="184" uncompressedSize="33312" /><lzss dataOffset="112628" fileName="S00_M09A.PAC.192.lzss" size="6322" tableOffset="192" uncompressedSize="66080" /><lzss dataOffset="118952" fileName="S00_M09A.PAC.200.lzss" size="577" tableOffset="200" uncompressedSize="2652" /><lzss dataOffset="119532" fileName="S00_M09A.PAC.224.lzss" size="231" tableOffset="224" uncompressedSize="596" /><lzss dataOffset="119764" fileName="S00_M09A.PAC.232.lzss" size="184" tableOffset="232" uncompressedSize="284" /><pac dataOffset="119948" fileName="S00_M09A.PAC.256.pac" size="11320" tableOffset="256"><lzss dataOffset="128" fileName="S00_M09A.PAC.256.pac.0.lzss" size="4310" tableOffset="0" uncompressedSize="9012" /><lzss dataOffset="4440" fileName="S00_M09A.PAC.256.pac.16.lzss" size="1609" tableOffset="16" uncompressedSize="5292" /><lzss dataOffset="6052" fileName="S00_M09A.PAC.256.pac.64.lzss" size="5266" tableOffset="64" uncompressedSize="33312" /></pac></source>