<source fileName="S00_M07A.PAC" size="126784" tableOffset="0"><lzss dataOffset="384" fileName="S00_M07A.PAC.40.lzss" size="4711" tableOffset="40" uncompressedSize="11120" /><lzss dataOffset="5096" fileName="S00_M07A.PAC.128.lzss" size="30306" tableOffset="128" uncompressedSize="61664" /><lzss dataOffset="35404" fileName="S00_M07A.PAC.136.lzss" size="37335" tableOffset="136" uncompressedSize="127048" /><lzss dataOffset="72740" fileName="S00_M07A.PAC.144.lzss" size="59" tableOffset="144" uncompressedSize="112" /><lzss dataOffset="72800" fileName="S00_M07A.PAC.152.lzss" size="195" tableOffset="152" uncompressedSize="364" /><lzss dataOffset="72996" fileName="S00_M07A.PAC.160.lzss" size="4779" tableOffset="160" uncompressedSize="33312" /><lzss dataOffset="77776" fileName="S00_M07A.PAC.168.lzss" size="7478" tableOffset="168" uncompressedSize="33312" /><lzss dataOffset="85256" fileName="S00_M07A.PAC.176.lzss" size="15185" tableOffset="176" uncompressedSize="33312" /><lzss dataOffset="100444" fileName="S00_M07A.PAC.184.lzss" size="4915" tableOffset="184" uncompressedSize="33312" /><lzss dataOffset="105360" fileName="S00_M07A.PAC.192.lzss" size="8564" tableOffset="192" uncompressedSize="66080" /><lzss dataOffset="113924" fileName="S00_M07A.PAC.200.lzss" size="577" tableOffset="200" uncompressedSize="2652" /><lzss dataOffset="114504" fileName="S00_M07A.PAC.224.lzss" size="390" tableOffset="224" uncompressedSize="1472" /><lzss dataOffset="114896" fileName="S00_M07A.PAC.232.lzss" size="568" tableOffset="232" uncompressedSize="888" /><pac dataOffset="115464" fileName="S00_M07A.PAC.256.pac" size="11320" tableOffset="256"><lzss dataOffset="128" fileName="S00_M07A.PAC.256.pac.0.lzss" size="4310" tableOffset="0" uncompressedSize="9012" /><lzss dataOffset="4440" fileName="S00_M07A.PAC.256.pac.16.lzss" size="1609" tableOffset="16" uncompressedSize="5292" /><lzss dataOffset="6052" fileName="S00_M07A.PAC.256.pac.64.lzss" size="5266" tableOffset="64" uncompressedSize="33312" /></pac></source>