<source fileName="S00_M01B.PAC" size="101260" tableOffset="0"><lzss dataOffset="384" fileName="S00_M01B.PAC.40.lzss" size="4711" tableOffset="40" uncompressedSize="11120" /><lzss dataOffset="5096" fileName="S00_M01B.PAC.128.lzss" size="36825" tableOffset="128" uncompressedSize="70724" /><lzss dataOffset="41924" fileName="S00_M01B.PAC.136.lzss" size="36938" tableOffset="136" uncompressedSize="128076" /><lzss dataOffset="78864" fileName="S00_M01B.PAC.144.lzss" size="61" tableOffset="144" uncompressedSize="112" /><lzss dataOffset="78928" fileName="S00_M01B.PAC.152.lzss" size="132" tableOffset="152" uncompressedSize="280" /><lzss dataOffset="79060" fileName="S00_M01B.PAC.160.lzss" size="4820" tableOffset="160" uncompressedSize="33312" /><lzss dataOffset="83880" fileName="S00_M01B.PAC.168.lzss" size="4741" tableOffset="168" uncompressedSize="33312" /><lzss dataOffset="88624" fileName="S00_M01B.PAC.200.lzss" size="577" tableOffset="200" uncompressedSize="2652" /><lzss dataOffset="89204" fileName="S00_M01B.PAC.224.lzss" size="245" tableOffset="224" uncompressedSize="680" /><lzss dataOffset="89452" fileName="S00_M01B.PAC.232.lzss" size="487" tableOffset="232" uncompressedSize="780" /><pac dataOffset="89940" fileName="S00_M01B.PAC.256.pac" size="11320" tableOffset="256"><lzss dataOffset="128" fileName="S00_M01B.PAC.256.pac.0.lzss" size="4310" tableOffset="0" uncompressedSize="9012" /><lzss dataOffset="4440" fileName="S00_M01B.PAC.256.pac.16.lzss" size="1609" tableOffset="16" uncompressedSize="5292" /><lzss dataOffset="6052" fileName="S00_M01B.PAC.256.pac.64.lzss" size="5266" tableOffset="64" uncompressedSize="33312" /></pac></source>