<source fileName="S00_M04C.PAC" size="92980" tableOffset="0"><lzss dataOffset="384" fileName="S00_M04C.PAC.40.lzss" size="4711" tableOffset="40" uncompressedSize="11120" /><lzss dataOffset="5096" fileName="S00_M04C.PAC.128.lzss" size="32630" tableOffset="128" uncompressedSize="75868" /><lzss dataOffset="37728" fileName="S00_M04C.PAC.136.lzss" size="33992" tableOffset="136" uncompressedSize="127020" /><lzss dataOffset="71720" fileName="S00_M04C.PAC.144.lzss" size="50" tableOffset="144" uncompressedSize="112" /><lzss dataOffset="71772" fileName="S00_M04C.PAC.152.lzss" size="107" tableOffset="152" uncompressedSize="248" /><lzss dataOffset="71880" fileName="S00_M04C.PAC.160.lzss" size="4641" tableOffset="160" uncompressedSize="33312" /><lzss dataOffset="76524" fileName="S00_M04C.PAC.168.lzss" size="4069" tableOffset="168" uncompressedSize="33312" /><lzss dataOffset="80596" fileName="S00_M04C.PAC.200.lzss" size="577" tableOffset="200" uncompressedSize="2652" /><lzss dataOffset="81176" fileName="S00_M04C.PAC.224.lzss" size="216" tableOffset="224" uncompressedSize="520" /><lzss dataOffset="81392" fileName="S00_M04C.PAC.232.lzss" size="267" tableOffset="232" uncompressedSize="472" /><pac dataOffset="81660" fileName="S00_M04C.PAC.256.pac" size="11320" tableOffset="256"><lzss dataOffset="128" fileName="S00_M04C.PAC.256.pac.0.lzss" size="4310" tableOffset="0" uncompressedSize="9012" /><lzss dataOffset="4440" fileName="S00_M04C.PAC.256.pac.16.lzss" size="1609" tableOffset="16" uncompressedSize="5292" /><lzss dataOffset="6052" fileName="S00_M04C.PAC.256.pac.64.lzss" size="5266" tableOffset="64" uncompressedSize="33312" /></pac></source>