<source fileName="S00_M08A.PAC" size="130736" tableOffset="0"><lzss dataOffset="384" fileName="S00_M08A.PAC.40.lzss" size="4711" tableOffset="40" uncompressedSize="11120" /><lzss dataOffset="5096" fileName="S00_M08A.PAC.128.lzss" size="26188" tableOffset="128" uncompressedSize="64116" /><lzss dataOffset="31284" fileName="S00_M08A.PAC.136.lzss" size="36734" tableOffset="136" uncompressedSize="126996" /><lzss dataOffset="68020" fileName="S00_M08A.PAC.144.lzss" size="65" tableOffset="144" uncompressedSize="192" /><lzss dataOffset="68088" fileName="S00_M08A.PAC.152.lzss" size="222" tableOffset="152" uncompressedSize="444" /><lzss dataOffset="68312" fileName="S00_M08A.PAC.160.lzss" size="11851" tableOffset="160" uncompressedSize="33312" /><lzss dataOffset="80164" fileName="S00_M08A.PAC.168.lzss" size="12964" tableOffset="168" uncompressedSize="33312" /><lzss dataOffset="93128" fileName="S00_M08A.PAC.176.lzss" size="7955" tableOffset="176" uncompressedSize="33312" /><lzss dataOffset="101084" fileName="S00_M08A.PAC.184.lzss" size="8738" tableOffset="184" uncompressedSize="33312" /><lzss dataOffset="109824" fileName="S00_M08A.PAC.192.lzss" size="8564" tableOffset="192" uncompressedSize="66080" /><lzss dataOffset="118388" fileName="S00_M08A.PAC.200.lzss" size="577" tableOffset="200" uncompressedSize="2652" /><lzss dataOffset="118968" fileName="S00_M08A.PAC.224.lzss" size="204" tableOffset="224" uncompressedSize="444" /><lzss dataOffset="119172" fileName="S00_M08A.PAC.232.lzss" size="244" tableOffset="232" uncompressedSize="440" /><pac dataOffset="119416" fileName="S00_M08A.PAC.256.pac" size="11320" tableOffset="256"><lzss dataOffset="128" fileName="S00_M08A.PAC.256.pac.0.lzss" size="4310" tableOffset="0" uncompressedSize="9012" /><lzss dataOffset="4440" fileName="S00_M08A.PAC.256.pac.16.lzss" size="1609" tableOffset="16" uncompressedSize="5292" /><lzss dataOffset="6052" fileName="S00_M08A.PAC.256.pac.64.lzss" size="5266" tableOffset="64" uncompressedSize="33312" /></pac></source>