<source fileName="S00_M11A.PAC" size="129204" tableOffset="0"><lzss dataOffset="384" fileName="S00_M11A.PAC.40.lzss" size="4711" tableOffset="40" uncompressedSize="11120" /><lzss dataOffset="5096" fileName="S00_M11A.PAC.128.lzss" size="28988" tableOffset="128" uncompressedSize="72152" /><lzss dataOffset="34084" fileName="S00_M11A.PAC.136.lzss" size="37711" tableOffset="136" uncompressedSize="127348" /><lzss dataOffset="71796" fileName="S00_M11A.PAC.144.lzss" size="78" tableOffset="144" uncompressedSize="144" /><lzss dataOffset="71876" fileName="S00_M11A.PAC.152.lzss" size="153" tableOffset="152" uncompressedSize="288" /><lzss dataOffset="72032" fileName="S00_M11A.PAC.160.lzss" size="7512" tableOffset="160" uncompressedSize="33312" /><lzss dataOffset="79544" fileName="S00_M11A.PAC.168.lzss" size="9283" tableOffset="168" uncompressedSize="33312" /><lzss dataOffset="88828" fileName="S00_M11A.PAC.176.lzss" size="7930" tableOffset="176" uncompressedSize="33312" /><lzss dataOffset="96760" fileName="S00_M11A.PAC.184.lzss" size="11564" tableOffset="184" uncompressedSize="33312" /><lzss dataOffset="108324" fileName="S00_M11A.PAC.192.lzss" size="8564" tableOffset="192" uncompressedSize="66080" /><lzss dataOffset="116888" fileName="S00_M11A.PAC.200.lzss" size="577" tableOffset="200" uncompressedSize="2652" /><lzss dataOffset="117468" fileName="S00_M11A.PAC.224.lzss" size="231" tableOffset="224" uncompressedSize="596" /><lzss dataOffset="117700" fileName="S00_M11A.PAC.232.lzss" size="184" tableOffset="232" uncompressedSize="284" /><pac dataOffset="117884" fileName="S00_M11A.PAC.256.pac" size="11320" tableOffset="256"><lzss dataOffset="128" fileName="S00_M11A.PAC.256.pac.0.lzss" size="4310" tableOffset="0" uncompressedSize="9012" /><lzss dataOffset="4440" fileName="S00_M11A.PAC.256.pac.16.lzss" size="1609" tableOffset="16" uncompressedSize="5292" /><lzss dataOffset="6052" fileName="S00_M11A.PAC.256.pac.64.lzss" size="5266" tableOffset="64" uncompressedSize="33312" /></pac></source>