<source fileName="S00_M00B.PAC" size="89416" tableOffset="0"><lzss dataOffset="384" fileName="S00_M00B.PAC.40.lzss" size="4711" tableOffset="40" uncompressedSize="11120" /><lzss dataOffset="5096" fileName="S00_M00B.PAC.128.lzss" size="21333" tableOffset="128" uncompressedSize="41496" /><lzss dataOffset="26432" fileName="S00_M00B.PAC.136.lzss" size="36127" tableOffset="136" uncompressedSize="127604" /><lzss dataOffset="62560" fileName="S00_M00B.PAC.144.lzss" size="92" tableOffset="144" uncompressedSize="112" /><lzss dataOffset="62652" fileName="S00_M00B.PAC.152.lzss" size="188" tableOffset="152" uncompressedSize="424" /><lzss dataOffset="62840" fileName="S00_M00B.PAC.160.lzss" size="8293" tableOffset="160" uncompressedSize="33312" /><lzss dataOffset="71136" fileName="S00_M00B.PAC.168.lzss" size="5571" tableOffset="168" uncompressedSize="33312" /><lzss dataOffset="76708" fileName="S00_M00B.PAC.200.lzss" size="577" tableOffset="200" uncompressedSize="2652" /><lzss dataOffset="77288" fileName="S00_M00B.PAC.224.lzss" size="187" tableOffset="224" uncompressedSize="380" /><lzss dataOffset="77476" fileName="S00_M00B.PAC.232.lzss" size="617" tableOffset="232" uncompressedSize="1004" /><pac dataOffset="78096" fileName="S00_M00B.PAC.256.pac" size="11320" tableOffset="256"><lzss dataOffset="128" fileName="S00_M00B.PAC.256.pac.0.lzss" size="4310" tableOffset="0" uncompressedSize="9012" /><lzss dataOffset="4440" fileName="S00_M00B.PAC.256.pac.16.lzss" size="1609" tableOffset="16" uncompressedSize="5292" /><lzss dataOffset="6052" fileName="S00_M00B.PAC.256.pac.64.lzss" size="5266" tableOffset="64" uncompressedSize="33312" /></pac></source>