<source fileName="S00_M05A.PAC" size="129184" tableOffset="0"><lzss dataOffset="384" fileName="S00_M05A.PAC.40.lzss" size="4711" tableOffset="40" uncompressedSize="11120" /><lzss dataOffset="5096" fileName="S00_M05A.PAC.128.lzss" size="32633" tableOffset="128" uncompressedSize="79220" /><lzss dataOffset="37732" fileName="S00_M05A.PAC.136.lzss" size="39717" tableOffset="136" uncompressedSize="129924" /><lzss dataOffset="77452" fileName="S00_M05A.PAC.144.lzss" size="114" tableOffset="144" uncompressedSize="192" /><lzss dataOffset="77568" fileName="S00_M05A.PAC.152.lzss" size="149" tableOffset="152" uncompressedSize="284" /><lzss dataOffset="77720" fileName="S00_M05A.PAC.160.lzss" size="14977" tableOffset="160" uncompressedSize="33312" /><lzss dataOffset="92700" fileName="S00_M05A.PAC.168.lzss" size="6506" tableOffset="168" uncompressedSize="33312" /><lzss dataOffset="99208" fileName="S00_M05A.PAC.176.lzss" size="7507" tableOffset="176" uncompressedSize="33312" /><lzss dataOffset="106716" fileName="S00_M05A.PAC.184.lzss" size="3765" tableOffset="184" uncompressedSize="33312" /><lzss dataOffset="110484" fileName="S00_M05A.PAC.192.lzss" size="6322" tableOffset="192" uncompressedSize="66080" /><lzss dataOffset="116808" fileName="S00_M05A.PAC.200.lzss" size="577" tableOffset="200" uncompressedSize="2652" /><lzss dataOffset="117388" fileName="S00_M05A.PAC.224.lzss" size="204" tableOffset="224" uncompressedSize="444" /><lzss dataOffset="117592" fileName="S00_M05A.PAC.232.lzss" size="272" tableOffset="232" uncompressedSize="472" /><pac dataOffset="117864" fileName="S00_M05A.PAC.256.pac" size="11320" tableOffset="256"><lzss dataOffset="128" fileName="S00_M05A.PAC.256.pac.0.lzss" size="4310" tableOffset="0" uncompressedSize="9012" /><lzss dataOffset="4440" fileName="S00_M05A.PAC.256.pac.16.lzss" size="1609" tableOffset="16" uncompressedSize="5292" /><lzss dataOffset="6052" fileName="S00_M05A.PAC.256.pac.64.lzss" size="5266" tableOffset="64" uncompressedSize="33312" /></pac></source>