<source fileName="S00_M02A.PAC" size="109216" tableOffset="0"><lzss dataOffset="384" fileName="S00_M02A.PAC.40.lzss" size="4711" tableOffset="40" uncompressedSize="11120" /><lzss dataOffset="5096" fileName="S00_M02A.PAC.128.lzss" size="24610" tableOffset="128" uncompressedSize="62160" /><lzss dataOffset="29708" fileName="S00_M02A.PAC.136.lzss" size="22606" tableOffset="136" uncompressedSize="72376" /><lzss dataOffset="52316" fileName="S00_M02A.PAC.144.lzss" size="61" tableOffset="144" uncompressedSize="84" /><lzss dataOffset="52380" fileName="S00_M02A.PAC.152.lzss" size="371" tableOffset="152" uncompressedSize="1176" /><lzss dataOffset="52752" fileName="S00_M02A.PAC.160.lzss" size="17483" tableOffset="160" uncompressedSize="33312" /><lzss dataOffset="70236" fileName="S00_M02A.PAC.168.lzss" size="7949" tableOffset="168" uncompressedSize="33312" /><lzss dataOffset="78188" fileName="S00_M02A.PAC.176.lzss" size="4384" tableOffset="176" uncompressedSize="33312" /><lzss dataOffset="82572" fileName="S00_M02A.PAC.184.lzss" size="7173" tableOffset="184" uncompressedSize="33312" /><lzss dataOffset="89748" fileName="S00_M02A.PAC.192.lzss" size="6322" tableOffset="192" uncompressedSize="66080" /><lzss dataOffset="96072" fileName="S00_M02A.PAC.200.lzss" size="577" tableOffset="200" uncompressedSize="2652" /><lzss dataOffset="96652" fileName="S00_M02A.PAC.224.lzss" size="437" tableOffset="224" uncompressedSize="1600" /><lzss dataOffset="97092" fileName="S00_M02A.PAC.232.lzss" size="804" tableOffset="232" uncompressedSize="1408" /><pac dataOffset="97896" fileName="S00_M02A.PAC.256.pac" size="11320" tableOffset="256"><lzss dataOffset="128" fileName="S00_M02A.PAC.256.pac.0.lzss" size="4310" tableOffset="0" uncompressedSize="9012" /><lzss dataOffset="4440" fileName="S00_M02A.PAC.256.pac.16.lzss" size="1609" tableOffset="16" uncompressedSize="5292" /><lzss dataOffset="6052" fileName="S00_M02A.PAC.256.pac.64.lzss" size="5266" tableOffset="64" uncompressedSize="33312" /></pac></source>