<source fileName="S00_M06C.PAC" size="133664" tableOffset="0"><lzss dataOffset="384" fileName="S00_M06C.PAC.40.lzss" size="4711" tableOffset="40" uncompressedSize="11120" /><lzss dataOffset="5096" fileName="S00_M06C.PAC.128.lzss" size="22990" tableOffset="128" uncompressedSize="67672" /><lzss dataOffset="28088" fileName="S00_M06C.PAC.136.lzss" size="42324" tableOffset="136" uncompressedSize="127552" /><lzss dataOffset="70412" fileName="S00_M06C.PAC.144.lzss" size="93" tableOffset="144" uncompressedSize="112" /><lzss dataOffset="70508" fileName="S00_M06C.PAC.152.lzss" size="115" tableOffset="152" uncompressedSize="248" /><lzss dataOffset="70624" fileName="S00_M06C.PAC.160.lzss" size="14709" tableOffset="160" uncompressedSize="33312" /><lzss dataOffset="85336" fileName="S00_M06C.PAC.168.lzss" size="9014" tableOffset="168" uncompressedSize="33312" /><lzss dataOffset="94352" fileName="S00_M06C.PAC.176.lzss" size="11299" tableOffset="176" uncompressedSize="33312" /><lzss dataOffset="105652" fileName="S00_M06C.PAC.184.lzss" size="8080" tableOffset="184" uncompressedSize="33312" /><lzss dataOffset="113732" fileName="S00_M06C.PAC.192.lzss" size="7616" tableOffset="192" uncompressedSize="66080" /><lzss dataOffset="121348" fileName="S00_M06C.PAC.200.lzss" size="577" tableOffset="200" uncompressedSize="2652" /><lzss dataOffset="121928" fileName="S00_M06C.PAC.224.lzss" size="231" tableOffset="224" uncompressedSize="596" /><lzss dataOffset="122160" fileName="S00_M06C.PAC.232.lzss" size="184" tableOffset="232" uncompressedSize="284" /><pac dataOffset="122344" fileName="S00_M06C.PAC.256.pac" size="11320" tableOffset="256"><lzss dataOffset="128" fileName="S00_M06C.PAC.256.pac.0.lzss" size="4310" tableOffset="0" uncompressedSize="9012" /><lzss dataOffset="4440" fileName="S00_M06C.PAC.256.pac.16.lzss" size="1609" tableOffset="16" uncompressedSize="5292" /><lzss dataOffset="6052" fileName="S00_M06C.PAC.256.pac.64.lzss" size="5266" tableOffset="64" uncompressedSize="33312" /></pac></source>