<source fileName="S00_A.PAC" size="163296" tableOffset="0"><lzss dataOffset="384" fileName="S00_A.PAC.40.lzss" size="4711" tableOffset="40" uncompressedSize="11120" /><lzss dataOffset="5096" fileName="S00_A.PAC.128.lzss" size="35831" tableOffset="128" uncompressedSize="73336" /><lzss dataOffset="40928" fileName="S00_A.PAC.136.lzss" size="44680" tableOffset="136" uncompressedSize="128008" /><lzss dataOffset="85608" fileName="S00_A.PAC.144.lzss" size="61" tableOffset="144" uncompressedSize="112" /><lzss dataOffset="85672" fileName="S00_A.PAC.152.lzss" size="171" tableOffset="152" uncompressedSize="360" /><lzss dataOffset="85844" fileName="S00_A.PAC.160.lzss" size="15125" tableOffset="160" uncompressedSize="33312" /><lzss dataOffset="100972" fileName="S00_A.PAC.168.lzss" size="12785" tableOffset="168" uncompressedSize="33312" /><lzss dataOffset="113760" fileName="S00_A.PAC.176.lzss" size="13839" tableOffset="176" uncompressedSize="33312" /><lzss dataOffset="127600" fileName="S00_A.PAC.192.lzss" size="9482" tableOffset="192" uncompressedSize="66080" /><lzss dataOffset="137084" fileName="S00_A.PAC.200.lzss" size="577" tableOffset="200" uncompressedSize="2652" /><lzss dataOffset="137664" fileName="S00_A.PAC.208.lzss" size="506" tableOffset="208" uncompressedSize="1016" /><lzss dataOffset="138172" fileName="S00_A.PAC.224.lzss" size="924" tableOffset="224" uncompressedSize="2640" /><lzss dataOffset="139096" fileName="S00_A.PAC.232.lzss" size="40" tableOffset="232" uncompressedSize="32" /><pac dataOffset="139136" fileName="S00_A.PAC.256.pac" size="11320" tableOffset="256"><lzss dataOffset="128" fileName="S00_A.PAC.256.pac.0.lzss" size="4310" tableOffset="0" uncompressedSize="9012" /><lzss dataOffset="4440" fileName="S00_A.PAC.256.pac.16.lzss" size="1609" tableOffset="16" uncompressedSize="5292" /><lzss dataOffset="6052" fileName="S00_A.PAC.256.pac.64.lzss" size="5266" tableOffset="64" uncompressedSize="33312" /></pac><pac dataOffset="150456" fileName="S00_A.PAC.264.pac" size="7904" tableOffset="264"><lzss dataOffset="128" fileName="S00_A.PAC.264.pac.0.lzss" size="1399" tableOffset="0" uncompressedSize="2788" /><lzss dataOffset="1528" fileName="S00_A.PAC.264.pac.16.lzss" size="448" tableOffset="16" uncompressedSize="820" /><lzss dataOffset="1976" fileName="S00_A.PAC.264.pac.64.lzss" size="5928" tableOffset="64" uncompressedSize="33312" /></pac><pac dataOffset="158360" fileName="S00_A.PAC.368.pac" size="4936" tableOffset="368"><lzss dataOffset="128" fileName="S00_A.PAC.368.pac.0.lzss" size="1480" tableOffset="0" uncompressedSize="3992" /><lzss dataOffset="1608" fileName="S00_A.PAC.368.pac.16.lzss" size="280" tableOffset="16" uncompressedSize="572" /><lzss dataOffset="1888" fileName="S00_A.PAC.368.pac.64.lzss" size="3045" tableOffset="64" uncompressedSize="33312" /></pac></source>