<source fileName="S00_M08B.PAC" size="92288" tableOffset="0"><lzss dataOffset="384" fileName="S00_M08B.PAC.40.lzss" size="4711" tableOffset="40" uncompressedSize="11120" /><lzss dataOffset="5096" fileName="S00_M08B.PAC.128.lzss" size="26400" tableOffset="128" uncompressedSize="63132" /><lzss dataOffset="31496" fileName="S00_M08B.PAC.136.lzss" size="36209" tableOffset="136" uncompressedSize="127044" /><lzss dataOffset="67708" fileName="S00_M08B.PAC.144.lzss" size="59" tableOffset="144" uncompressedSize="112" /><lzss dataOffset="67768" fileName="S00_M08B.PAC.152.lzss" size="100" tableOffset="152" uncompressedSize="248" /><lzss dataOffset="67868" fileName="S00_M08B.PAC.160.lzss" size="5424" tableOffset="160" uncompressedSize="33312" /><lzss dataOffset="73292" fileName="S00_M08B.PAC.168.lzss" size="6850" tableOffset="168" uncompressedSize="33312" /><lzss dataOffset="80144" fileName="S00_M08B.PAC.200.lzss" size="577" tableOffset="200" uncompressedSize="2652" /><lzss dataOffset="80724" fileName="S00_M08B.PAC.224.lzss" size="22" tableOffset="224" uncompressedSize="20" /><lzss dataOffset="80748" fileName="S00_M08B.PAC.232.lzss" size="220" tableOffset="232" uncompressedSize="400" /><pac dataOffset="80968" fileName="S00_M08B.PAC.256.pac" size="11320" tableOffset="256"><lzss dataOffset="128" fileName="S00_M08B.PAC.256.pac.0.lzss" size="4310" tableOffset="0" uncompressedSize="9012" /><lzss dataOffset="4440" fileName="S00_M08B.PAC.256.pac.16.lzss" size="1609" tableOffset="16" uncompressedSize="5292" /><lzss dataOffset="6052" fileName="S00_M08B.PAC.256.pac.64.lzss" size="5266" tableOffset="64" uncompressedSize="33312" /></pac></source>