<source fileName="S00_M02C.PAC" size="104552" tableOffset="0"><lzss dataOffset="384" fileName="S00_M02C.PAC.40.lzss" size="4711" tableOffset="40" uncompressedSize="11120" /><lzss dataOffset="5096" fileName="S00_M02C.PAC.128.lzss" size="31688" tableOffset="128" uncompressedSize="76652" /><lzss dataOffset="36784" fileName="S00_M02C.PAC.136.lzss" size="36362" tableOffset="136" uncompressedSize="127912" /><lzss dataOffset="73148" fileName="S00_M02C.PAC.144.lzss" size="60" tableOffset="144" uncompressedSize="112" /><lzss dataOffset="73208" fileName="S00_M02C.PAC.152.lzss" size="167" tableOffset="152" uncompressedSize="356" /><lzss dataOffset="73376" fileName="S00_M02C.PAC.160.lzss" size="6535" tableOffset="160" uncompressedSize="33312" /><lzss dataOffset="79912" fileName="S00_M02C.PAC.168.lzss" size="5032" tableOffset="168" uncompressedSize="33312" /><lzss dataOffset="84944" fileName="S00_M02C.PAC.176.lzss" size="4756" tableOffset="176" uncompressedSize="33312" /><lzss dataOffset="89700" fileName="S00_M02C.PAC.184.lzss" size="2124" tableOffset="184" uncompressedSize="33312" /><lzss dataOffset="91824" fileName="S00_M02C.PAC.200.lzss" size="577" tableOffset="200" uncompressedSize="2652" /><lzss dataOffset="92404" fileName="S00_M02C.PAC.224.lzss" size="395" tableOffset="224" uncompressedSize="1344" /><lzss dataOffset="92800" fileName="S00_M02C.PAC.232.lzss" size="431" tableOffset="232" uncompressedSize="660" /><pac dataOffset="93232" fileName="S00_M02C.PAC.256.pac" size="11320" tableOffset="256"><lzss dataOffset="128" fileName="S00_M02C.PAC.256.pac.0.lzss" size="4310" tableOffset="0" uncompressedSize="9012" /><lzss dataOffset="4440" fileName="S00_M02C.PAC.256.pac.16.lzss" size="1609" tableOffset="16" uncompressedSize="5292" /><lzss dataOffset="6052" fileName="S00_M02C.PAC.256.pac.64.lzss" size="5266" tableOffset="64" uncompressedSize="33312" /></pac></source>