<source fileName="S00_M10A.PAC" size="143240" tableOffset="0"><lzss dataOffset="384" fileName="S00_M10A.PAC.40.lzss" size="4711" tableOffset="40" uncompressedSize="11120" /><lzss dataOffset="5096" fileName="S00_M10A.PAC.128.lzss" size="40000" tableOffset="128" uncompressedSize="82812" /><lzss dataOffset="45096" fileName="S00_M10A.PAC.136.lzss" size="37470" tableOffset="136" uncompressedSize="127048" /><lzss dataOffset="82568" fileName="S00_M10A.PAC.144.lzss" size="70" tableOffset="144" uncompressedSize="144" /><lzss dataOffset="82640" fileName="S00_M10A.PAC.152.lzss" size="213" tableOffset="152" uncompressedSize="444" /><lzss dataOffset="82856" fileName="S00_M10A.PAC.160.lzss" size="9327" tableOffset="160" uncompressedSize="33312" /><lzss dataOffset="92184" fileName="S00_M10A.PAC.168.lzss" size="13757" tableOffset="168" uncompressedSize="33312" /><lzss dataOffset="105944" fileName="S00_M10A.PAC.176.lzss" size="7481" tableOffset="176" uncompressedSize="33312" /><lzss dataOffset="113428" fileName="S00_M10A.PAC.184.lzss" size="8902" tableOffset="184" uncompressedSize="33312" /><lzss dataOffset="122332" fileName="S00_M10A.PAC.192.lzss" size="8564" tableOffset="192" uncompressedSize="66080" /><lzss dataOffset="130896" fileName="S00_M10A.PAC.200.lzss" size="577" tableOffset="200" uncompressedSize="2652" /><lzss dataOffset="131476" fileName="S00_M10A.PAC.224.lzss" size="201" tableOffset="224" uncompressedSize="444" /><lzss dataOffset="131680" fileName="S00_M10A.PAC.232.lzss" size="239" tableOffset="232" uncompressedSize="436" /><pac dataOffset="131920" fileName="S00_M10A.PAC.256.pac" size="11320" tableOffset="256"><lzss dataOffset="128" fileName="S00_M10A.PAC.256.pac.0.lzss" size="4310" tableOffset="0" uncompressedSize="9012" /><lzss dataOffset="4440" fileName="S00_M10A.PAC.256.pac.16.lzss" size="1609" tableOffset="16" uncompressedSize="5292" /><lzss dataOffset="6052" fileName="S00_M10A.PAC.256.pac.64.lzss" size="5266" tableOffset="64" uncompressedSize="33312" /></pac></source>