<source fileName="S01_M00E.PAC" size="175064" tableOffset="0"><lzss dataOffset="384" fileName="S01_M00E.PAC.40.lzss" size="4711" tableOffset="40" uncompressedSize="11120" /><lzss dataOffset="5096" fileName="S01_M00E.PAC.128.lzss" size="31887" tableOffset="128" uncompressedSize="56876" /><lzss dataOffset="36984" fileName="S01_M00E.PAC.136.lzss" size="38947" tableOffset="136" uncompressedSize="128596" /><lzss dataOffset="75932" fileName="S01_M00E.PAC.144.lzss" size="118" tableOffset="144" uncompressedSize="192" /><lzss dataOffset="76052" fileName="S01_M00E.PAC.152.lzss" size="733" tableOffset="152" uncompressedSize="2174" /><lzss dataOffset="76788" fileName="S01_M00E.PAC.160.lzss" size="18028" tableOffset="160" uncompressedSize="33312" /><lzss dataOffset="94816" fileName="S01_M00E.PAC.168.lzss" size="8869" tableOffset="168" uncompressedSize="33312" /><lzss dataOffset="103688" fileName="S01_M00E.PAC.176.lzss" size="8205" tableOffset="176" uncompressedSize="33312" /><lzss dataOffset="111896" fileName="S01_M00E.PAC.184.lzss" size="8455" tableOffset="184" uncompressedSize="33312" /><lzss dataOffset="120352" fileName="S01_M00E.PAC.192.lzss" size="6322" tableOffset="192" uncompressedSize="66080" /><lzss dataOffset="126676" fileName="S01_M00E.PAC.200.lzss" size="577" tableOffset="200" uncompressedSize="2652" /><lzss dataOffset="127256" fileName="S01_M00E.PAC.224.lzss" size="3857" tableOffset="224" uncompressedSize="15602" /><lzss dataOffset="131116" fileName="S01_M00E.PAC.232.lzss" size="3924" tableOffset="232" uncompressedSize="8764" /><pac dataOffset="135040" fileName="S01_M00E.PAC.256.pac" size="11320" tableOffset="256"><lzss dataOffset="128" fileName="S01_M00E.PAC.256.pac.0.lzss" size="4310" tableOffset="0" uncompressedSize="9012" /><lzss dataOffset="4440" fileName="S01_M00E.PAC.256.pac.16.lzss" size="1609" tableOffset="16" uncompressedSize="5292" /><lzss dataOffset="6052" fileName="S01_M00E.PAC.256.pac.64.lzss" size="5266" tableOffset="64" uncompressedSize="33312" /></pac><pac dataOffset="146360" fileName="S01_M00E.PAC.264.pac" size="14816" tableOffset="264"><lzss dataOffset="128" fileName="S01_M00E.PAC.264.pac.0.lzss" size="5030" tableOffset="0" uncompressedSize="9396" /><lzss dataOffset="5160" fileName="S01_M00E.PAC.264.pac.16.lzss" size="3164" tableOffset="16" uncompressedSize="8246" /><lzss dataOffset="8324" fileName="S01_M00E.PAC.264.pac.64.lzss" size="6491" tableOffset="64" uncompressedSize="33312" /></pac><pac dataOffset="161176" fileName="S01_M00E.PAC.272.pac" size="8628" tableOffset="272"><lzss dataOffset="128" fileName="S01_M00E.PAC.272.pac.0.lzss" size="2382" tableOffset="0" uncompressedSize="4792" /><lzss dataOffset="2512" fileName="S01_M00E.PAC.272.pac.16.lzss" size="690" tableOffset="16" uncompressedSize="1266" /><lzss dataOffset="3204" fileName="S01_M00E.PAC.272.pac.64.lzss" size="5422" tableOffset="64" uncompressedSize="33312" /></pac><pac dataOffset="169804" fileName="S01_M00E.PAC.280.pac" size="480" tableOffset="280"><lzss dataOffset="128" fileName="S01_M00E.PAC.280.pac.16.lzss" size="351" tableOffset="16" uncompressedSize="706" /></pac><pac dataOffset="170284" fileName="S01_M00E.PAC.288.pac" size="4780" tableOffset="288"><lzss dataOffset="128" fileName="S01_M00E.PAC.288.pac.0.lzss" size="1150" tableOffset="0" uncompressedSize="3916" /><lzss dataOffset="1280" fileName="S01_M00E.PAC.288.pac.16.lzss" size="268" tableOffset="16" uncompressedSize="540" /><lzss dataOffset="1548" fileName="S01_M00E.PAC.288.pac.64.lzss" size="3230" tableOffset="64" uncompressedSize="33312" /></pac></source>