<source fileName="S01_M01A.PAC" size="149740" tableOffset="0"><lzss dataOffset="384" fileName="S01_M01A.PAC.40.lzss" size="4711" tableOffset="40" uncompressedSize="11120" /><lzss dataOffset="5096" fileName="S01_M01A.PAC.128.lzss" size="24714" tableOffset="128" uncompressedSize="59528" /><lzss dataOffset="29812" fileName="S01_M01A.PAC.136.lzss" size="9262" tableOffset="136" uncompressedSize="32680" /><lzss dataOffset="39076" fileName="S01_M01A.PAC.144.lzss" size="68" tableOffset="144" uncompressedSize="96" /><lzss dataOffset="39144" fileName="S01_M01A.PAC.152.lzss" size="492" tableOffset="152" uncompressedSize="1568" /><lzss dataOffset="39636" fileName="S01_M01A.PAC.160.lzss" size="13179" tableOffset="160" uncompressedSize="33312" /><lzss dataOffset="52816" fileName="S01_M01A.PAC.168.lzss" size="7068" tableOffset="168" uncompressedSize="33312" /><lzss dataOffset="59884" fileName="S01_M01A.PAC.176.lzss" size="4002" tableOffset="176" uncompressedSize="33312" /><lzss dataOffset="63888" fileName="S01_M01A.PAC.184.lzss" size="8004" tableOffset="184" uncompressedSize="33312" /><lzss dataOffset="71892" fileName="S01_M01A.PAC.192.lzss" size="6322" tableOffset="192" uncompressedSize="66080" /><lzss dataOffset="78216" fileName="S01_M01A.PAC.200.lzss" size="577" tableOffset="200" uncompressedSize="2652" /><lzss dataOffset="78796" fileName="S01_M01A.PAC.224.lzss" size="3094" tableOffset="224" uncompressedSize="12096" /><lzss dataOffset="81892" fileName="S01_M01A.PAC.232.lzss" size="3038" tableOffset="232" uncompressedSize="6240" /><pac dataOffset="84932" fileName="S01_M01A.PAC.256.pac" size="13808" tableOffset="256"><lzss dataOffset="128" fileName="S01_M01A.PAC.256.pac.0.lzss" size="5106" tableOffset="0" uncompressedSize="9916" /><lzss dataOffset="5236" fileName="S01_M01A.PAC.256.pac.16.lzss" size="2706" tableOffset="16" uncompressedSize="5782" /><lzss dataOffset="7944" fileName="S01_M01A.PAC.256.pac.64.lzss" size="5862" tableOffset="64" uncompressedSize="33312" /></pac><pac dataOffset="98740" fileName="S01_M01A.PAC.264.pac" size="12780" tableOffset="264"><lzss dataOffset="128" fileName="S01_M01A.PAC.264.pac.0.lzss" size="4876" tableOffset="0" uncompressedSize="9304" /><lzss dataOffset="5004" fileName="S01_M01A.PAC.264.pac.16.lzss" size="2078" tableOffset="16" uncompressedSize="5802" /><lzss dataOffset="7084" fileName="S01_M01A.PAC.264.pac.64.lzss" size="5696" tableOffset="64" uncompressedSize="33312" /></pac><pac dataOffset="111520" fileName="S01_M01A.PAC.272.pac" size="12964" tableOffset="272"><lzss dataOffset="128" fileName="S01_M01A.PAC.272.pac.0.lzss" size="4885" tableOffset="0" uncompressedSize="9192" /><lzss dataOffset="5016" fileName="S01_M01A.PAC.272.pac.16.lzss" size="2654" tableOffset="16" uncompressedSize="8162" /><lzss dataOffset="7672" fileName="S01_M01A.PAC.272.pac.64.lzss" size="5290" tableOffset="64" uncompressedSize="33312" /></pac><pac dataOffset="124484" fileName="S01_M01A.PAC.280.pac" size="13736" tableOffset="280"><lzss dataOffset="128" fileName="S01_M01A.PAC.280.pac.0.lzss" size="5158" tableOffset="0" uncompressedSize="10168" /><lzss dataOffset="5288" fileName="S01_M01A.PAC.280.pac.16.lzss" size="574" tableOffset="16" uncompressedSize="1324" /><lzss dataOffset="5864" fileName="S01_M01A.PAC.280.pac.64.lzss" size="7869" tableOffset="64" uncompressedSize="33312" /></pac><pac dataOffset="138220" fileName="S01_M01A.PAC.288.pac" size="11040" tableOffset="288"><lzss dataOffset="128" fileName="S01_M01A.PAC.288.pac.0.lzss" size="5451" tableOffset="0" uncompressedSize="10636" /><lzss dataOffset="5580" fileName="S01_M01A.PAC.288.pac.16.lzss" size="168" tableOffset="16" uncompressedSize="354" /><lzss dataOffset="5748" fileName="S01_M01A.PAC.288.pac.64.lzss" size="5289" tableOffset="64" uncompressedSize="33312" /></pac><pac dataOffset="149260" fileName="S01_M01A.PAC.296.pac" size="480" tableOffset="296"><lzss dataOffset="128" fileName="S01_M01A.PAC.296.pac.16.lzss" size="351" tableOffset="16" uncompressedSize="706" /></pac></source>