<source fileName="S01_M02B.PAC" size="134580" tableOffset="0"><lzss dataOffset="384" fileName="S01_M02B.PAC.40.lzss" size="4711" tableOffset="40" uncompressedSize="11120" /><lzss dataOffset="5096" fileName="S01_M02B.PAC.128.lzss" size="25758" tableOffset="128" uncompressedSize="57492" /><lzss dataOffset="30856" fileName="S01_M02B.PAC.136.lzss" size="36735" tableOffset="136" uncompressedSize="127140" /><lzss dataOffset="67592" fileName="S01_M02B.PAC.144.lzss" size="60" tableOffset="144" uncompressedSize="112" /><lzss dataOffset="67652" fileName="S01_M02B.PAC.152.lzss" size="395" tableOffset="152" uncompressedSize="1176" /><lzss dataOffset="68048" fileName="S01_M02B.PAC.160.lzss" size="8191" tableOffset="160" uncompressedSize="33312" /><lzss dataOffset="76240" fileName="S01_M02B.PAC.168.lzss" size="5007" tableOffset="168" uncompressedSize="33312" /><lzss dataOffset="81248" fileName="S01_M02B.PAC.176.lzss" size="4942" tableOffset="176" uncompressedSize="33312" /><lzss dataOffset="86192" fileName="S01_M02B.PAC.184.lzss" size="2124" tableOffset="184" uncompressedSize="33312" /><lzss dataOffset="88316" fileName="S01_M02B.PAC.200.lzss" size="577" tableOffset="200" uncompressedSize="2652" /><lzss dataOffset="88896" fileName="S01_M02B.PAC.224.lzss" size="2618" tableOffset="224" uncompressedSize="11678" /><lzss dataOffset="91516" fileName="S01_M02B.PAC.232.lzss" size="2161" tableOffset="232" uncompressedSize="4940" /><pac dataOffset="93680" fileName="S01_M02B.PAC.256.pac" size="14816" tableOffset="256"><lzss dataOffset="128" fileName="S01_M02B.PAC.256.pac.0.lzss" size="5030" tableOffset="0" uncompressedSize="9396" /><lzss dataOffset="5160" fileName="S01_M02B.PAC.256.pac.16.lzss" size="3164" tableOffset="16" uncompressedSize="8246" /><lzss dataOffset="8324" fileName="S01_M02B.PAC.256.pac.64.lzss" size="6491" tableOffset="64" uncompressedSize="33312" /></pac><pac dataOffset="108496" fileName="S01_M02B.PAC.264.pac" size="13540" tableOffset="264"><lzss dataOffset="128" fileName="S01_M02B.PAC.264.pac.0.lzss" size="5317" tableOffset="0" uncompressedSize="10004" /><lzss dataOffset="5448" fileName="S01_M02B.PAC.264.pac.16.lzss" size="1477" tableOffset="16" uncompressedSize="2958" /><lzss dataOffset="6928" fileName="S01_M02B.PAC.264.pac.64.lzss" size="6610" tableOffset="64" uncompressedSize="33312" /></pac><pac dataOffset="122036" fileName="S01_M02B.PAC.272.pac" size="12064" tableOffset="272"><lzss dataOffset="128" fileName="S01_M02B.PAC.272.pac.0.lzss" size="5189" tableOffset="0" uncompressedSize="9816" /><lzss dataOffset="5320" fileName="S01_M02B.PAC.272.pac.16.lzss" size="550" tableOffset="16" uncompressedSize="1494" /><lzss dataOffset="5872" fileName="S01_M02B.PAC.272.pac.64.lzss" size="6190" tableOffset="64" uncompressedSize="33312" /></pac><pac dataOffset="134100" fileName="S01_M02B.PAC.280.pac" size="480" tableOffset="280"><lzss dataOffset="128" fileName="S01_M02B.PAC.280.pac.16.lzss" size="351" tableOffset="16" uncompressedSize="706" /></pac></source>