<source fileName="S01_M00B.PAC" size="135712" tableOffset="0"><lzss dataOffset="384" fileName="S01_M00B.PAC.0.lzss" size="15582" tableOffset="0" uncompressedSize="61984" /><lzss dataOffset="15968" fileName="S01_M00B.PAC.8.lzss" size="3368" tableOffset="8" uncompressedSize="33312" /><lzss dataOffset="19336" fileName="S01_M00B.PAC.16.lzss" size="8471" tableOffset="16" uncompressedSize="33312" /><lzss dataOffset="27808" fileName="S01_M00B.PAC.40.lzss" size="4711" tableOffset="40" uncompressedSize="11120" /><lzss dataOffset="32520" fileName="S01_M00B.PAC.128.lzss" size="21333" tableOffset="128" uncompressedSize="41496" /><lzss dataOffset="53856" fileName="S01_M00B.PAC.136.lzss" size="36127" tableOffset="136" uncompressedSize="127604" /><lzss dataOffset="89984" fileName="S01_M00B.PAC.144.lzss" size="92" tableOffset="144" uncompressedSize="112" /><lzss dataOffset="90076" fileName="S01_M00B.PAC.152.lzss" size="278" tableOffset="152" uncompressedSize="748" /><lzss dataOffset="90356" fileName="S01_M00B.PAC.160.lzss" size="8293" tableOffset="160" uncompressedSize="33312" /><lzss dataOffset="98652" fileName="S01_M00B.PAC.168.lzss" size="5571" tableOffset="168" uncompressedSize="33312" /><lzss dataOffset="104224" fileName="S01_M00B.PAC.200.lzss" size="577" tableOffset="200" uncompressedSize="2652" /><lzss dataOffset="104804" fileName="S01_M00B.PAC.224.lzss" size="1969" tableOffset="224" uncompressedSize="7340" /><lzss dataOffset="106776" fileName="S01_M00B.PAC.232.lzss" size="2320" tableOffset="232" uncompressedSize="5300" /><pac dataOffset="109096" fileName="S01_M00B.PAC.256.pac" size="11320" tableOffset="256"><lzss dataOffset="128" fileName="S01_M00B.PAC.256.pac.0.lzss" size="4310" tableOffset="0" uncompressedSize="9012" /><lzss dataOffset="4440" fileName="S01_M00B.PAC.256.pac.16.lzss" size="1609" tableOffset="16" uncompressedSize="5292" /><lzss dataOffset="6052" fileName="S01_M00B.PAC.256.pac.64.lzss" size="5266" tableOffset="64" uncompressedSize="33312" /></pac><pac dataOffset="120416" fileName="S01_M00B.PAC.264.pac" size="14816" tableOffset="264"><lzss dataOffset="128" fileName="S01_M00B.PAC.264.pac.0.lzss" size="5030" tableOffset="0" uncompressedSize="9396" /><lzss dataOffset="5160" fileName="S01_M00B.PAC.264.pac.16.lzss" size="3164" tableOffset="16" uncompressedSize="8246" /><lzss dataOffset="8324" fileName="S01_M00B.PAC.264.pac.64.lzss" size="6491" tableOffset="64" uncompressedSize="33312" /></pac><pac dataOffset="135232" fileName="S01_M00B.PAC.272.pac" size="480" tableOffset="272"><lzss dataOffset="128" fileName="S01_M00B.PAC.272.pac.16.lzss" size="351" tableOffset="16" uncompressedSize="706" /></pac></source>