<source fileName="S01_M03B.PAC" size="136848" tableOffset="0"><lzss dataOffset="384" fileName="S01_M03B.PAC.40.lzss" size="4711" tableOffset="40" uncompressedSize="11120" /><lzss dataOffset="5096" fileName="S01_M03B.PAC.128.lzss" size="31758" tableOffset="128" uncompressedSize="67332" /><lzss dataOffset="36856" fileName="S01_M03B.PAC.136.lzss" size="35654" tableOffset="136" uncompressedSize="126996" /><lzss dataOffset="72512" fileName="S01_M03B.PAC.144.lzss" size="55" tableOffset="144" uncompressedSize="112" /><lzss dataOffset="72568" fileName="S01_M03B.PAC.152.lzss" size="377" tableOffset="152" uncompressedSize="1176" /><lzss dataOffset="72948" fileName="S01_M03B.PAC.160.lzss" size="5545" tableOffset="160" uncompressedSize="33312" /><lzss dataOffset="78496" fileName="S01_M03B.PAC.168.lzss" size="6406" tableOffset="168" uncompressedSize="33312" /><lzss dataOffset="84904" fileName="S01_M03B.PAC.176.lzss" size="3870" tableOffset="176" uncompressedSize="33312" /><lzss dataOffset="88776" fileName="S01_M03B.PAC.184.lzss" size="2860" tableOffset="184" uncompressedSize="33312" /><lzss dataOffset="91636" fileName="S01_M03B.PAC.200.lzss" size="577" tableOffset="200" uncompressedSize="2652" /><lzss dataOffset="92216" fileName="S01_M03B.PAC.224.lzss" size="2405" tableOffset="224" uncompressedSize="10572" /><lzss dataOffset="94624" fileName="S01_M03B.PAC.232.lzss" size="2800" tableOffset="232" uncompressedSize="6264" /><pac dataOffset="97424" fileName="S01_M03B.PAC.256.pac" size="13200" tableOffset="256"><lzss dataOffset="128" fileName="S01_M03B.PAC.256.pac.0.lzss" size="5455" tableOffset="0" uncompressedSize="10488" /><lzss dataOffset="5584" fileName="S01_M03B.PAC.256.pac.16.lzss" size="999" tableOffset="16" uncompressedSize="2198" /><lzss dataOffset="6584" fileName="S01_M03B.PAC.256.pac.64.lzss" size="6616" tableOffset="64" uncompressedSize="33312" /></pac><pac dataOffset="110624" fileName="S01_M03B.PAC.264.pac" size="12780" tableOffset="264"><lzss dataOffset="128" fileName="S01_M03B.PAC.264.pac.0.lzss" size="4876" tableOffset="0" uncompressedSize="9304" /><lzss dataOffset="5004" fileName="S01_M03B.PAC.264.pac.16.lzss" size="2078" tableOffset="16" uncompressedSize="5802" /><lzss dataOffset="7084" fileName="S01_M03B.PAC.264.pac.64.lzss" size="5696" tableOffset="64" uncompressedSize="33312" /></pac><pac dataOffset="123404" fileName="S01_M03B.PAC.272.pac" size="12964" tableOffset="272"><lzss dataOffset="128" fileName="S01_M03B.PAC.272.pac.0.lzss" size="4885" tableOffset="0" uncompressedSize="9192" /><lzss dataOffset="5016" fileName="S01_M03B.PAC.272.pac.16.lzss" size="2654" tableOffset="16" uncompressedSize="8162" /><lzss dataOffset="7672" fileName="S01_M03B.PAC.272.pac.64.lzss" size="5290" tableOffset="64" uncompressedSize="33312" /></pac><pac dataOffset="136368" fileName="S01_M03B.PAC.280.pac" size="480" tableOffset="280"><lzss dataOffset="128" fileName="S01_M03B.PAC.280.pac.16.lzss" size="351" tableOffset="16" uncompressedSize="706" /></pac></source>