<source fileName="S01_E.PAC" size="202500" tableOffset="0"><lzss dataOffset="384" fileName="S01_E.PAC.0.lzss" size="8471" tableOffset="0" uncompressedSize="33312" /><lzss dataOffset="8856" fileName="S01_E.PAC.40.lzss" size="4711" tableOffset="40" uncompressedSize="11120" /><lzss dataOffset="13568" fileName="S01_E.PAC.96.lzss" size="278" tableOffset="96" uncompressedSize="504" /><lzss dataOffset="13848" fileName="S01_E.PAC.128.lzss" size="40023" tableOffset="128" uncompressedSize="83256" /><lzss dataOffset="53872" fileName="S01_E.PAC.136.lzss" size="37093" tableOffset="136" uncompressedSize="127768" /><lzss dataOffset="90968" fileName="S01_E.PAC.144.lzss" size="59" tableOffset="144" uncompressedSize="112" /><lzss dataOffset="91028" fileName="S01_E.PAC.152.lzss" size="151" tableOffset="152" uncompressedSize="316" /><lzss dataOffset="91180" fileName="S01_E.PAC.160.lzss" size="13203" tableOffset="160" uncompressedSize="33312" /><lzss dataOffset="104384" fileName="S01_E.PAC.168.lzss" size="9553" tableOffset="168" uncompressedSize="33312" /><lzss dataOffset="113940" fileName="S01_E.PAC.176.lzss" size="16547" tableOffset="176" uncompressedSize="33312" /><lzss dataOffset="130488" fileName="S01_E.PAC.184.lzss" size="12462" tableOffset="184" uncompressedSize="33312" /><lzss dataOffset="142952" fileName="S01_E.PAC.192.lzss" size="9482" tableOffset="192" uncompressedSize="66080" /><lzss dataOffset="152436" fileName="S01_E.PAC.224.lzss" size="1384" tableOffset="224" uncompressedSize="3806" /><lzss dataOffset="153820" fileName="S01_E.PAC.232.lzss" size="897" tableOffset="232" uncompressedSize="2116" /><pac dataOffset="154720" fileName="S01_E.PAC.256.pac" size="8628" tableOffset="256"><lzss dataOffset="128" fileName="S01_E.PAC.256.pac.0.lzss" size="3092" tableOffset="0" uncompressedSize="6320" /><lzss dataOffset="3220" fileName="S01_E.PAC.256.pac.16.lzss" size="467" tableOffset="16" uncompressedSize="1308" /><lzss dataOffset="3688" fileName="S01_E.PAC.256.pac.64.lzss" size="4938" tableOffset="64" uncompressedSize="33312" /></pac><pac dataOffset="163348" fileName="S01_E.PAC.264.pac" size="34372" tableOffset="264"><lzss dataOffset="128" fileName="S01_E.PAC.264.pac.0.lzss" size="9698" tableOffset="0" uncompressedSize="20048" /><lzss dataOffset="9828" fileName="S01_E.PAC.264.pac.16.lzss" size="4140" tableOffset="16" uncompressedSize="10532" /><lzss dataOffset="13968" fileName="S01_E.PAC.264.pac.64.lzss" size="7265" tableOffset="64" uncompressedSize="33312" /><lzss dataOffset="21236" fileName="S01_E.PAC.264.pac.72.lzss" size="4803" tableOffset="72" uncompressedSize="33312" /><lzss dataOffset="26040" fileName="S01_E.PAC.264.pac.80.lzss" size="8331" tableOffset="80" uncompressedSize="33312" /></pac><pac dataOffset="197720" fileName="S01_E.PAC.272.pac" size="4780" tableOffset="272"><lzss dataOffset="128" fileName="S01_E.PAC.272.pac.0.lzss" size="1150" tableOffset="0" uncompressedSize="3916" /><lzss dataOffset="1280" fileName="S01_E.PAC.272.pac.16.lzss" size="268" tableOffset="16" uncompressedSize="540" /><lzss dataOffset="1548" fileName="S01_E.PAC.272.pac.64.lzss" size="3230" tableOffset="64" uncompressedSize="33312" /></pac></source>