<source fileName="S01_M03A.PAC" size="183360" tableOffset="0"><lzss dataOffset="384" fileName="S01_M03A.PAC.40.lzss" size="4711" tableOffset="40" uncompressedSize="11120" /><lzss dataOffset="5096" fileName="S01_M03A.PAC.128.lzss" size="23473" tableOffset="128" uncompressedSize="54348" /><lzss dataOffset="28572" fileName="S01_M03A.PAC.136.lzss" size="34296" tableOffset="136" uncompressedSize="127056" /><lzss dataOffset="62868" fileName="S01_M03A.PAC.144.lzss" size="71" tableOffset="144" uncompressedSize="112" /><lzss dataOffset="62940" fileName="S01_M03A.PAC.152.lzss" size="428" tableOffset="152" uncompressedSize="1596" /><lzss dataOffset="63368" fileName="S01_M03A.PAC.160.lzss" size="6879" tableOffset="160" uncompressedSize="33312" /><lzss dataOffset="70248" fileName="S01_M03A.PAC.168.lzss" size="11980" tableOffset="168" uncompressedSize="33312" /><lzss dataOffset="82228" fileName="S01_M03A.PAC.176.lzss" size="5997" tableOffset="176" uncompressedSize="33312" /><lzss dataOffset="88228" fileName="S01_M03A.PAC.184.lzss" size="6849" tableOffset="184" uncompressedSize="33312" /><lzss dataOffset="95080" fileName="S01_M03A.PAC.192.lzss" size="8564" tableOffset="192" uncompressedSize="66080" /><lzss dataOffset="103644" fileName="S01_M03A.PAC.200.lzss" size="577" tableOffset="200" uncompressedSize="2652" /><lzss dataOffset="104224" fileName="S01_M03A.PAC.224.lzss" size="1893" tableOffset="224" uncompressedSize="6720" /><lzss dataOffset="106120" fileName="S01_M03A.PAC.232.lzss" size="1948" tableOffset="232" uncompressedSize="4160" /><pac dataOffset="108068" fileName="S01_M03A.PAC.256.pac" size="11040" tableOffset="256"><lzss dataOffset="128" fileName="S01_M03A.PAC.256.pac.0.lzss" size="5451" tableOffset="0" uncompressedSize="10636" /><lzss dataOffset="5580" fileName="S01_M03A.PAC.256.pac.16.lzss" size="168" tableOffset="16" uncompressedSize="354" /><lzss dataOffset="5748" fileName="S01_M03A.PAC.256.pac.64.lzss" size="5289" tableOffset="64" uncompressedSize="33312" /></pac><pac dataOffset="119108" fileName="S01_M03A.PAC.264.pac" size="12964" tableOffset="264"><lzss dataOffset="128" fileName="S01_M03A.PAC.264.pac.0.lzss" size="4885" tableOffset="0" uncompressedSize="9192" /><lzss dataOffset="5016" fileName="S01_M03A.PAC.264.pac.16.lzss" size="2654" tableOffset="16" uncompressedSize="8162" /><lzss dataOffset="7672" fileName="S01_M03A.PAC.264.pac.64.lzss" size="5290" tableOffset="64" uncompressedSize="33312" /></pac><pac dataOffset="132072" fileName="S01_M03A.PAC.272.pac" size="12780" tableOffset="272"><lzss dataOffset="128" fileName="S01_M03A.PAC.272.pac.0.lzss" size="4876" tableOffset="0" uncompressedSize="9304" /><lzss dataOffset="5004" fileName="S01_M03A.PAC.272.pac.16.lzss" size="2078" tableOffset="16" uncompressedSize="5802" /><lzss dataOffset="7084" fileName="S01_M03A.PAC.272.pac.64.lzss" size="5696" tableOffset="64" uncompressedSize="33312" /></pac><pac dataOffset="144852" fileName="S01_M03A.PAC.280.pac" size="13736" tableOffset="280"><lzss dataOffset="128" fileName="S01_M03A.PAC.280.pac.0.lzss" size="5158" tableOffset="0" uncompressedSize="10168" /><lzss dataOffset="5288" fileName="S01_M03A.PAC.280.pac.16.lzss" size="574" tableOffset="16" uncompressedSize="1324" /><lzss dataOffset="5864" fileName="S01_M03A.PAC.280.pac.64.lzss" size="7869" tableOffset="64" uncompressedSize="33312" /></pac><pac dataOffset="158588" fileName="S01_M03A.PAC.288.pac" size="11772" tableOffset="288"><lzss dataOffset="128" fileName="S01_M03A.PAC.288.pac.0.lzss" size="5297" tableOffset="0" uncompressedSize="9892" /><lzss dataOffset="5428" fileName="S01_M03A.PAC.288.pac.16.lzss" size="650" tableOffset="16" uncompressedSize="1130" /><lzss dataOffset="6080" fileName="S01_M03A.PAC.288.pac.64.lzss" size="5690" tableOffset="64" uncompressedSize="33312" /></pac><pac dataOffset="170360" fileName="S01_M03A.PAC.296.pac" size="13000" tableOffset="296"><lzss dataOffset="128" fileName="S01_M03A.PAC.296.pac.0.lzss" size="5671" tableOffset="0" uncompressedSize="10392" /><lzss dataOffset="5800" fileName="S01_M03A.PAC.296.pac.16.lzss" size="784" tableOffset="16" uncompressedSize="1710" /><lzss dataOffset="6584" fileName="S01_M03A.PAC.296.pac.64.lzss" size="6416" tableOffset="64" uncompressedSize="33312" /></pac></source>