<source fileName="S01_C.PAC" size="200240" tableOffset="0"><lzss dataOffset="384" fileName="S01_C.PAC.0.lzss" size="8471" tableOffset="0" uncompressedSize="33312" /><lzss dataOffset="8856" fileName="S01_C.PAC.40.lzss" size="4711" tableOffset="40" uncompressedSize="11120" /><lzss dataOffset="13568" fileName="S01_C.PAC.96.lzss" size="401" tableOffset="96" uncompressedSize="744" /><lzss dataOffset="13972" fileName="S01_C.PAC.128.lzss" size="43413" tableOffset="128" uncompressedSize="80532" /><lzss dataOffset="57388" fileName="S01_C.PAC.136.lzss" size="37211" tableOffset="136" uncompressedSize="127444" /><lzss dataOffset="94600" fileName="S01_C.PAC.144.lzss" size="59" tableOffset="144" uncompressedSize="112" /><lzss dataOffset="94660" fileName="S01_C.PAC.152.lzss" size="450" tableOffset="152" uncompressedSize="1032" /><lzss dataOffset="95112" fileName="S01_C.PAC.160.lzss" size="16109" tableOffset="160" uncompressedSize="33312" /><lzss dataOffset="111224" fileName="S01_C.PAC.168.lzss" size="12832" tableOffset="168" uncompressedSize="33312" /><lzss dataOffset="124056" fileName="S01_C.PAC.176.lzss" size="17734" tableOffset="176" uncompressedSize="33312" /><lzss dataOffset="141792" fileName="S01_C.PAC.184.lzss" size="9675" tableOffset="184" uncompressedSize="33312" /><lzss dataOffset="151468" fileName="S01_C.PAC.192.lzss" size="9482" tableOffset="192" uncompressedSize="66080" /><lzss dataOffset="160952" fileName="S01_C.PAC.224.lzss" size="1177" tableOffset="224" uncompressedSize="3336" /><lzss dataOffset="162132" fileName="S01_C.PAC.232.lzss" size="785" tableOffset="232" uncompressedSize="1932" /><pac dataOffset="162920" fileName="S01_C.PAC.256.pac" size="8628" tableOffset="256"><lzss dataOffset="128" fileName="S01_C.PAC.256.pac.0.lzss" size="3092" tableOffset="0" uncompressedSize="6320" /><lzss dataOffset="3220" fileName="S01_C.PAC.256.pac.16.lzss" size="467" tableOffset="16" uncompressedSize="1308" /><lzss dataOffset="3688" fileName="S01_C.PAC.256.pac.64.lzss" size="4938" tableOffset="64" uncompressedSize="33312" /></pac><pac dataOffset="171548" fileName="S01_C.PAC.264.pac" size="15680" tableOffset="264"><lzss dataOffset="128" fileName="S01_C.PAC.264.pac.0.lzss" size="2479" tableOffset="0" uncompressedSize="4580" /><lzss dataOffset="2608" fileName="S01_C.PAC.264.pac.16.lzss" size="1312" tableOffset="16" uncompressedSize="3482" /><lzss dataOffset="3920" fileName="S01_C.PAC.264.pac.64.lzss" size="11759" tableOffset="64" uncompressedSize="33312" /></pac><pac dataOffset="187228" fileName="S01_C.PAC.272.pac" size="1960" tableOffset="272"><lzss dataOffset="128" fileName="S01_C.PAC.272.pac.0.lzss" size="1525" tableOffset="0" uncompressedSize="3064" /><lzss dataOffset="1656" fileName="S01_C.PAC.272.pac.16.lzss" size="303" tableOffset="16" uncompressedSize="716" /><textureSymbol dataOffset="0" size="4294967295" tableOffset="64" /></pac><pac dataOffset="189188" fileName="S01_C.PAC.280.pac" size="9992" tableOffset="280"><lzss dataOffset="128" fileName="S01_C.PAC.280.pac.0.lzss" size="776" tableOffset="0" uncompressedSize="1404" /><lzss dataOffset="904" fileName="S01_C.PAC.280.pac.16.lzss" size="480" tableOffset="16" uncompressedSize="1052" /><lzss dataOffset="1384" fileName="S01_C.PAC.280.pac.64.lzss" size="8608" tableOffset="64" uncompressedSize="33312" /></pac><pac dataOffset="199180" fileName="S01_C.PAC.288.pac" size="1060" tableOffset="288"><lzss dataOffset="128" fileName="S01_C.PAC.288.pac.0.lzss" size="583" tableOffset="0" uncompressedSize="1436" /><lzss dataOffset="712" fileName="S01_C.PAC.288.pac.16.lzss" size="347" tableOffset="16" uncompressedSize="826" /><textureSymbol dataOffset="0" size="4294967295" tableOffset="64" /></pac></source>