<source fileName="S01_D.PAC" size="226408" tableOffset="0"><lzss dataOffset="384" fileName="S01_D.PAC.0.lzss" size="8471" tableOffset="0" uncompressedSize="33312" /><lzss dataOffset="8856" fileName="S01_D.PAC.40.lzss" size="4711" tableOffset="40" uncompressedSize="11120" /><lzss dataOffset="13568" fileName="S01_D.PAC.128.lzss" size="48935" tableOffset="128" uncompressedSize="94460" /><lzss dataOffset="62504" fileName="S01_D.PAC.136.lzss" size="39164" tableOffset="136" uncompressedSize="127376" /><lzss dataOffset="101668" fileName="S01_D.PAC.144.lzss" size="59" tableOffset="144" uncompressedSize="112" /><lzss dataOffset="101728" fileName="S01_D.PAC.152.lzss" size="586" tableOffset="152" uncompressedSize="1460" /><lzss dataOffset="102316" fileName="S01_D.PAC.160.lzss" size="11635" tableOffset="160" uncompressedSize="33312" /><lzss dataOffset="113952" fileName="S01_D.PAC.168.lzss" size="10613" tableOffset="168" uncompressedSize="33312" /><lzss dataOffset="124568" fileName="S01_D.PAC.176.lzss" size="14414" tableOffset="176" uncompressedSize="33312" /><lzss dataOffset="138984" fileName="S01_D.PAC.184.lzss" size="13590" tableOffset="184" uncompressedSize="33312" /><lzss dataOffset="152576" fileName="S01_D.PAC.192.lzss" size="25299" tableOffset="192" uncompressedSize="66080" /><lzss dataOffset="177876" fileName="S01_D.PAC.224.lzss" size="1061" tableOffset="224" uncompressedSize="2952" /><lzss dataOffset="178940" fileName="S01_D.PAC.232.lzss" size="615" tableOffset="232" uncompressedSize="1684" /><pac dataOffset="179556" fileName="S01_D.PAC.256.pac" size="8628" tableOffset="256"><lzss dataOffset="128" fileName="S01_D.PAC.256.pac.0.lzss" size="3092" tableOffset="0" uncompressedSize="6320" /><lzss dataOffset="3220" fileName="S01_D.PAC.256.pac.16.lzss" size="467" tableOffset="16" uncompressedSize="1308" /><lzss dataOffset="3688" fileName="S01_D.PAC.256.pac.64.lzss" size="4938" tableOffset="64" uncompressedSize="33312" /></pac><pac dataOffset="188184" fileName="S01_D.PAC.264.pac" size="9040" tableOffset="264"><lzss dataOffset="128" fileName="S01_D.PAC.264.pac.0.lzss" size="1124" tableOffset="0" uncompressedSize="2600" /><lzss dataOffset="1252" fileName="S01_D.PAC.264.pac.16.lzss" size="217" tableOffset="16" uncompressedSize="452" /><lzss dataOffset="1472" fileName="S01_D.PAC.264.pac.64.lzss" size="7568" tableOffset="64" uncompressedSize="33312" /></pac><pac dataOffset="197224" fileName="S01_D.PAC.272.pac" size="8404" tableOffset="272"><lzss dataOffset="128" fileName="S01_D.PAC.272.pac.0.lzss" size="1580" tableOffset="0" uncompressedSize="2784" /><lzss dataOffset="1708" fileName="S01_D.PAC.272.pac.16.lzss" size="316" tableOffset="16" uncompressedSize="658" /><lzss dataOffset="2024" fileName="S01_D.PAC.272.pac.64.lzss" size="6379" tableOffset="64" uncompressedSize="33312" /></pac><pac dataOffset="205628" fileName="S01_D.PAC.280.pac" size="9992" tableOffset="280"><lzss dataOffset="128" fileName="S01_D.PAC.280.pac.0.lzss" size="776" tableOffset="0" uncompressedSize="1404" /><lzss dataOffset="904" fileName="S01_D.PAC.280.pac.16.lzss" size="480" tableOffset="16" uncompressedSize="1052" /><lzss dataOffset="1384" fileName="S01_D.PAC.280.pac.64.lzss" size="8608" tableOffset="64" uncompressedSize="33312" /></pac><pac dataOffset="215620" fileName="S01_D.PAC.288.pac" size="1096" tableOffset="288"><lzss dataOffset="128" fileName="S01_D.PAC.288.pac.0.lzss" size="518" tableOffset="0" uncompressedSize="904" /><lzss dataOffset="648" fileName="S01_D.PAC.288.pac.16.lzss" size="448" tableOffset="16" uncompressedSize="1024" /><textureSymbol dataOffset="0" size="4294967295" tableOffset="64" /></pac><pac dataOffset="216716" fileName="S01_D.PAC.296.pac" size="908" tableOffset="296"><lzss dataOffset="128" fileName="S01_D.PAC.296.pac.0.lzss" size="508" tableOffset="0" uncompressedSize="1016" /><lzss dataOffset="636" fileName="S01_D.PAC.296.pac.16.lzss" size="269" tableOffset="16" uncompressedSize="606" /><textureSymbol dataOffset="0" size="4294967295" tableOffset="64" /></pac><pac dataOffset="217624" fileName="S01_D.PAC.304.pac" size="928" tableOffset="304"><lzss dataOffset="128" fileName="S01_D.PAC.304.pac.0.lzss" size="503" tableOffset="0" uncompressedSize="904" /><lzss dataOffset="632" fileName="S01_D.PAC.304.pac.16.lzss" size="294" tableOffset="16" uncompressedSize="544" /><textureSymbol dataOffset="0" size="4294967295" tableOffset="64" /></pac><pac dataOffset="218552" fileName="S01_D.PAC.312.pac" size="7856" tableOffset="312"><lzss dataOffset="128" fileName="S01_D.PAC.312.pac.0.lzss" size="497" tableOffset="0" uncompressedSize="804" /><lzss dataOffset="628" fileName="S01_D.PAC.312.pac.16.lzss" size="125" tableOffset="16" uncompressedSize="212" /><lzss dataOffset="756" fileName="S01_D.PAC.312.pac.64.lzss" size="7098" tableOffset="64" uncompressedSize="33312" /></pac></source>