<source fileName="S01_M01B.PAC" size="118584" tableOffset="0"><lzss dataOffset="384" fileName="S01_M01B.PAC.40.lzss" size="4711" tableOffset="40" uncompressedSize="11120" /><lzss dataOffset="5096" fileName="S01_M01B.PAC.128.lzss" size="36825" tableOffset="128" uncompressedSize="70724" /><lzss dataOffset="41924" fileName="S01_M01B.PAC.136.lzss" size="36938" tableOffset="136" uncompressedSize="128076" /><lzss dataOffset="78864" fileName="S01_M01B.PAC.144.lzss" size="61" tableOffset="144" uncompressedSize="112" /><lzss dataOffset="78928" fileName="S01_M01B.PAC.152.lzss" size="339" tableOffset="152" uncompressedSize="992" /><lzss dataOffset="79268" fileName="S01_M01B.PAC.160.lzss" size="4820" tableOffset="160" uncompressedSize="33312" /><lzss dataOffset="84088" fileName="S01_M01B.PAC.168.lzss" size="4741" tableOffset="168" uncompressedSize="33312" /><lzss dataOffset="88832" fileName="S01_M01B.PAC.200.lzss" size="577" tableOffset="200" uncompressedSize="2652" /><lzss dataOffset="89412" fileName="S01_M01B.PAC.224.lzss" size="1914" tableOffset="224" uncompressedSize="7690" /><lzss dataOffset="91328" fileName="S01_M01B.PAC.232.lzss" size="2746" tableOffset="232" uncompressedSize="6104" /><pac dataOffset="94076" fileName="S01_M01B.PAC.256.pac" size="13808" tableOffset="256"><lzss dataOffset="128" fileName="S01_M01B.PAC.256.pac.0.lzss" size="5106" tableOffset="0" uncompressedSize="9916" /><lzss dataOffset="5236" fileName="S01_M01B.PAC.256.pac.16.lzss" size="2706" tableOffset="16" uncompressedSize="5782" /><lzss dataOffset="7944" fileName="S01_M01B.PAC.256.pac.64.lzss" size="5862" tableOffset="64" uncompressedSize="33312" /></pac><pac dataOffset="107884" fileName="S01_M01B.PAC.264.pac" size="10700" tableOffset="264"><lzss dataOffset="128" fileName="S01_M01B.PAC.264.pac.0.lzss" size="4845" tableOffset="0" uncompressedSize="9588" /><lzss dataOffset="4976" fileName="S01_M01B.PAC.264.pac.16.lzss" size="708" tableOffset="16" uncompressedSize="1358" /><lzss dataOffset="5684" fileName="S01_M01B.PAC.264.pac.64.lzss" size="5015" tableOffset="64" uncompressedSize="33312" /></pac></source>