<source fileName="S01_M02C.PAC" size="143048" tableOffset="0"><lzss dataOffset="384" fileName="S01_M02C.PAC.40.lzss" size="4711" tableOffset="40" uncompressedSize="11120" /><lzss dataOffset="5096" fileName="S01_M02C.PAC.128.lzss" size="31688" tableOffset="128" uncompressedSize="76652" /><lzss dataOffset="36784" fileName="S01_M02C.PAC.136.lzss" size="36362" tableOffset="136" uncompressedSize="127912" /><lzss dataOffset="73148" fileName="S01_M02C.PAC.144.lzss" size="60" tableOffset="144" uncompressedSize="112" /><lzss dataOffset="73208" fileName="S01_M02C.PAC.152.lzss" size="372" tableOffset="152" uncompressedSize="1248" /><lzss dataOffset="73580" fileName="S01_M02C.PAC.160.lzss" size="6535" tableOffset="160" uncompressedSize="33312" /><lzss dataOffset="80116" fileName="S01_M02C.PAC.168.lzss" size="5032" tableOffset="168" uncompressedSize="33312" /><lzss dataOffset="85148" fileName="S01_M02C.PAC.176.lzss" size="4756" tableOffset="176" uncompressedSize="33312" /><lzss dataOffset="89904" fileName="S01_M02C.PAC.184.lzss" size="2124" tableOffset="184" uncompressedSize="33312" /><lzss dataOffset="92028" fileName="S01_M02C.PAC.200.lzss" size="577" tableOffset="200" uncompressedSize="2652" /><lzss dataOffset="92608" fileName="S01_M02C.PAC.224.lzss" size="2607" tableOffset="224" uncompressedSize="11382" /><lzss dataOffset="95216" fileName="S01_M02C.PAC.232.lzss" size="2937" tableOffset="232" uncompressedSize="6684" /><pac dataOffset="98156" fileName="S01_M02C.PAC.256.pac" size="13540" tableOffset="256"><lzss dataOffset="128" fileName="S01_M02C.PAC.256.pac.0.lzss" size="5317" tableOffset="0" uncompressedSize="10004" /><lzss dataOffset="5448" fileName="S01_M02C.PAC.256.pac.16.lzss" size="1477" tableOffset="16" uncompressedSize="2958" /><lzss dataOffset="6928" fileName="S01_M02C.PAC.256.pac.64.lzss" size="6610" tableOffset="64" uncompressedSize="33312" /></pac><pac dataOffset="111696" fileName="S01_M02C.PAC.264.pac" size="13808" tableOffset="264"><lzss dataOffset="128" fileName="S01_M02C.PAC.264.pac.0.lzss" size="5106" tableOffset="0" uncompressedSize="9916" /><lzss dataOffset="5236" fileName="S01_M02C.PAC.264.pac.16.lzss" size="2706" tableOffset="16" uncompressedSize="5782" /><lzss dataOffset="7944" fileName="S01_M02C.PAC.264.pac.64.lzss" size="5862" tableOffset="64" uncompressedSize="33312" /></pac><pac dataOffset="125504" fileName="S01_M02C.PAC.272.pac" size="12964" tableOffset="272"><lzss dataOffset="128" fileName="S01_M02C.PAC.272.pac.0.lzss" size="4885" tableOffset="0" uncompressedSize="9192" /><lzss dataOffset="5016" fileName="S01_M02C.PAC.272.pac.16.lzss" size="2654" tableOffset="16" uncompressedSize="8162" /><lzss dataOffset="7672" fileName="S01_M02C.PAC.272.pac.64.lzss" size="5290" tableOffset="64" uncompressedSize="33312" /></pac><pac dataOffset="138468" fileName="S01_M02C.PAC.280.pac" size="480" tableOffset="280"><lzss dataOffset="128" fileName="S01_M02C.PAC.280.pac.16.lzss" size="351" tableOffset="16" uncompressedSize="706" /></pac><pac dataOffset="138948" fileName="S01_M02C.PAC.288.pac" size="4100" tableOffset="288"><lzss dataOffset="128" fileName="S01_M02C.PAC.288.pac.16.lzss" size="351" tableOffset="16" uncompressedSize="706" /><lzss dataOffset="480" fileName="S01_M02C.PAC.288.pac.64.lzss" size="3618" tableOffset="64" uncompressedSize="33312" /></pac></source>