<source fileName="S01_M00C.PAC" size="160836" tableOffset="0"><lzss dataOffset="384" fileName="S01_M00C.PAC.0.lzss" size="15582" tableOffset="0" uncompressedSize="61984" /><lzss dataOffset="15968" fileName="S01_M00C.PAC.8.lzss" size="3368" tableOffset="8" uncompressedSize="33312" /><lzss dataOffset="19336" fileName="S01_M00C.PAC.16.lzss" size="8471" tableOffset="16" uncompressedSize="33312" /><lzss dataOffset="27808" fileName="S01_M00C.PAC.24.lzss" size="415" tableOffset="24" uncompressedSize="544" /><lzss dataOffset="28224" fileName="S01_M00C.PAC.32.lzss" size="162" tableOffset="32" uncompressedSize="544" /><lzss dataOffset="28388" fileName="S01_M00C.PAC.40.lzss" size="4711" tableOffset="40" uncompressedSize="11120" /><lzss dataOffset="33100" fileName="S01_M00C.PAC.128.lzss" size="23703" tableOffset="128" uncompressedSize="48176" /><lzss dataOffset="56804" fileName="S01_M00C.PAC.136.lzss" size="36590" tableOffset="136" uncompressedSize="127852" /><lzss dataOffset="93396" fileName="S01_M00C.PAC.144.lzss" size="92" tableOffset="144" uncompressedSize="112" /><lzss dataOffset="93488" fileName="S01_M00C.PAC.152.lzss" size="374" tableOffset="152" uncompressedSize="1012" /><lzss dataOffset="93864" fileName="S01_M00C.PAC.160.lzss" size="4220" tableOffset="160" uncompressedSize="33312" /><lzss dataOffset="98084" fileName="S01_M00C.PAC.168.lzss" size="4161" tableOffset="168" uncompressedSize="33312" /><lzss dataOffset="102248" fileName="S01_M00C.PAC.176.lzss" size="24071" tableOffset="176" uncompressedSize="66080" /><lzss dataOffset="126320" fileName="S01_M00C.PAC.224.lzss" size="2932" tableOffset="224" uncompressedSize="12020" /><lzss dataOffset="129252" fileName="S01_M00C.PAC.232.lzss" size="4967" tableOffset="232" uncompressedSize="11920" /><pac dataOffset="134220" fileName="S01_M00C.PAC.256.pac" size="11320" tableOffset="256"><lzss dataOffset="128" fileName="S01_M00C.PAC.256.pac.0.lzss" size="4310" tableOffset="0" uncompressedSize="9012" /><lzss dataOffset="4440" fileName="S01_M00C.PAC.256.pac.16.lzss" size="1609" tableOffset="16" uncompressedSize="5292" /><lzss dataOffset="6052" fileName="S01_M00C.PAC.256.pac.64.lzss" size="5266" tableOffset="64" uncompressedSize="33312" /></pac><pac dataOffset="145540" fileName="S01_M00C.PAC.264.pac" size="14816" tableOffset="264"><lzss dataOffset="128" fileName="S01_M00C.PAC.264.pac.0.lzss" size="5030" tableOffset="0" uncompressedSize="9396" /><lzss dataOffset="5160" fileName="S01_M00C.PAC.264.pac.16.lzss" size="3164" tableOffset="16" uncompressedSize="8246" /><lzss dataOffset="8324" fileName="S01_M00C.PAC.264.pac.64.lzss" size="6491" tableOffset="64" uncompressedSize="33312" /></pac><pac dataOffset="160356" fileName="S01_M00C.PAC.272.pac" size="480" tableOffset="272"><lzss dataOffset="128" fileName="S01_M00C.PAC.272.pac.16.lzss" size="351" tableOffset="16" uncompressedSize="706" /></pac></source>