<source fileName="S01_M02A.PAC" size="158068" tableOffset="0"><lzss dataOffset="384" fileName="S01_M02A.PAC.40.lzss" size="4711" tableOffset="40" uncompressedSize="11120" /><lzss dataOffset="5096" fileName="S01_M02A.PAC.128.lzss" size="24610" tableOffset="128" uncompressedSize="62160" /><lzss dataOffset="29708" fileName="S01_M02A.PAC.136.lzss" size="22606" tableOffset="136" uncompressedSize="72376" /><lzss dataOffset="52316" fileName="S01_M02A.PAC.144.lzss" size="61" tableOffset="144" uncompressedSize="84" /><lzss dataOffset="52380" fileName="S01_M02A.PAC.152.lzss" size="549" tableOffset="152" uncompressedSize="2228" /><lzss dataOffset="52932" fileName="S01_M02A.PAC.160.lzss" size="17483" tableOffset="160" uncompressedSize="33312" /><lzss dataOffset="70416" fileName="S01_M02A.PAC.168.lzss" size="7949" tableOffset="168" uncompressedSize="33312" /><lzss dataOffset="78368" fileName="S01_M02A.PAC.176.lzss" size="4384" tableOffset="176" uncompressedSize="33312" /><lzss dataOffset="82752" fileName="S01_M02A.PAC.184.lzss" size="7173" tableOffset="184" uncompressedSize="33312" /><lzss dataOffset="89928" fileName="S01_M02A.PAC.192.lzss" size="6322" tableOffset="192" uncompressedSize="66080" /><lzss dataOffset="96252" fileName="S01_M02A.PAC.200.lzss" size="577" tableOffset="200" uncompressedSize="2652" /><lzss dataOffset="96832" fileName="S01_M02A.PAC.224.lzss" size="3117" tableOffset="224" uncompressedSize="13826" /><lzss dataOffset="99952" fileName="S01_M02A.PAC.232.lzss" size="3748" tableOffset="232" uncompressedSize="8228" /><pac dataOffset="103700" fileName="S01_M02A.PAC.256.pac" size="14816" tableOffset="256"><lzss dataOffset="128" fileName="S01_M02A.PAC.256.pac.0.lzss" size="5030" tableOffset="0" uncompressedSize="9396" /><lzss dataOffset="5160" fileName="S01_M02A.PAC.256.pac.16.lzss" size="3164" tableOffset="16" uncompressedSize="8246" /><lzss dataOffset="8324" fileName="S01_M02A.PAC.256.pac.64.lzss" size="6491" tableOffset="64" uncompressedSize="33312" /></pac><pac dataOffset="118516" fileName="S01_M02A.PAC.264.pac" size="13808" tableOffset="264"><lzss dataOffset="128" fileName="S01_M02A.PAC.264.pac.0.lzss" size="5106" tableOffset="0" uncompressedSize="9916" /><lzss dataOffset="5236" fileName="S01_M02A.PAC.264.pac.16.lzss" size="2706" tableOffset="16" uncompressedSize="5782" /><lzss dataOffset="7944" fileName="S01_M02A.PAC.264.pac.64.lzss" size="5862" tableOffset="64" uncompressedSize="33312" /></pac><pac dataOffset="132324" fileName="S01_M02A.PAC.272.pac" size="12780" tableOffset="272"><lzss dataOffset="128" fileName="S01_M02A.PAC.272.pac.0.lzss" size="4876" tableOffset="0" uncompressedSize="9304" /><lzss dataOffset="5004" fileName="S01_M02A.PAC.272.pac.16.lzss" size="2078" tableOffset="16" uncompressedSize="5802" /><lzss dataOffset="7084" fileName="S01_M02A.PAC.272.pac.64.lzss" size="5696" tableOffset="64" uncompressedSize="33312" /></pac><pac dataOffset="145104" fileName="S01_M02A.PAC.280.pac" size="12964" tableOffset="280"><lzss dataOffset="128" fileName="S01_M02A.PAC.280.pac.0.lzss" size="4885" tableOffset="0" uncompressedSize="9192" /><lzss dataOffset="5016" fileName="S01_M02A.PAC.280.pac.16.lzss" size="2654" tableOffset="16" uncompressedSize="8162" /><lzss dataOffset="7672" fileName="S01_M02A.PAC.280.pac.64.lzss" size="5290" tableOffset="64" uncompressedSize="33312" /></pac></source>