<source fileName="S02_M04B.PAC" size="165828" tableOffset="0"><lzss dataOffset="384" fileName="S02_M04B.PAC.40.lzss" size="4711" tableOffset="40" uncompressedSize="11120" /><lzss dataOffset="5096" fileName="S02_M04B.PAC.128.lzss" size="33211" tableOffset="128" uncompressedSize="78448" /><lzss dataOffset="38308" fileName="S02_M04B.PAC.136.lzss" size="36126" tableOffset="136" uncompressedSize="126996" /><lzss dataOffset="74436" fileName="S02_M04B.PAC.144.lzss" size="60" tableOffset="144" uncompressedSize="112" /><lzss dataOffset="74496" fileName="S02_M04B.PAC.152.lzss" size="404" tableOffset="152" uncompressedSize="1480" /><lzss dataOffset="74900" fileName="S02_M04B.PAC.160.lzss" size="8623" tableOffset="160" uncompressedSize="33312" /><lzss dataOffset="83524" fileName="S02_M04B.PAC.168.lzss" size="5830" tableOffset="168" uncompressedSize="33312" /><lzss dataOffset="89356" fileName="S02_M04B.PAC.176.lzss" size="6755" tableOffset="176" uncompressedSize="33312" /><lzss dataOffset="96112" fileName="S02_M04B.PAC.184.lzss" size="5789" tableOffset="184" uncompressedSize="33312" /><lzss dataOffset="101904" fileName="S02_M04B.PAC.200.lzss" size="577" tableOffset="200" uncompressedSize="2652" /><lzss dataOffset="102484" fileName="S02_M04B.PAC.224.lzss" size="1860" tableOffset="224" uncompressedSize="7142" /><lzss dataOffset="104344" fileName="S02_M04B.PAC.232.lzss" size="1781" tableOffset="232" uncompressedSize="4268" /><pac dataOffset="106128" fileName="S02_M04B.PAC.256.pac" size="11320" tableOffset="256"><lzss dataOffset="128" fileName="S02_M04B.PAC.256.pac.0.lzss" size="4310" tableOffset="0" uncompressedSize="9012" /><lzss dataOffset="4440" fileName="S02_M04B.PAC.256.pac.16.lzss" size="1609" tableOffset="16" uncompressedSize="5292" /><lzss dataOffset="6052" fileName="S02_M04B.PAC.256.pac.64.lzss" size="5266" tableOffset="64" uncompressedSize="33312" /></pac><pac dataOffset="117448" fileName="S02_M04B.PAC.264.pac" size="480" tableOffset="264"><lzss dataOffset="128" fileName="S02_M04B.PAC.264.pac.16.lzss" size="351" tableOffset="16" uncompressedSize="706" /></pac><pac dataOffset="117928" fileName="S02_M04B.PAC.272.pac" size="10712" tableOffset="272"><lzss dataOffset="128" fileName="S02_M04B.PAC.272.pac.0.lzss" size="4503" tableOffset="0" uncompressedSize="8596" /><lzss dataOffset="4632" fileName="S02_M04B.PAC.272.pac.16.lzss" size="645" tableOffset="16" uncompressedSize="1110" /><lzss dataOffset="5280" fileName="S02_M04B.PAC.272.pac.64.lzss" size="5430" tableOffset="64" uncompressedSize="33312" /></pac><pac dataOffset="128640" fileName="S02_M04B.PAC.280.pac" size="12416" tableOffset="280"><lzss dataOffset="128" fileName="S02_M04B.PAC.280.pac.0.lzss" size="5258" tableOffset="0" uncompressedSize="10408" /><lzss dataOffset="5388" fileName="S02_M04B.PAC.280.pac.16.lzss" size="841" tableOffset="16" uncompressedSize="1802" /><lzss dataOffset="6232" fileName="S02_M04B.PAC.280.pac.64.lzss" size="6181" tableOffset="64" uncompressedSize="33312" /></pac><pac dataOffset="141056" fileName="S02_M04B.PAC.288.pac" size="11772" tableOffset="288"><lzss dataOffset="128" fileName="S02_M04B.PAC.288.pac.0.lzss" size="5297" tableOffset="0" uncompressedSize="9892" /><lzss dataOffset="5428" fileName="S02_M04B.PAC.288.pac.16.lzss" size="650" tableOffset="16" uncompressedSize="1130" /><lzss dataOffset="6080" fileName="S02_M04B.PAC.288.pac.64.lzss" size="5690" tableOffset="64" uncompressedSize="33312" /></pac><pac dataOffset="152828" fileName="S02_M04B.PAC.296.pac" size="13000" tableOffset="296"><lzss dataOffset="128" fileName="S02_M04B.PAC.296.pac.0.lzss" size="5671" tableOffset="0" uncompressedSize="10392" /><lzss dataOffset="5800" fileName="S02_M04B.PAC.296.pac.16.lzss" size="784" tableOffset="16" uncompressedSize="1710" /><lzss dataOffset="6584" fileName="S02_M04B.PAC.296.pac.64.lzss" size="6416" tableOffset="64" uncompressedSize="33312" /></pac></source>