<source fileName="S02_M10A.PAC" size="198384" tableOffset="0"><lzss dataOffset="392" fileName="S02_M10A.PAC.40.lzss" size="4711" tableOffset="40" uncompressedSize="11120" /><lzss dataOffset="5104" fileName="S02_M10A.PAC.128.lzss" size="40000" tableOffset="128" uncompressedSize="82812" /><lzss dataOffset="45104" fileName="S02_M10A.PAC.136.lzss" size="37470" tableOffset="136" uncompressedSize="127048" /><lzss dataOffset="82576" fileName="S02_M10A.PAC.144.lzss" size="70" tableOffset="144" uncompressedSize="144" /><lzss dataOffset="82648" fileName="S02_M10A.PAC.152.lzss" size="393" tableOffset="152" uncompressedSize="1392" /><lzss dataOffset="83044" fileName="S02_M10A.PAC.160.lzss" size="9327" tableOffset="160" uncompressedSize="33312" /><lzss dataOffset="92372" fileName="S02_M10A.PAC.168.lzss" size="13757" tableOffset="168" uncompressedSize="33312" /><lzss dataOffset="106132" fileName="S02_M10A.PAC.176.lzss" size="7481" tableOffset="176" uncompressedSize="33312" /><lzss dataOffset="113616" fileName="S02_M10A.PAC.184.lzss" size="8902" tableOffset="184" uncompressedSize="33312" /><lzss dataOffset="122520" fileName="S02_M10A.PAC.192.lzss" size="8564" tableOffset="192" uncompressedSize="66080" /><lzss dataOffset="131084" fileName="S02_M10A.PAC.200.lzss" size="577" tableOffset="200" uncompressedSize="2652" /><lzss dataOffset="131664" fileName="S02_M10A.PAC.224.lzss" size="2096" tableOffset="224" uncompressedSize="8424" /><lzss dataOffset="133760" fileName="S02_M10A.PAC.232.lzss" size="2019" tableOffset="232" uncompressedSize="4568" /><pac dataOffset="135780" fileName="S02_M10A.PAC.256.pac" size="11320" tableOffset="256"><lzss dataOffset="128" fileName="S02_M10A.PAC.256.pac.0.lzss" size="4310" tableOffset="0" uncompressedSize="9012" /><lzss dataOffset="4440" fileName="S02_M10A.PAC.256.pac.16.lzss" size="1609" tableOffset="16" uncompressedSize="5292" /><lzss dataOffset="6052" fileName="S02_M10A.PAC.256.pac.64.lzss" size="5266" tableOffset="64" uncompressedSize="33312" /></pac><pac dataOffset="147100" fileName="S02_M10A.PAC.264.pac" size="480" tableOffset="264"><lzss dataOffset="128" fileName="S02_M10A.PAC.264.pac.16.lzss" size="351" tableOffset="16" uncompressedSize="706" /></pac><pac dataOffset="147580" fileName="S02_M10A.PAC.272.pac" size="13736" tableOffset="272"><lzss dataOffset="128" fileName="S02_M10A.PAC.272.pac.0.lzss" size="5158" tableOffset="0" uncompressedSize="10168" /><lzss dataOffset="5288" fileName="S02_M10A.PAC.272.pac.16.lzss" size="574" tableOffset="16" uncompressedSize="1324" /><lzss dataOffset="5864" fileName="S02_M10A.PAC.272.pac.64.lzss" size="7869" tableOffset="64" uncompressedSize="33312" /></pac><pac dataOffset="161316" fileName="S02_M10A.PAC.280.pac" size="11772" tableOffset="280"><lzss dataOffset="128" fileName="S02_M10A.PAC.280.pac.0.lzss" size="5297" tableOffset="0" uncompressedSize="9892" /><lzss dataOffset="5428" fileName="S02_M10A.PAC.280.pac.16.lzss" size="650" tableOffset="16" uncompressedSize="1130" /><lzss dataOffset="6080" fileName="S02_M10A.PAC.280.pac.64.lzss" size="5690" tableOffset="64" uncompressedSize="33312" /></pac><pac dataOffset="173088" fileName="S02_M10A.PAC.288.pac" size="13000" tableOffset="288"><lzss dataOffset="128" fileName="S02_M10A.PAC.288.pac.0.lzss" size="5671" tableOffset="0" uncompressedSize="10392" /><lzss dataOffset="5800" fileName="S02_M10A.PAC.288.pac.16.lzss" size="784" tableOffset="16" uncompressedSize="1710" /><lzss dataOffset="6584" fileName="S02_M10A.PAC.288.pac.64.lzss" size="6416" tableOffset="64" uncompressedSize="33312" /></pac><pac dataOffset="186088" fileName="S02_M10A.PAC.296.pac" size="12296" tableOffset="296"><lzss dataOffset="128" fileName="S02_M10A.PAC.296.pac.0.lzss" size="5036" tableOffset="0" uncompressedSize="9352" /><lzss dataOffset="5164" fileName="S02_M10A.PAC.296.pac.16.lzss" size="680" tableOffset="16" uncompressedSize="1498" /><lzss dataOffset="5844" fileName="S02_M10A.PAC.296.pac.64.lzss" size="6452" tableOffset="64" uncompressedSize="33312" /></pac></source>