<source fileName="S02_M02A.PAC" size="195080" tableOffset="0"><lzss dataOffset="384" fileName="S02_M02A.PAC.40.lzss" size="4711" tableOffset="40" uncompressedSize="11120" /><lzss dataOffset="5096" fileName="S02_M02A.PAC.128.lzss" size="24610" tableOffset="128" uncompressedSize="62160" /><lzss dataOffset="29708" fileName="S02_M02A.PAC.136.lzss" size="22606" tableOffset="136" uncompressedSize="72376" /><lzss dataOffset="52316" fileName="S02_M02A.PAC.144.lzss" size="61" tableOffset="144" uncompressedSize="84" /><lzss dataOffset="52380" fileName="S02_M02A.PAC.152.lzss" size="474" tableOffset="152" uncompressedSize="1848" /><lzss dataOffset="52856" fileName="S02_M02A.PAC.160.lzss" size="17483" tableOffset="160" uncompressedSize="33312" /><lzss dataOffset="70340" fileName="S02_M02A.PAC.168.lzss" size="7949" tableOffset="168" uncompressedSize="33312" /><lzss dataOffset="78292" fileName="S02_M02A.PAC.176.lzss" size="4384" tableOffset="176" uncompressedSize="33312" /><lzss dataOffset="82676" fileName="S02_M02A.PAC.184.lzss" size="7173" tableOffset="184" uncompressedSize="33312" /><lzss dataOffset="89852" fileName="S02_M02A.PAC.192.lzss" size="6322" tableOffset="192" uncompressedSize="66080" /><lzss dataOffset="96176" fileName="S02_M02A.PAC.200.lzss" size="577" tableOffset="200" uncompressedSize="2652" /><lzss dataOffset="96756" fileName="S02_M02A.PAC.224.lzss" size="2817" tableOffset="224" uncompressedSize="10448" /><lzss dataOffset="99576" fileName="S02_M02A.PAC.232.lzss" size="2404" tableOffset="232" uncompressedSize="5044" /><pac dataOffset="101980" fileName="S02_M02A.PAC.256.pac" size="11320" tableOffset="256"><lzss dataOffset="128" fileName="S02_M02A.PAC.256.pac.0.lzss" size="4310" tableOffset="0" uncompressedSize="9012" /><lzss dataOffset="4440" fileName="S02_M02A.PAC.256.pac.16.lzss" size="1609" tableOffset="16" uncompressedSize="5292" /><lzss dataOffset="6052" fileName="S02_M02A.PAC.256.pac.64.lzss" size="5266" tableOffset="64" uncompressedSize="33312" /></pac><pac dataOffset="113300" fileName="S02_M02A.PAC.264.pac" size="480" tableOffset="264"><lzss dataOffset="128" fileName="S02_M02A.PAC.264.pac.16.lzss" size="351" tableOffset="16" uncompressedSize="706" /></pac><pac dataOffset="113780" fileName="S02_M02A.PAC.272.pac" size="13540" tableOffset="272"><lzss dataOffset="128" fileName="S02_M02A.PAC.272.pac.0.lzss" size="5317" tableOffset="0" uncompressedSize="10004" /><lzss dataOffset="5448" fileName="S02_M02A.PAC.272.pac.16.lzss" size="1477" tableOffset="16" uncompressedSize="2958" /><lzss dataOffset="6928" fileName="S02_M02A.PAC.272.pac.64.lzss" size="6610" tableOffset="64" uncompressedSize="33312" /></pac><pac dataOffset="127320" fileName="S02_M02A.PAC.280.pac" size="13252" tableOffset="280"><lzss dataOffset="128" fileName="S02_M02A.PAC.280.pac.0.lzss" size="4938" tableOffset="0" uncompressedSize="9624" /><lzss dataOffset="5068" fileName="S02_M02A.PAC.280.pac.16.lzss" size="1085" tableOffset="16" uncompressedSize="2482" /><lzss dataOffset="6156" fileName="S02_M02A.PAC.280.pac.64.lzss" size="7094" tableOffset="64" uncompressedSize="33312" /></pac><pac dataOffset="140572" fileName="S02_M02A.PAC.288.pac" size="44444" tableOffset="288"><lzss dataOffset="128" fileName="S02_M02A.PAC.288.pac.0.lzss" size="15519" tableOffset="0" uncompressedSize="28592" /><lzss dataOffset="15648" fileName="S02_M02A.PAC.288.pac.16.lzss" size="4983" tableOffset="16" uncompressedSize="10752" /><lzss dataOffset="20632" fileName="S02_M02A.PAC.288.pac.64.lzss" size="6383" tableOffset="64" uncompressedSize="33312" /><lzss dataOffset="27016" fileName="S02_M02A.PAC.288.pac.72.lzss" size="4319" tableOffset="72" uncompressedSize="33312" /><lzss dataOffset="31336" fileName="S02_M02A.PAC.288.pac.80.lzss" size="8382" tableOffset="80" uncompressedSize="33312" /><lzss dataOffset="39720" fileName="S02_M02A.PAC.288.pac.88.lzss" size="4722" tableOffset="88" uncompressedSize="33312" /></pac><pac dataOffset="185016" fileName="S02_M02A.PAC.296.pac" size="10064" tableOffset="296"><lzss dataOffset="128" fileName="S02_M02A.PAC.296.pac.0.lzss" size="2423" tableOffset="0" uncompressedSize="5024" /><lzss dataOffset="2552" fileName="S02_M02A.PAC.296.pac.16.lzss" size="691" tableOffset="16" uncompressedSize="1478" /><lzss dataOffset="3244" fileName="S02_M02A.PAC.296.pac.64.lzss" size="6818" tableOffset="64" uncompressedSize="33312" /></pac></source>