<source fileName="S02_M15A.PAC" size="202572" tableOffset="0"><lzss dataOffset="392" fileName="S02_M15A.PAC.40.lzss" size="4711" tableOffset="40" uncompressedSize="11120" /><lzss dataOffset="5104" fileName="S02_M15A.PAC.128.lzss" size="34102" tableOffset="128" uncompressedSize="72572" /><lzss dataOffset="39208" fileName="S02_M15A.PAC.136.lzss" size="35261" tableOffset="136" uncompressedSize="127140" /><lzss dataOffset="74472" fileName="S02_M15A.PAC.144.lzss" size="60" tableOffset="144" uncompressedSize="112" /><lzss dataOffset="74532" fileName="S02_M15A.PAC.152.lzss" size="263" tableOffset="152" uncompressedSize="836" /><lzss dataOffset="74796" fileName="S02_M15A.PAC.160.lzss" size="12714" tableOffset="160" uncompressedSize="33312" /><lzss dataOffset="87512" fileName="S02_M15A.PAC.168.lzss" size="10326" tableOffset="168" uncompressedSize="33312" /><lzss dataOffset="97840" fileName="S02_M15A.PAC.176.lzss" size="6230" tableOffset="176" uncompressedSize="33312" /><lzss dataOffset="104072" fileName="S02_M15A.PAC.192.lzss" size="6576" tableOffset="192" uncompressedSize="66080" /><lzss dataOffset="110648" fileName="S02_M15A.PAC.200.lzss" size="577" tableOffset="200" uncompressedSize="2652" /><lzss dataOffset="111228" fileName="S02_M15A.PAC.224.lzss" size="1732" tableOffset="224" uncompressedSize="6112" /><lzss dataOffset="112960" fileName="S02_M15A.PAC.232.lzss" size="1424" tableOffset="232" uncompressedSize="3164" /><pac dataOffset="114384" fileName="S02_M15A.PAC.256.pac" size="11320" tableOffset="256"><lzss dataOffset="128" fileName="S02_M15A.PAC.256.pac.0.lzss" size="4310" tableOffset="0" uncompressedSize="9012" /><lzss dataOffset="4440" fileName="S02_M15A.PAC.256.pac.16.lzss" size="1609" tableOffset="16" uncompressedSize="5292" /><lzss dataOffset="6052" fileName="S02_M15A.PAC.256.pac.64.lzss" size="5266" tableOffset="64" uncompressedSize="33312" /></pac><pac dataOffset="125704" fileName="S02_M15A.PAC.264.pac" size="480" tableOffset="264"><lzss dataOffset="128" fileName="S02_M15A.PAC.264.pac.16.lzss" size="351" tableOffset="16" uncompressedSize="706" /></pac><pac dataOffset="126184" fileName="S02_M15A.PAC.272.pac" size="13252" tableOffset="272"><lzss dataOffset="128" fileName="S02_M15A.PAC.272.pac.0.lzss" size="4938" tableOffset="0" uncompressedSize="9624" /><lzss dataOffset="5068" fileName="S02_M15A.PAC.272.pac.16.lzss" size="1085" tableOffset="16" uncompressedSize="2482" /><lzss dataOffset="6156" fileName="S02_M15A.PAC.272.pac.64.lzss" size="7094" tableOffset="64" uncompressedSize="33312" /></pac><pac dataOffset="139436" fileName="S02_M15A.PAC.280.pac" size="44444" tableOffset="280"><lzss dataOffset="128" fileName="S02_M15A.PAC.280.pac.0.lzss" size="15519" tableOffset="0" uncompressedSize="28592" /><lzss dataOffset="15648" fileName="S02_M15A.PAC.280.pac.16.lzss" size="4983" tableOffset="16" uncompressedSize="10752" /><lzss dataOffset="20632" fileName="S02_M15A.PAC.280.pac.64.lzss" size="6383" tableOffset="64" uncompressedSize="33312" /><lzss dataOffset="27016" fileName="S02_M15A.PAC.280.pac.72.lzss" size="4319" tableOffset="72" uncompressedSize="33312" /><lzss dataOffset="31336" fileName="S02_M15A.PAC.280.pac.80.lzss" size="8382" tableOffset="80" uncompressedSize="33312" /><lzss dataOffset="39720" fileName="S02_M15A.PAC.280.pac.88.lzss" size="4722" tableOffset="88" uncompressedSize="33312" /></pac><pac dataOffset="183880" fileName="S02_M15A.PAC.288.pac" size="10064" tableOffset="288"><lzss dataOffset="128" fileName="S02_M15A.PAC.288.pac.0.lzss" size="2423" tableOffset="0" uncompressedSize="5024" /><lzss dataOffset="2552" fileName="S02_M15A.PAC.288.pac.16.lzss" size="691" tableOffset="16" uncompressedSize="1478" /><lzss dataOffset="3244" fileName="S02_M15A.PAC.288.pac.64.lzss" size="6818" tableOffset="64" uncompressedSize="33312" /></pac><pac dataOffset="193944" fileName="S02_M15A.PAC.296.pac" size="8628" tableOffset="296"><lzss dataOffset="128" fileName="S02_M15A.PAC.296.pac.0.lzss" size="2382" tableOffset="0" uncompressedSize="4792" /><lzss dataOffset="2512" fileName="S02_M15A.PAC.296.pac.16.lzss" size="690" tableOffset="16" uncompressedSize="1266" /><lzss dataOffset="3204" fileName="S02_M15A.PAC.296.pac.64.lzss" size="5422" tableOffset="64" uncompressedSize="33312" /></pac></source>