<source fileName="S02_F.PAC" size="196328" tableOffset="0"><lzss dataOffset="384" fileName="S02_F.PAC.0.lzss" size="8460" tableOffset="0" uncompressedSize="33312" /><lzss dataOffset="8844" fileName="S02_F.PAC.40.lzss" size="4711" tableOffset="40" uncompressedSize="11120" /><lzss dataOffset="13556" fileName="S02_F.PAC.128.lzss" size="27756" tableOffset="128" uncompressedSize="59860" /><lzss dataOffset="41312" fileName="S02_F.PAC.136.lzss" size="40896" tableOffset="136" uncompressedSize="128372" /><lzss dataOffset="82208" fileName="S02_F.PAC.144.lzss" size="60" tableOffset="144" uncompressedSize="112" /><lzss dataOffset="82268" fileName="S02_F.PAC.152.lzss" size="135" tableOffset="152" uncompressedSize="284" /><lzss dataOffset="82404" fileName="S02_F.PAC.160.lzss" size="16435" tableOffset="160" uncompressedSize="33312" /><lzss dataOffset="98840" fileName="S02_F.PAC.168.lzss" size="13175" tableOffset="168" uncompressedSize="33312" /><lzss dataOffset="112016" fileName="S02_F.PAC.176.lzss" size="13016" tableOffset="176" uncompressedSize="33312" /><lzss dataOffset="125032" fileName="S02_F.PAC.184.lzss" size="4457" tableOffset="184" uncompressedSize="33312" /><lzss dataOffset="129492" fileName="S02_F.PAC.192.lzss" size="8053" tableOffset="192" uncompressedSize="66080" /><lzss dataOffset="137548" fileName="S02_F.PAC.224.lzss" size="1360" tableOffset="224" uncompressedSize="3962" /><lzss dataOffset="138908" fileName="S02_F.PAC.232.lzss" size="1128" tableOffset="232" uncompressedSize="2560" /><pac dataOffset="140036" fileName="S02_F.PAC.256.pac" size="11320" tableOffset="256"><lzss dataOffset="128" fileName="S02_F.PAC.256.pac.0.lzss" size="4310" tableOffset="0" uncompressedSize="9012" /><lzss dataOffset="4440" fileName="S02_F.PAC.256.pac.16.lzss" size="1609" tableOffset="16" uncompressedSize="5292" /><lzss dataOffset="6052" fileName="S02_F.PAC.256.pac.64.lzss" size="5266" tableOffset="64" uncompressedSize="33312" /></pac><pac dataOffset="151356" fileName="S02_F.PAC.264.pac" size="44972" tableOffset="264"><lzss dataOffset="128" fileName="S02_F.PAC.264.pac.0.lzss" size="15519" tableOffset="0" uncompressedSize="28592" /><lzss dataOffset="15648" fileName="S02_F.PAC.264.pac.16.lzss" size="5509" tableOffset="16" uncompressedSize="13274" /><lzss dataOffset="21160" fileName="S02_F.PAC.264.pac.64.lzss" size="6383" tableOffset="64" uncompressedSize="33312" /><lzss dataOffset="27544" fileName="S02_F.PAC.264.pac.72.lzss" size="4319" tableOffset="72" uncompressedSize="33312" /><lzss dataOffset="31864" fileName="S02_F.PAC.264.pac.80.lzss" size="8382" tableOffset="80" uncompressedSize="33312" /><lzss dataOffset="40248" fileName="S02_F.PAC.264.pac.88.lzss" size="4722" tableOffset="88" uncompressedSize="33312" /></pac></source>