<source fileName="S02_M08B.PAC" size="118928" tableOffset="0"><lzss dataOffset="392" fileName="S02_M08B.PAC.40.lzss" size="4711" tableOffset="40" uncompressedSize="11120" /><lzss dataOffset="5104" fileName="S02_M08B.PAC.128.lzss" size="26400" tableOffset="128" uncompressedSize="63132" /><lzss dataOffset="31504" fileName="S02_M08B.PAC.136.lzss" size="36209" tableOffset="136" uncompressedSize="127044" /><lzss dataOffset="67716" fileName="S02_M08B.PAC.144.lzss" size="59" tableOffset="144" uncompressedSize="112" /><lzss dataOffset="67776" fileName="S02_M08B.PAC.152.lzss" size="189" tableOffset="152" uncompressedSize="492" /><lzss dataOffset="67968" fileName="S02_M08B.PAC.160.lzss" size="5424" tableOffset="160" uncompressedSize="33312" /><lzss dataOffset="73392" fileName="S02_M08B.PAC.168.lzss" size="6850" tableOffset="168" uncompressedSize="33312" /><lzss dataOffset="80244" fileName="S02_M08B.PAC.200.lzss" size="577" tableOffset="200" uncompressedSize="2652" /><lzss dataOffset="80824" fileName="S02_M08B.PAC.224.lzss" size="1619" tableOffset="224" uncompressedSize="6342" /><lzss dataOffset="82444" fileName="S02_M08B.PAC.232.lzss" size="1421" tableOffset="232" uncompressedSize="3076" /><pac dataOffset="83868" fileName="S02_M08B.PAC.256.pac" size="11320" tableOffset="256"><lzss dataOffset="128" fileName="S02_M08B.PAC.256.pac.0.lzss" size="4310" tableOffset="0" uncompressedSize="9012" /><lzss dataOffset="4440" fileName="S02_M08B.PAC.256.pac.16.lzss" size="1609" tableOffset="16" uncompressedSize="5292" /><lzss dataOffset="6052" fileName="S02_M08B.PAC.256.pac.64.lzss" size="5266" tableOffset="64" uncompressedSize="33312" /></pac><pac dataOffset="95188" fileName="S02_M08B.PAC.264.pac" size="480" tableOffset="264"><lzss dataOffset="128" fileName="S02_M08B.PAC.264.pac.16.lzss" size="351" tableOffset="16" uncompressedSize="706" /></pac><pac dataOffset="95668" fileName="S02_M08B.PAC.272.pac" size="11280" tableOffset="272"><lzss dataOffset="128" fileName="S02_M08B.PAC.272.pac.0.lzss" size="5356" tableOffset="0" uncompressedSize="10344" /><lzss dataOffset="5484" fileName="S02_M08B.PAC.272.pac.16.lzss" size="596" tableOffset="16" uncompressedSize="1358" /><lzss dataOffset="6080" fileName="S02_M08B.PAC.272.pac.64.lzss" size="5200" tableOffset="64" uncompressedSize="33312" /></pac><pac dataOffset="106948" fileName="S02_M08B.PAC.280.pac" size="11980" tableOffset="280"><lzss dataOffset="128" fileName="S02_M08B.PAC.280.pac.0.lzss" size="5175" tableOffset="0" uncompressedSize="9792" /><lzss dataOffset="5304" fileName="S02_M08B.PAC.280.pac.16.lzss" size="1731" tableOffset="16" uncompressedSize="3250" /><lzss dataOffset="7036" fileName="S02_M08B.PAC.280.pac.64.lzss" size="4944" tableOffset="64" uncompressedSize="33312" /></pac></source>