<source fileName="S02_M03A.PAC" size="184336" tableOffset="0"><lzss dataOffset="384" fileName="S02_M03A.PAC.40.lzss" size="4711" tableOffset="40" uncompressedSize="11120" /><lzss dataOffset="5096" fileName="S02_M03A.PAC.128.lzss" size="23473" tableOffset="128" uncompressedSize="54348" /><lzss dataOffset="28572" fileName="S02_M03A.PAC.136.lzss" size="34296" tableOffset="136" uncompressedSize="127056" /><lzss dataOffset="62868" fileName="S02_M03A.PAC.144.lzss" size="71" tableOffset="144" uncompressedSize="112" /><lzss dataOffset="62940" fileName="S02_M03A.PAC.152.lzss" size="522" tableOffset="152" uncompressedSize="1956" /><lzss dataOffset="63464" fileName="S02_M03A.PAC.160.lzss" size="6879" tableOffset="160" uncompressedSize="33312" /><lzss dataOffset="70344" fileName="S02_M03A.PAC.168.lzss" size="11980" tableOffset="168" uncompressedSize="33312" /><lzss dataOffset="82324" fileName="S02_M03A.PAC.176.lzss" size="5997" tableOffset="176" uncompressedSize="33312" /><lzss dataOffset="88324" fileName="S02_M03A.PAC.184.lzss" size="6849" tableOffset="184" uncompressedSize="33312" /><lzss dataOffset="95176" fileName="S02_M03A.PAC.192.lzss" size="8564" tableOffset="192" uncompressedSize="66080" /><lzss dataOffset="103740" fileName="S02_M03A.PAC.200.lzss" size="577" tableOffset="200" uncompressedSize="2652" /><lzss dataOffset="104320" fileName="S02_M03A.PAC.224.lzss" size="2319" tableOffset="224" uncompressedSize="8608" /><lzss dataOffset="106640" fileName="S02_M03A.PAC.232.lzss" size="1644" tableOffset="232" uncompressedSize="3836" /><pac dataOffset="108284" fileName="S02_M03A.PAC.256.pac" size="11320" tableOffset="256"><lzss dataOffset="128" fileName="S02_M03A.PAC.256.pac.0.lzss" size="4310" tableOffset="0" uncompressedSize="9012" /><lzss dataOffset="4440" fileName="S02_M03A.PAC.256.pac.16.lzss" size="1609" tableOffset="16" uncompressedSize="5292" /><lzss dataOffset="6052" fileName="S02_M03A.PAC.256.pac.64.lzss" size="5266" tableOffset="64" uncompressedSize="33312" /></pac><pac dataOffset="119604" fileName="S02_M03A.PAC.264.pac" size="480" tableOffset="264"><lzss dataOffset="128" fileName="S02_M03A.PAC.264.pac.16.lzss" size="351" tableOffset="16" uncompressedSize="706" /></pac><pac dataOffset="120084" fileName="S02_M03A.PAC.272.pac" size="12964" tableOffset="272"><lzss dataOffset="128" fileName="S02_M03A.PAC.272.pac.0.lzss" size="4885" tableOffset="0" uncompressedSize="9192" /><lzss dataOffset="5016" fileName="S02_M03A.PAC.272.pac.16.lzss" size="2654" tableOffset="16" uncompressedSize="8162" /><lzss dataOffset="7672" fileName="S02_M03A.PAC.272.pac.64.lzss" size="5290" tableOffset="64" uncompressedSize="33312" /></pac><pac dataOffset="133048" fileName="S02_M03A.PAC.280.pac" size="12780" tableOffset="280"><lzss dataOffset="128" fileName="S02_M03A.PAC.280.pac.0.lzss" size="4876" tableOffset="0" uncompressedSize="9304" /><lzss dataOffset="5004" fileName="S02_M03A.PAC.280.pac.16.lzss" size="2078" tableOffset="16" uncompressedSize="5802" /><lzss dataOffset="7084" fileName="S02_M03A.PAC.280.pac.64.lzss" size="5696" tableOffset="64" uncompressedSize="33312" /></pac><pac dataOffset="145828" fileName="S02_M03A.PAC.288.pac" size="13736" tableOffset="288"><lzss dataOffset="128" fileName="S02_M03A.PAC.288.pac.0.lzss" size="5158" tableOffset="0" uncompressedSize="10168" /><lzss dataOffset="5288" fileName="S02_M03A.PAC.288.pac.16.lzss" size="574" tableOffset="16" uncompressedSize="1324" /><lzss dataOffset="5864" fileName="S02_M03A.PAC.288.pac.64.lzss" size="7869" tableOffset="64" uncompressedSize="33312" /></pac><pac dataOffset="159564" fileName="S02_M03A.PAC.296.pac" size="11772" tableOffset="296"><lzss dataOffset="128" fileName="S02_M03A.PAC.296.pac.0.lzss" size="5297" tableOffset="0" uncompressedSize="9892" /><lzss dataOffset="5428" fileName="S02_M03A.PAC.296.pac.16.lzss" size="650" tableOffset="16" uncompressedSize="1130" /><lzss dataOffset="6080" fileName="S02_M03A.PAC.296.pac.64.lzss" size="5690" tableOffset="64" uncompressedSize="33312" /></pac><pac dataOffset="171336" fileName="S02_M03A.PAC.304.pac" size="13000" tableOffset="304"><lzss dataOffset="128" fileName="S02_M03A.PAC.304.pac.0.lzss" size="5671" tableOffset="0" uncompressedSize="10392" /><lzss dataOffset="5800" fileName="S02_M03A.PAC.304.pac.16.lzss" size="784" tableOffset="16" uncompressedSize="1710" /><lzss dataOffset="6584" fileName="S02_M03A.PAC.304.pac.64.lzss" size="6416" tableOffset="64" uncompressedSize="33312" /></pac></source>