<source fileName="S02_M11C.PAC" size="191124" tableOffset="0"><lzss dataOffset="384" fileName="S02_M11C.PAC.40.lzss" size="4711" tableOffset="40" uncompressedSize="11120" /><lzss dataOffset="5096" fileName="S02_M11C.PAC.128.lzss" size="28988" tableOffset="128" uncompressedSize="72152" /><lzss dataOffset="34084" fileName="S02_M11C.PAC.136.lzss" size="37711" tableOffset="136" uncompressedSize="127348" /><lzss dataOffset="71796" fileName="S02_M11C.PAC.144.lzss" size="78" tableOffset="144" uncompressedSize="144" /><lzss dataOffset="71876" fileName="S02_M11C.PAC.152.lzss" size="400" tableOffset="152" uncompressedSize="1600" /><lzss dataOffset="72276" fileName="S02_M11C.PAC.160.lzss" size="7512" tableOffset="160" uncompressedSize="33312" /><lzss dataOffset="79788" fileName="S02_M11C.PAC.168.lzss" size="9283" tableOffset="168" uncompressedSize="33312" /><lzss dataOffset="89072" fileName="S02_M11C.PAC.176.lzss" size="7930" tableOffset="176" uncompressedSize="33312" /><lzss dataOffset="97004" fileName="S02_M11C.PAC.184.lzss" size="11564" tableOffset="184" uncompressedSize="33312" /><lzss dataOffset="108568" fileName="S02_M11C.PAC.192.lzss" size="8564" tableOffset="192" uncompressedSize="66080" /><lzss dataOffset="117132" fileName="S02_M11C.PAC.200.lzss" size="577" tableOffset="200" uncompressedSize="2652" /><lzss dataOffset="117712" fileName="S02_M11C.PAC.224.lzss" size="2084" tableOffset="224" uncompressedSize="7040" /><lzss dataOffset="119796" fileName="S02_M11C.PAC.232.lzss" size="1541" tableOffset="232" uncompressedSize="3672" /><pac dataOffset="121340" fileName="S02_M11C.PAC.256.pac" size="11320" tableOffset="256"><lzss dataOffset="128" fileName="S02_M11C.PAC.256.pac.0.lzss" size="4310" tableOffset="0" uncompressedSize="9012" /><lzss dataOffset="4440" fileName="S02_M11C.PAC.256.pac.16.lzss" size="1609" tableOffset="16" uncompressedSize="5292" /><lzss dataOffset="6052" fileName="S02_M11C.PAC.256.pac.64.lzss" size="5266" tableOffset="64" uncompressedSize="33312" /></pac><pac dataOffset="132660" fileName="S02_M11C.PAC.264.pac" size="480" tableOffset="264"><lzss dataOffset="128" fileName="S02_M11C.PAC.264.pac.16.lzss" size="351" tableOffset="16" uncompressedSize="706" /></pac><pac dataOffset="133140" fileName="S02_M11C.PAC.272.pac" size="13540" tableOffset="272"><lzss dataOffset="128" fileName="S02_M11C.PAC.272.pac.0.lzss" size="5317" tableOffset="0" uncompressedSize="10004" /><lzss dataOffset="5448" fileName="S02_M11C.PAC.272.pac.16.lzss" size="1477" tableOffset="16" uncompressedSize="2958" /><lzss dataOffset="6928" fileName="S02_M11C.PAC.272.pac.64.lzss" size="6610" tableOffset="64" uncompressedSize="33312" /></pac><pac dataOffset="146680" fileName="S02_M11C.PAC.280.pac" size="44444" tableOffset="280"><lzss dataOffset="128" fileName="S02_M11C.PAC.280.pac.0.lzss" size="15519" tableOffset="0" uncompressedSize="28592" /><lzss dataOffset="15648" fileName="S02_M11C.PAC.280.pac.16.lzss" size="4983" tableOffset="16" uncompressedSize="10752" /><lzss dataOffset="20632" fileName="S02_M11C.PAC.280.pac.64.lzss" size="6383" tableOffset="64" uncompressedSize="33312" /><lzss dataOffset="27016" fileName="S02_M11C.PAC.280.pac.72.lzss" size="4319" tableOffset="72" uncompressedSize="33312" /><lzss dataOffset="31336" fileName="S02_M11C.PAC.280.pac.80.lzss" size="8382" tableOffset="80" uncompressedSize="33312" /><lzss dataOffset="39720" fileName="S02_M11C.PAC.280.pac.88.lzss" size="4722" tableOffset="88" uncompressedSize="33312" /></pac></source>