<source fileName="S02_M04A.PAC" size="186252" tableOffset="0"><lzss dataOffset="392" fileName="S02_M04A.PAC.40.lzss" size="4711" tableOffset="40" uncompressedSize="11120" /><lzss dataOffset="5104" fileName="S02_M04A.PAC.128.lzss" size="23430" tableOffset="128" uncompressedSize="50840" /><lzss dataOffset="28536" fileName="S02_M04A.PAC.136.lzss" size="34811" tableOffset="136" uncompressedSize="127348" /><lzss dataOffset="63348" fileName="S02_M04A.PAC.144.lzss" size="80" tableOffset="144" uncompressedSize="112" /><lzss dataOffset="63428" fileName="S02_M04A.PAC.152.lzss" size="275" tableOffset="152" uncompressedSize="900" /><lzss dataOffset="63704" fileName="S02_M04A.PAC.160.lzss" size="6102" tableOffset="160" uncompressedSize="33312" /><lzss dataOffset="69808" fileName="S02_M04A.PAC.168.lzss" size="11550" tableOffset="168" uncompressedSize="33312" /><lzss dataOffset="81360" fileName="S02_M04A.PAC.176.lzss" size="5013" tableOffset="176" uncompressedSize="33312" /><lzss dataOffset="86376" fileName="S02_M04A.PAC.184.lzss" size="3892" tableOffset="184" uncompressedSize="33312" /><lzss dataOffset="90268" fileName="S02_M04A.PAC.192.lzss" size="8564" tableOffset="192" uncompressedSize="66080" /><lzss dataOffset="98832" fileName="S02_M04A.PAC.200.lzss" size="577" tableOffset="200" uncompressedSize="2652" /><lzss dataOffset="99412" fileName="S02_M04A.PAC.224.lzss" size="1983" tableOffset="224" uncompressedSize="6898" /><lzss dataOffset="101396" fileName="S02_M04A.PAC.232.lzss" size="1621" tableOffset="232" uncompressedSize="3436" /><pac dataOffset="103020" fileName="S02_M04A.PAC.256.pac" size="11320" tableOffset="256"><lzss dataOffset="128" fileName="S02_M04A.PAC.256.pac.0.lzss" size="4310" tableOffset="0" uncompressedSize="9012" /><lzss dataOffset="4440" fileName="S02_M04A.PAC.256.pac.16.lzss" size="1609" tableOffset="16" uncompressedSize="5292" /><lzss dataOffset="6052" fileName="S02_M04A.PAC.256.pac.64.lzss" size="5266" tableOffset="64" uncompressedSize="33312" /></pac><pac dataOffset="114340" fileName="S02_M04A.PAC.264.pac" size="480" tableOffset="264"><lzss dataOffset="128" fileName="S02_M04A.PAC.264.pac.16.lzss" size="351" tableOffset="16" uncompressedSize="706" /></pac><pac dataOffset="114820" fileName="S02_M04A.PAC.272.pac" size="13736" tableOffset="272"><lzss dataOffset="128" fileName="S02_M04A.PAC.272.pac.0.lzss" size="5158" tableOffset="0" uncompressedSize="10168" /><lzss dataOffset="5288" fileName="S02_M04A.PAC.272.pac.16.lzss" size="574" tableOffset="16" uncompressedSize="1324" /><lzss dataOffset="5864" fileName="S02_M04A.PAC.272.pac.64.lzss" size="7869" tableOffset="64" uncompressedSize="33312" /></pac><pac dataOffset="128556" fileName="S02_M04A.PAC.280.pac" size="13252" tableOffset="280"><lzss dataOffset="128" fileName="S02_M04A.PAC.280.pac.0.lzss" size="4938" tableOffset="0" uncompressedSize="9624" /><lzss dataOffset="5068" fileName="S02_M04A.PAC.280.pac.16.lzss" size="1085" tableOffset="16" uncompressedSize="2482" /><lzss dataOffset="6156" fileName="S02_M04A.PAC.280.pac.64.lzss" size="7094" tableOffset="64" uncompressedSize="33312" /></pac><pac dataOffset="141808" fileName="S02_M04A.PAC.288.pac" size="44444" tableOffset="288"><lzss dataOffset="128" fileName="S02_M04A.PAC.288.pac.0.lzss" size="15519" tableOffset="0" uncompressedSize="28592" /><lzss dataOffset="15648" fileName="S02_M04A.PAC.288.pac.16.lzss" size="4983" tableOffset="16" uncompressedSize="10752" /><lzss dataOffset="20632" fileName="S02_M04A.PAC.288.pac.64.lzss" size="6383" tableOffset="64" uncompressedSize="33312" /><lzss dataOffset="27016" fileName="S02_M04A.PAC.288.pac.72.lzss" size="4319" tableOffset="72" uncompressedSize="33312" /><lzss dataOffset="31336" fileName="S02_M04A.PAC.288.pac.80.lzss" size="8382" tableOffset="80" uncompressedSize="33312" /><lzss dataOffset="39720" fileName="S02_M04A.PAC.288.pac.88.lzss" size="4722" tableOffset="88" uncompressedSize="33312" /></pac></source>