<source fileName="S02_M00B.PAC" size="120824" tableOffset="0"><lzss dataOffset="384" fileName="S02_M00B.PAC.40.lzss" size="4711" tableOffset="40" uncompressedSize="11120" /><lzss dataOffset="5096" fileName="S02_M00B.PAC.128.lzss" size="21333" tableOffset="128" uncompressedSize="41496" /><lzss dataOffset="26432" fileName="S02_M00B.PAC.136.lzss" size="36127" tableOffset="136" uncompressedSize="127604" /><lzss dataOffset="62560" fileName="S02_M00B.PAC.144.lzss" size="92" tableOffset="144" uncompressedSize="112" /><lzss dataOffset="62652" fileName="S02_M00B.PAC.152.lzss" size="306" tableOffset="152" uncompressedSize="1068" /><lzss dataOffset="62960" fileName="S02_M00B.PAC.160.lzss" size="8293" tableOffset="160" uncompressedSize="33312" /><lzss dataOffset="71256" fileName="S02_M00B.PAC.168.lzss" size="5571" tableOffset="168" uncompressedSize="33312" /><lzss dataOffset="76828" fileName="S02_M00B.PAC.200.lzss" size="577" tableOffset="200" uncompressedSize="2652" /><lzss dataOffset="77408" fileName="S02_M00B.PAC.224.lzss" size="2558" tableOffset="224" uncompressedSize="11302" /><lzss dataOffset="79968" fileName="S02_M00B.PAC.232.lzss" size="4251" tableOffset="232" uncompressedSize="9056" /><pac dataOffset="84220" fileName="S02_M00B.PAC.256.pac" size="11320" tableOffset="256"><lzss dataOffset="128" fileName="S02_M00B.PAC.256.pac.0.lzss" size="4310" tableOffset="0" uncompressedSize="9012" /><lzss dataOffset="4440" fileName="S02_M00B.PAC.256.pac.16.lzss" size="1609" tableOffset="16" uncompressedSize="5292" /><lzss dataOffset="6052" fileName="S02_M00B.PAC.256.pac.64.lzss" size="5266" tableOffset="64" uncompressedSize="33312" /></pac><pac dataOffset="95540" fileName="S02_M00B.PAC.264.pac" size="480" tableOffset="264"><lzss dataOffset="128" fileName="S02_M00B.PAC.264.pac.16.lzss" size="351" tableOffset="16" uncompressedSize="706" /></pac><pac dataOffset="96020" fileName="S02_M00B.PAC.272.pac" size="14816" tableOffset="272"><lzss dataOffset="128" fileName="S02_M00B.PAC.272.pac.0.lzss" size="5030" tableOffset="0" uncompressedSize="9396" /><lzss dataOffset="5160" fileName="S02_M00B.PAC.272.pac.16.lzss" size="3164" tableOffset="16" uncompressedSize="8246" /><lzss dataOffset="8324" fileName="S02_M00B.PAC.272.pac.64.lzss" size="6491" tableOffset="64" uncompressedSize="33312" /></pac><pac dataOffset="110836" fileName="S02_M00B.PAC.280.pac" size="9988" tableOffset="280"><lzss dataOffset="128" fileName="S02_M00B.PAC.280.pac.0.lzss" size="3923" tableOffset="0" uncompressedSize="9640" /><lzss dataOffset="4052" fileName="S02_M00B.PAC.280.pac.16.lzss" size="547" tableOffset="16" uncompressedSize="1110" /><lzss dataOffset="4600" fileName="S02_M00B.PAC.280.pac.64.lzss" size="5387" tableOffset="64" uncompressedSize="33312" /></pac></source>