<source fileName="S02_M14A.PAC" size="112612" tableOffset="0"><lzss dataOffset="392" fileName="S02_M14A.PAC.40.lzss" size="4711" tableOffset="40" uncompressedSize="11120" /><lzss dataOffset="5104" fileName="S02_M14A.PAC.128.lzss" size="19975" tableOffset="128" uncompressedSize="56176" /><lzss dataOffset="25080" fileName="S02_M14A.PAC.136.lzss" size="36912" tableOffset="136" uncompressedSize="127324" /><lzss dataOffset="61992" fileName="S02_M14A.PAC.144.lzss" size="72" tableOffset="144" uncompressedSize="192" /><lzss dataOffset="62064" fileName="S02_M14A.PAC.152.lzss" size="303" tableOffset="152" uncompressedSize="724" /><lzss dataOffset="62368" fileName="S02_M14A.PAC.160.lzss" size="18112" tableOffset="160" uncompressedSize="33312" /><lzss dataOffset="80480" fileName="S02_M14A.PAC.168.lzss" size="11588" tableOffset="168" uncompressedSize="33312" /><lzss dataOffset="92068" fileName="S02_M14A.PAC.192.lzss" size="6322" tableOffset="192" uncompressedSize="66080" /><lzss dataOffset="98392" fileName="S02_M14A.PAC.200.lzss" size="577" tableOffset="200" uncompressedSize="2652" /><lzss dataOffset="98972" fileName="S02_M14A.PAC.224.lzss" size="1120" tableOffset="224" uncompressedSize="3440" /><lzss dataOffset="100092" fileName="S02_M14A.PAC.232.lzss" size="719" tableOffset="232" uncompressedSize="1900" /><pac dataOffset="100812" fileName="S02_M14A.PAC.256.pac" size="11320" tableOffset="256"><lzss dataOffset="128" fileName="S02_M14A.PAC.256.pac.0.lzss" size="4310" tableOffset="0" uncompressedSize="9012" /><lzss dataOffset="4440" fileName="S02_M14A.PAC.256.pac.16.lzss" size="1609" tableOffset="16" uncompressedSize="5292" /><lzss dataOffset="6052" fileName="S02_M14A.PAC.256.pac.64.lzss" size="5266" tableOffset="64" uncompressedSize="33312" /></pac><pac dataOffset="112132" fileName="S02_M14A.PAC.264.pac" size="480" tableOffset="264"><lzss dataOffset="128" fileName="S02_M14A.PAC.264.pac.16.lzss" size="351" tableOffset="16" uncompressedSize="706" /></pac></source>