<source fileName="S02_M15B.PAC" size="178268" tableOffset="0"><lzss dataOffset="392" fileName="S02_M15B.PAC.0.lzss" size="15582" tableOffset="0" uncompressedSize="61984" /><lzss dataOffset="15976" fileName="S02_M15B.PAC.8.lzss" size="3196" tableOffset="8" uncompressedSize="33312" /><lzss dataOffset="19172" fileName="S02_M15B.PAC.16.lzss" size="8460" tableOffset="16" uncompressedSize="33312" /><lzss dataOffset="27632" fileName="S02_M15B.PAC.24.lzss" size="6217" tableOffset="24" uncompressedSize="33312" /><lzss dataOffset="33852" fileName="S02_M15B.PAC.40.lzss" size="4711" tableOffset="40" uncompressedSize="11120" /><lzss dataOffset="38564" fileName="S02_M15B.PAC.128.lzss" size="39361" tableOffset="128" uncompressedSize="75072" /><lzss dataOffset="77928" fileName="S02_M15B.PAC.136.lzss" size="34903" tableOffset="136" uncompressedSize="127216" /><lzss dataOffset="112832" fileName="S02_M15B.PAC.144.lzss" size="60" tableOffset="144" uncompressedSize="112" /><lzss dataOffset="112892" fileName="S02_M15B.PAC.152.lzss" size="137" tableOffset="152" uncompressedSize="348" /><lzss dataOffset="113032" fileName="S02_M15B.PAC.160.lzss" size="8650" tableOffset="160" uncompressedSize="33312" /><lzss dataOffset="121684" fileName="S02_M15B.PAC.168.lzss" size="7410" tableOffset="168" uncompressedSize="33312" /><lzss dataOffset="129096" fileName="S02_M15B.PAC.176.lzss" size="6794" tableOffset="176" uncompressedSize="33312" /><lzss dataOffset="135892" fileName="S02_M15B.PAC.184.lzss" size="7253" tableOffset="184" uncompressedSize="33312" /><lzss dataOffset="143148" fileName="S02_M15B.PAC.192.lzss" size="6576" tableOffset="192" uncompressedSize="66080" /><lzss dataOffset="149724" fileName="S02_M15B.PAC.200.lzss" size="577" tableOffset="200" uncompressedSize="2652" /><lzss dataOffset="150304" fileName="S02_M15B.PAC.224.lzss" size="1668" tableOffset="224" uncompressedSize="4816" /><lzss dataOffset="151972" fileName="S02_M15B.PAC.232.lzss" size="1241" tableOffset="232" uncompressedSize="2724" /><pac dataOffset="153216" fileName="S02_M15B.PAC.256.pac" size="11320" tableOffset="256"><lzss dataOffset="128" fileName="S02_M15B.PAC.256.pac.0.lzss" size="4310" tableOffset="0" uncompressedSize="9012" /><lzss dataOffset="4440" fileName="S02_M15B.PAC.256.pac.16.lzss" size="1609" tableOffset="16" uncompressedSize="5292" /><lzss dataOffset="6052" fileName="S02_M15B.PAC.256.pac.64.lzss" size="5266" tableOffset="64" uncompressedSize="33312" /></pac><pac dataOffset="164536" fileName="S02_M15B.PAC.264.pac" size="480" tableOffset="264"><lzss dataOffset="128" fileName="S02_M15B.PAC.264.pac.16.lzss" size="351" tableOffset="16" uncompressedSize="706" /></pac><pac dataOffset="165016" fileName="S02_M15B.PAC.272.pac" size="13252" tableOffset="272"><lzss dataOffset="128" fileName="S02_M15B.PAC.272.pac.0.lzss" size="4938" tableOffset="0" uncompressedSize="9624" /><lzss dataOffset="5068" fileName="S02_M15B.PAC.272.pac.16.lzss" size="1085" tableOffset="16" uncompressedSize="2482" /><lzss dataOffset="6156" fileName="S02_M15B.PAC.272.pac.64.lzss" size="7094" tableOffset="64" uncompressedSize="33312" /></pac></source>