<source fileName="S02_B.PAC" size="171108" tableOffset="0"><lzss dataOffset="384" fileName="S02_B.PAC.0.lzss" size="8460" tableOffset="0" uncompressedSize="33312" /><lzss dataOffset="8844" fileName="S02_B.PAC.40.lzss" size="4711" tableOffset="40" uncompressedSize="11120" /><lzss dataOffset="13556" fileName="S02_B.PAC.128.lzss" size="18053" tableOffset="128" uncompressedSize="55696" /><lzss dataOffset="31612" fileName="S02_B.PAC.136.lzss" size="35697" tableOffset="136" uncompressedSize="126996" /><lzss dataOffset="67312" fileName="S02_B.PAC.144.lzss" size="63" tableOffset="144" uncompressedSize="112" /><lzss dataOffset="67376" fileName="S02_B.PAC.152.lzss" size="450" tableOffset="152" uncompressedSize="1256" /><lzss dataOffset="67828" fileName="S02_B.PAC.160.lzss" size="10372" tableOffset="160" uncompressedSize="33312" /><lzss dataOffset="78200" fileName="S02_B.PAC.168.lzss" size="10311" tableOffset="168" uncompressedSize="33312" /><lzss dataOffset="88512" fileName="S02_B.PAC.176.lzss" size="8600" tableOffset="176" uncompressedSize="33312" /><lzss dataOffset="97112" fileName="S02_B.PAC.184.lzss" size="9538" tableOffset="184" uncompressedSize="33312" /><lzss dataOffset="106652" fileName="S02_B.PAC.224.lzss" size="951" tableOffset="224" uncompressedSize="2536" /><lzss dataOffset="107604" fileName="S02_B.PAC.232.lzss" size="581" tableOffset="232" uncompressedSize="1620" /><pac dataOffset="108188" fileName="S02_B.PAC.256.pac" size="11320" tableOffset="256"><lzss dataOffset="128" fileName="S02_B.PAC.256.pac.0.lzss" size="4310" tableOffset="0" uncompressedSize="9012" /><lzss dataOffset="4440" fileName="S02_B.PAC.256.pac.16.lzss" size="1609" tableOffset="16" uncompressedSize="5292" /><lzss dataOffset="6052" fileName="S02_B.PAC.256.pac.64.lzss" size="5266" tableOffset="64" uncompressedSize="33312" /></pac><pac dataOffset="119508" fileName="S02_B.PAC.264.pac" size="8392" tableOffset="264"><lzss dataOffset="128" fileName="S02_B.PAC.264.pac.0.lzss" size="898" tableOffset="0" uncompressedSize="1936" /><lzss dataOffset="1028" fileName="S02_B.PAC.264.pac.16.lzss" size="562" tableOffset="16" uncompressedSize="1318" /><lzss dataOffset="1592" fileName="S02_B.PAC.264.pac.64.lzss" size="6798" tableOffset="64" uncompressedSize="33312" /></pac><pac dataOffset="127900" fileName="S02_B.PAC.272.pac" size="1920" tableOffset="272"><lzss dataOffset="128" fileName="S02_B.PAC.272.pac.0.lzss" size="1470" tableOffset="0" uncompressedSize="4348" /><lzss dataOffset="1600" fileName="S02_B.PAC.272.pac.16.lzss" size="319" tableOffset="16" uncompressedSize="680" /><textureSymbol dataOffset="0" size="4294967295" tableOffset="64" /></pac><pac dataOffset="129820" fileName="S02_B.PAC.280.pac" size="10588" tableOffset="280"><lzss dataOffset="128" fileName="S02_B.PAC.280.pac.0.lzss" size="561" tableOffset="0" uncompressedSize="1164" /><lzss dataOffset="692" fileName="S02_B.PAC.280.pac.16.lzss" size="230" tableOffset="16" uncompressedSize="458" /><lzss dataOffset="924" fileName="S02_B.PAC.280.pac.64.lzss" size="9661" tableOffset="64" uncompressedSize="33312" /></pac><pac dataOffset="140408" fileName="S02_B.PAC.288.pac" size="1392" tableOffset="288"><lzss dataOffset="128" fileName="S02_B.PAC.288.pac.0.lzss" size="906" tableOffset="0" uncompressedSize="1624" /><lzss dataOffset="1036" fileName="S02_B.PAC.288.pac.16.lzss" size="353" tableOffset="16" uncompressedSize="704" /><textureSymbol dataOffset="0" size="4294967295" tableOffset="64" /></pac><pac dataOffset="141800" fileName="S02_B.PAC.296.pac" size="2216" tableOffset="296"><lzss dataOffset="128" fileName="S02_B.PAC.296.pac.0.lzss" size="1667" tableOffset="0" uncompressedSize="3896" /><lzss dataOffset="1796" fileName="S02_B.PAC.296.pac.16.lzss" size="417" tableOffset="16" uncompressedSize="840" /><textureSymbol dataOffset="0" size="4294967295" tableOffset="64" /></pac><pac dataOffset="144016" fileName="S02_B.PAC.304.pac" size="12488" tableOffset="304"><lzss dataOffset="128" fileName="S02_B.PAC.304.pac.0.lzss" size="1508" tableOffset="0" uncompressedSize="3752" /><lzss dataOffset="1636" fileName="S02_B.PAC.304.pac.16.lzss" size="488" tableOffset="16" uncompressedSize="1042" /><lzss dataOffset="2124" fileName="S02_B.PAC.304.pac.64.lzss" size="10362" tableOffset="64" uncompressedSize="33312" /></pac><pac dataOffset="156504" fileName="S02_B.PAC.312.pac" size="1016" tableOffset="312"><lzss dataOffset="128" fileName="S02_B.PAC.312.pac.0.lzss" size="707" tableOffset="0" uncompressedSize="1476" /><lzss dataOffset="836" fileName="S02_B.PAC.312.pac.16.lzss" size="180" tableOffset="16" uncompressedSize="348" /><textureSymbol dataOffset="0" size="4294967295" tableOffset="64" /></pac><pac dataOffset="157520" fileName="S02_B.PAC.320.pac" size="1632" tableOffset="320"><lzss dataOffset="128" fileName="S02_B.PAC.320.pac.0.lzss" size="1083" tableOffset="0" uncompressedSize="2296" /><lzss dataOffset="1212" fileName="S02_B.PAC.320.pac.16.lzss" size="420" tableOffset="16" uncompressedSize="1000" /><textureSymbol dataOffset="0" size="4294967295" tableOffset="64" /></pac><pac dataOffset="159152" fileName="S02_B.PAC.328.pac" size="11956" tableOffset="328"><lzss dataOffset="128" fileName="S02_B.PAC.328.pac.0.lzss" size="1392" tableOffset="0" uncompressedSize="2752" /><lzss dataOffset="1520" fileName="S02_B.PAC.328.pac.16.lzss" size="370" tableOffset="16" uncompressedSize="732" /><lzss dataOffset="1892" fileName="S02_B.PAC.328.pac.64.lzss" size="10061" tableOffset="64" uncompressedSize="33312" /></pac></source>