<source fileName="S02_M02E.PAC" size="153332" tableOffset="0"><lzss dataOffset="384" fileName="S02_M02E.PAC.40.lzss" size="4711" tableOffset="40" uncompressedSize="11120" /><lzss dataOffset="5096" fileName="S02_M02E.PAC.128.lzss" size="24610" tableOffset="128" uncompressedSize="62160" /><lzss dataOffset="29708" fileName="S02_M02E.PAC.136.lzss" size="22606" tableOffset="136" uncompressedSize="72376" /><lzss dataOffset="52316" fileName="S02_M02E.PAC.144.lzss" size="61" tableOffset="144" uncompressedSize="84" /><lzss dataOffset="52380" fileName="S02_M02E.PAC.152.lzss" size="474" tableOffset="152" uncompressedSize="1848" /><lzss dataOffset="52856" fileName="S02_M02E.PAC.160.lzss" size="17483" tableOffset="160" uncompressedSize="33312" /><lzss dataOffset="70340" fileName="S02_M02E.PAC.168.lzss" size="7949" tableOffset="168" uncompressedSize="33312" /><lzss dataOffset="78292" fileName="S02_M02E.PAC.176.lzss" size="4384" tableOffset="176" uncompressedSize="33312" /><lzss dataOffset="82676" fileName="S02_M02E.PAC.184.lzss" size="7173" tableOffset="184" uncompressedSize="33312" /><lzss dataOffset="89852" fileName="S02_M02E.PAC.192.lzss" size="6322" tableOffset="192" uncompressedSize="66080" /><lzss dataOffset="96176" fileName="S02_M02E.PAC.200.lzss" size="577" tableOffset="200" uncompressedSize="2652" /><lzss dataOffset="96756" fileName="S02_M02E.PAC.224.lzss" size="2817" tableOffset="224" uncompressedSize="10448" /><lzss dataOffset="99576" fileName="S02_M02E.PAC.232.lzss" size="2404" tableOffset="232" uncompressedSize="5044" /><pac dataOffset="101980" fileName="S02_M02E.PAC.256.pac" size="11320" tableOffset="256"><lzss dataOffset="128" fileName="S02_M02E.PAC.256.pac.0.lzss" size="4310" tableOffset="0" uncompressedSize="9012" /><lzss dataOffset="4440" fileName="S02_M02E.PAC.256.pac.16.lzss" size="1609" tableOffset="16" uncompressedSize="5292" /><lzss dataOffset="6052" fileName="S02_M02E.PAC.256.pac.64.lzss" size="5266" tableOffset="64" uncompressedSize="33312" /></pac><pac dataOffset="113300" fileName="S02_M02E.PAC.264.pac" size="480" tableOffset="264"><lzss dataOffset="128" fileName="S02_M02E.PAC.264.pac.16.lzss" size="351" tableOffset="16" uncompressedSize="706" /></pac><pac dataOffset="113780" fileName="S02_M02E.PAC.272.pac" size="13808" tableOffset="272"><lzss dataOffset="128" fileName="S02_M02E.PAC.272.pac.0.lzss" size="5106" tableOffset="0" uncompressedSize="9916" /><lzss dataOffset="5236" fileName="S02_M02E.PAC.272.pac.16.lzss" size="2706" tableOffset="16" uncompressedSize="5782" /><lzss dataOffset="7944" fileName="S02_M02E.PAC.272.pac.64.lzss" size="5862" tableOffset="64" uncompressedSize="33312" /></pac><pac dataOffset="127588" fileName="S02_M02E.PAC.280.pac" size="12780" tableOffset="280"><lzss dataOffset="128" fileName="S02_M02E.PAC.280.pac.0.lzss" size="4876" tableOffset="0" uncompressedSize="9304" /><lzss dataOffset="5004" fileName="S02_M02E.PAC.280.pac.16.lzss" size="2078" tableOffset="16" uncompressedSize="5802" /><lzss dataOffset="7084" fileName="S02_M02E.PAC.280.pac.64.lzss" size="5696" tableOffset="64" uncompressedSize="33312" /></pac><pac dataOffset="140368" fileName="S02_M02E.PAC.288.pac" size="12964" tableOffset="288"><lzss dataOffset="128" fileName="S02_M02E.PAC.288.pac.0.lzss" size="4885" tableOffset="0" uncompressedSize="9192" /><lzss dataOffset="5016" fileName="S02_M02E.PAC.288.pac.16.lzss" size="2654" tableOffset="16" uncompressedSize="8162" /><lzss dataOffset="7672" fileName="S02_M02E.PAC.288.pac.64.lzss" size="5290" tableOffset="64" uncompressedSize="33312" /></pac></source>