<source fileName="S02_M11B.PAC" size="141352" tableOffset="0"><lzss dataOffset="392" fileName="S02_M11B.PAC.40.lzss" size="4711" tableOffset="40" uncompressedSize="11120" /><lzss dataOffset="5104" fileName="S02_M11B.PAC.128.lzss" size="29582" tableOffset="128" uncompressedSize="71864" /><lzss dataOffset="34688" fileName="S02_M11B.PAC.136.lzss" size="36126" tableOffset="136" uncompressedSize="127400" /><lzss dataOffset="70816" fileName="S02_M11B.PAC.144.lzss" size="60" tableOffset="144" uncompressedSize="112" /><lzss dataOffset="70876" fileName="S02_M11B.PAC.152.lzss" size="343" tableOffset="152" uncompressedSize="848" /><lzss dataOffset="71220" fileName="S02_M11B.PAC.160.lzss" size="7232" tableOffset="160" uncompressedSize="33312" /><lzss dataOffset="78452" fileName="S02_M11B.PAC.168.lzss" size="7344" tableOffset="168" uncompressedSize="33312" /><lzss dataOffset="85796" fileName="S02_M11B.PAC.176.lzss" size="5538" tableOffset="176" uncompressedSize="33312" /><lzss dataOffset="91336" fileName="S02_M11B.PAC.184.lzss" size="11564" tableOffset="184" uncompressedSize="33312" /><lzss dataOffset="102900" fileName="S02_M11B.PAC.192.lzss" size="8564" tableOffset="192" uncompressedSize="66080" /><lzss dataOffset="111464" fileName="S02_M11B.PAC.200.lzss" size="577" tableOffset="200" uncompressedSize="2652" /><lzss dataOffset="112044" fileName="S02_M11B.PAC.224.lzss" size="2053" tableOffset="224" uncompressedSize="8950" /><lzss dataOffset="114100" fileName="S02_M11B.PAC.232.lzss" size="1912" tableOffset="232" uncompressedSize="4460" /><pac dataOffset="116012" fileName="S02_M11B.PAC.256.pac" size="11320" tableOffset="256"><lzss dataOffset="128" fileName="S02_M11B.PAC.256.pac.0.lzss" size="4310" tableOffset="0" uncompressedSize="9012" /><lzss dataOffset="4440" fileName="S02_M11B.PAC.256.pac.16.lzss" size="1609" tableOffset="16" uncompressedSize="5292" /><lzss dataOffset="6052" fileName="S02_M11B.PAC.256.pac.64.lzss" size="5266" tableOffset="64" uncompressedSize="33312" /></pac><pac dataOffset="127332" fileName="S02_M11B.PAC.264.pac" size="480" tableOffset="264"><lzss dataOffset="128" fileName="S02_M11B.PAC.264.pac.16.lzss" size="351" tableOffset="16" uncompressedSize="706" /></pac><pac dataOffset="127812" fileName="S02_M11B.PAC.272.pac" size="13540" tableOffset="272"><lzss dataOffset="128" fileName="S02_M11B.PAC.272.pac.0.lzss" size="5317" tableOffset="0" uncompressedSize="10004" /><lzss dataOffset="5448" fileName="S02_M11B.PAC.272.pac.16.lzss" size="1477" tableOffset="16" uncompressedSize="2958" /><lzss dataOffset="6928" fileName="S02_M11B.PAC.272.pac.64.lzss" size="6610" tableOffset="64" uncompressedSize="33312" /></pac></source>