<source fileName="S02_A.PAC" size="206152" tableOffset="0"><lzss dataOffset="384" fileName="S02_A.PAC.0.lzss" size="8460" tableOffset="0" uncompressedSize="33312" /><lzss dataOffset="8844" fileName="S02_A.PAC.40.lzss" size="4711" tableOffset="40" uncompressedSize="11120" /><lzss dataOffset="13556" fileName="S02_A.PAC.128.lzss" size="49248" tableOffset="128" uncompressedSize="91524" /><lzss dataOffset="62804" fileName="S02_A.PAC.136.lzss" size="40715" tableOffset="136" uncompressedSize="126996" /><lzss dataOffset="103520" fileName="S02_A.PAC.144.lzss" size="92" tableOffset="144" uncompressedSize="112" /><lzss dataOffset="103612" fileName="S02_A.PAC.152.lzss" size="611" tableOffset="152" uncompressedSize="1464" /><lzss dataOffset="104224" fileName="S02_A.PAC.160.lzss" size="16080" tableOffset="160" uncompressedSize="33312" /><lzss dataOffset="120304" fileName="S02_A.PAC.168.lzss" size="14527" tableOffset="168" uncompressedSize="33312" /><lzss dataOffset="134832" fileName="S02_A.PAC.176.lzss" size="12331" tableOffset="176" uncompressedSize="33312" /><lzss dataOffset="147164" fileName="S02_A.PAC.184.lzss" size="9221" tableOffset="184" uncompressedSize="33312" /><lzss dataOffset="156388" fileName="S02_A.PAC.192.lzss" size="8053" tableOffset="192" uncompressedSize="66080" /><lzss dataOffset="164444" fileName="S02_A.PAC.224.lzss" size="959" tableOffset="224" uncompressedSize="2536" /><lzss dataOffset="165404" fileName="S02_A.PAC.232.lzss" size="581" tableOffset="232" uncompressedSize="1620" /><pac dataOffset="165988" fileName="S02_A.PAC.256.pac" size="11320" tableOffset="256"><lzss dataOffset="128" fileName="S02_A.PAC.256.pac.0.lzss" size="4310" tableOffset="0" uncompressedSize="9012" /><lzss dataOffset="4440" fileName="S02_A.PAC.256.pac.16.lzss" size="1609" tableOffset="16" uncompressedSize="5292" /><lzss dataOffset="6052" fileName="S02_A.PAC.256.pac.64.lzss" size="5266" tableOffset="64" uncompressedSize="33312" /></pac><pac dataOffset="177308" fileName="S02_A.PAC.264.pac" size="12488" tableOffset="264"><lzss dataOffset="128" fileName="S02_A.PAC.264.pac.0.lzss" size="1508" tableOffset="0" uncompressedSize="3752" /><lzss dataOffset="1636" fileName="S02_A.PAC.264.pac.16.lzss" size="488" tableOffset="16" uncompressedSize="1042" /><lzss dataOffset="2124" fileName="S02_A.PAC.264.pac.64.lzss" size="10362" tableOffset="64" uncompressedSize="33312" /></pac><pac dataOffset="189796" fileName="S02_A.PAC.272.pac" size="1016" tableOffset="272"><lzss dataOffset="128" fileName="S02_A.PAC.272.pac.0.lzss" size="707" tableOffset="0" uncompressedSize="1476" /><lzss dataOffset="836" fileName="S02_A.PAC.272.pac.16.lzss" size="180" tableOffset="16" uncompressedSize="348" /><textureSymbol dataOffset="0" size="4294967295" tableOffset="64" /></pac><pac dataOffset="190812" fileName="S02_A.PAC.280.pac" size="1632" tableOffset="280"><lzss dataOffset="128" fileName="S02_A.PAC.280.pac.0.lzss" size="1083" tableOffset="0" uncompressedSize="2296" /><lzss dataOffset="1212" fileName="S02_A.PAC.280.pac.16.lzss" size="420" tableOffset="16" uncompressedSize="1000" /><textureSymbol dataOffset="0" size="4294967295" tableOffset="64" /></pac><pac dataOffset="192444" fileName="S02_A.PAC.288.pac" size="11956" tableOffset="288"><lzss dataOffset="128" fileName="S02_A.PAC.288.pac.0.lzss" size="1392" tableOffset="0" uncompressedSize="2752" /><lzss dataOffset="1520" fileName="S02_A.PAC.288.pac.16.lzss" size="370" tableOffset="16" uncompressedSize="732" /><lzss dataOffset="1892" fileName="S02_A.PAC.288.pac.64.lzss" size="10061" tableOffset="64" uncompressedSize="33312" /></pac><pac dataOffset="204400" fileName="S02_A.PAC.296.pac" size="1752" tableOffset="296"><lzss dataOffset="128" fileName="S02_A.PAC.296.pac.0.lzss" size="1380" tableOffset="0" uncompressedSize="2752" /><lzss dataOffset="1508" fileName="S02_A.PAC.296.pac.16.lzss" size="241" tableOffset="16" uncompressedSize="460" /><textureSymbol dataOffset="0" size="4294967295" tableOffset="64" /></pac></source>