<source fileName="S02_M00C.PAC" size="105680" tableOffset="0"><lzss dataOffset="384" fileName="S02_M00C.PAC.40.lzss" size="4711" tableOffset="40" uncompressedSize="11120" /><lzss dataOffset="5096" fileName="S02_M00C.PAC.128.lzss" size="23703" tableOffset="128" uncompressedSize="48176" /><lzss dataOffset="28800" fileName="S02_M00C.PAC.136.lzss" size="36590" tableOffset="136" uncompressedSize="127852" /><lzss dataOffset="65392" fileName="S02_M00C.PAC.144.lzss" size="92" tableOffset="144" uncompressedSize="112" /><lzss dataOffset="65484" fileName="S02_M00C.PAC.152.lzss" size="390" tableOffset="152" uncompressedSize="1120" /><lzss dataOffset="65876" fileName="S02_M00C.PAC.160.lzss" size="4220" tableOffset="160" uncompressedSize="33312" /><lzss dataOffset="70096" fileName="S02_M00C.PAC.168.lzss" size="4161" tableOffset="168" uncompressedSize="33312" /><lzss dataOffset="74260" fileName="S02_M00C.PAC.224.lzss" size="2094" tableOffset="224" uncompressedSize="8418" /><lzss dataOffset="76356" fileName="S02_M00C.PAC.232.lzss" size="2708" tableOffset="232" uncompressedSize="7860" /><pac dataOffset="79064" fileName="S02_M00C.PAC.256.pac" size="11320" tableOffset="256"><lzss dataOffset="128" fileName="S02_M00C.PAC.256.pac.0.lzss" size="4310" tableOffset="0" uncompressedSize="9012" /><lzss dataOffset="4440" fileName="S02_M00C.PAC.256.pac.16.lzss" size="1609" tableOffset="16" uncompressedSize="5292" /><lzss dataOffset="6052" fileName="S02_M00C.PAC.256.pac.64.lzss" size="5266" tableOffset="64" uncompressedSize="33312" /></pac><pac dataOffset="90384" fileName="S02_M00C.PAC.264.pac" size="480" tableOffset="264"><lzss dataOffset="128" fileName="S02_M00C.PAC.264.pac.16.lzss" size="351" tableOffset="16" uncompressedSize="706" /></pac><pac dataOffset="90864" fileName="S02_M00C.PAC.272.pac" size="14816" tableOffset="272"><lzss dataOffset="128" fileName="S02_M00C.PAC.272.pac.0.lzss" size="5030" tableOffset="0" uncompressedSize="9396" /><lzss dataOffset="5160" fileName="S02_M00C.PAC.272.pac.16.lzss" size="3164" tableOffset="16" uncompressedSize="8246" /><lzss dataOffset="8324" fileName="S02_M00C.PAC.272.pac.64.lzss" size="6491" tableOffset="64" uncompressedSize="33312" /></pac></source>