<source fileName="S02_M02C.PAC" size="153628" tableOffset="0"><lzss dataOffset="384" fileName="S02_M02C.PAC.40.lzss" size="4711" tableOffset="40" uncompressedSize="11120" /><lzss dataOffset="5096" fileName="S02_M02C.PAC.128.lzss" size="31688" tableOffset="128" uncompressedSize="76652" /><lzss dataOffset="36784" fileName="S02_M02C.PAC.136.lzss" size="36362" tableOffset="136" uncompressedSize="127912" /><lzss dataOffset="73148" fileName="S02_M02C.PAC.144.lzss" size="60" tableOffset="144" uncompressedSize="112" /><lzss dataOffset="73208" fileName="S02_M02C.PAC.152.lzss" size="409" tableOffset="152" uncompressedSize="1852" /><lzss dataOffset="73620" fileName="S02_M02C.PAC.160.lzss" size="6535" tableOffset="160" uncompressedSize="33312" /><lzss dataOffset="80156" fileName="S02_M02C.PAC.168.lzss" size="5032" tableOffset="168" uncompressedSize="33312" /><lzss dataOffset="85188" fileName="S02_M02C.PAC.176.lzss" size="4756" tableOffset="176" uncompressedSize="33312" /><lzss dataOffset="89944" fileName="S02_M02C.PAC.184.lzss" size="2124" tableOffset="184" uncompressedSize="33312" /><lzss dataOffset="92068" fileName="S02_M02C.PAC.200.lzss" size="577" tableOffset="200" uncompressedSize="2652" /><lzss dataOffset="92648" fileName="S02_M02C.PAC.224.lzss" size="2477" tableOffset="224" uncompressedSize="10474" /><lzss dataOffset="95128" fileName="S02_M02C.PAC.232.lzss" size="2287" tableOffset="232" uncompressedSize="5144" /><pac dataOffset="97416" fileName="S02_M02C.PAC.256.pac" size="11320" tableOffset="256"><lzss dataOffset="128" fileName="S02_M02C.PAC.256.pac.0.lzss" size="4310" tableOffset="0" uncompressedSize="9012" /><lzss dataOffset="4440" fileName="S02_M02C.PAC.256.pac.16.lzss" size="1609" tableOffset="16" uncompressedSize="5292" /><lzss dataOffset="6052" fileName="S02_M02C.PAC.256.pac.64.lzss" size="5266" tableOffset="64" uncompressedSize="33312" /></pac><pac dataOffset="108736" fileName="S02_M02C.PAC.264.pac" size="480" tableOffset="264"><lzss dataOffset="128" fileName="S02_M02C.PAC.264.pac.16.lzss" size="351" tableOffset="16" uncompressedSize="706" /></pac><pac dataOffset="109216" fileName="S02_M02C.PAC.272.pac" size="13540" tableOffset="272"><lzss dataOffset="128" fileName="S02_M02C.PAC.272.pac.0.lzss" size="5317" tableOffset="0" uncompressedSize="10004" /><lzss dataOffset="5448" fileName="S02_M02C.PAC.272.pac.16.lzss" size="1477" tableOffset="16" uncompressedSize="2958" /><lzss dataOffset="6928" fileName="S02_M02C.PAC.272.pac.64.lzss" size="6610" tableOffset="64" uncompressedSize="33312" /></pac><pac dataOffset="122756" fileName="S02_M02C.PAC.280.pac" size="13808" tableOffset="280"><lzss dataOffset="128" fileName="S02_M02C.PAC.280.pac.0.lzss" size="5106" tableOffset="0" uncompressedSize="9916" /><lzss dataOffset="5236" fileName="S02_M02C.PAC.280.pac.16.lzss" size="2706" tableOffset="16" uncompressedSize="5782" /><lzss dataOffset="7944" fileName="S02_M02C.PAC.280.pac.64.lzss" size="5862" tableOffset="64" uncompressedSize="33312" /></pac><pac dataOffset="136564" fileName="S02_M02C.PAC.288.pac" size="12964" tableOffset="288"><lzss dataOffset="128" fileName="S02_M02C.PAC.288.pac.0.lzss" size="4885" tableOffset="0" uncompressedSize="9192" /><lzss dataOffset="5016" fileName="S02_M02C.PAC.288.pac.16.lzss" size="2654" tableOffset="16" uncompressedSize="8162" /><lzss dataOffset="7672" fileName="S02_M02C.PAC.288.pac.64.lzss" size="5290" tableOffset="64" uncompressedSize="33312" /></pac><pac dataOffset="149528" fileName="S02_M02C.PAC.296.pac" size="4100" tableOffset="296"><lzss dataOffset="128" fileName="S02_M02C.PAC.296.pac.16.lzss" size="351" tableOffset="16" uncompressedSize="706" /><lzss dataOffset="480" fileName="S02_M02C.PAC.296.pac.64.lzss" size="3618" tableOffset="64" uncompressedSize="33312" /></pac></source>