<source fileName="S04_M07A.PAC" size="168028" tableOffset="0"><lzss dataOffset="384" fileName="S04_M07A.PAC.40.lzss" size="4711" tableOffset="40" uncompressedSize="11120" /><lzss dataOffset="5096" fileName="S04_M07A.PAC.128.lzss" size="30306" tableOffset="128" uncompressedSize="61664" /><lzss dataOffset="35404" fileName="S04_M07A.PAC.136.lzss" size="37335" tableOffset="136" uncompressedSize="127048" /><lzss dataOffset="72740" fileName="S04_M07A.PAC.144.lzss" size="59" tableOffset="144" uncompressedSize="112" /><lzss dataOffset="72800" fileName="S04_M07A.PAC.152.lzss" size="291" tableOffset="152" uncompressedSize="728" /><lzss dataOffset="73092" fileName="S04_M07A.PAC.160.lzss" size="4779" tableOffset="160" uncompressedSize="33312" /><lzss dataOffset="77872" fileName="S04_M07A.PAC.168.lzss" size="7478" tableOffset="168" uncompressedSize="33312" /><lzss dataOffset="85352" fileName="S04_M07A.PAC.176.lzss" size="15185" tableOffset="176" uncompressedSize="33312" /><lzss dataOffset="100540" fileName="S04_M07A.PAC.184.lzss" size="4915" tableOffset="184" uncompressedSize="33312" /><lzss dataOffset="105456" fileName="S04_M07A.PAC.192.lzss" size="8564" tableOffset="192" uncompressedSize="66080" /><lzss dataOffset="114020" fileName="S04_M07A.PAC.200.lzss" size="577" tableOffset="200" uncompressedSize="2652" /><lzss dataOffset="114600" fileName="S04_M07A.PAC.224.lzss" size="1797" tableOffset="224" uncompressedSize="6352" /><lzss dataOffset="116400" fileName="S04_M07A.PAC.232.lzss" size="1319" tableOffset="232" uncompressedSize="2964" /><pac dataOffset="117720" fileName="S04_M07A.PAC.256.pac" size="11320" tableOffset="256"><lzss dataOffset="128" fileName="S04_M07A.PAC.256.pac.0.lzss" size="4310" tableOffset="0" uncompressedSize="9012" /><lzss dataOffset="4440" fileName="S04_M07A.PAC.256.pac.16.lzss" size="1609" tableOffset="16" uncompressedSize="5292" /><lzss dataOffset="6052" fileName="S04_M07A.PAC.256.pac.64.lzss" size="5266" tableOffset="64" uncompressedSize="33312" /></pac><pac dataOffset="129040" fileName="S04_M07A.PAC.264.pac" size="480" tableOffset="264"><lzss dataOffset="128" fileName="S04_M07A.PAC.264.pac.16.lzss" size="351" tableOffset="16" uncompressedSize="706" /></pac><pac dataOffset="129520" fileName="S04_M07A.PAC.272.pac" size="12516" tableOffset="272"><lzss dataOffset="128" fileName="S04_M07A.PAC.272.pac.0.lzss" size="5016" tableOffset="0" uncompressedSize="9636" /><lzss dataOffset="5144" fileName="S04_M07A.PAC.272.pac.16.lzss" size="332" tableOffset="16" uncompressedSize="666" /><lzss dataOffset="5476" fileName="S04_M07A.PAC.272.pac.64.lzss" size="7039" tableOffset="64" uncompressedSize="33312" /></pac><pac dataOffset="142036" fileName="S04_M07A.PAC.280.pac" size="7720" tableOffset="280"><lzss dataOffset="128" fileName="S04_M07A.PAC.280.pac.0.lzss" size="3873" tableOffset="0" uncompressedSize="7824" /><lzss dataOffset="4004" fileName="S04_M07A.PAC.280.pac.16.lzss" size="1078" tableOffset="16" uncompressedSize="2842" /><lzss dataOffset="5084" fileName="S04_M07A.PAC.280.pac.64.lzss" size="2636" tableOffset="64" uncompressedSize="33312" /></pac><pac dataOffset="149756" fileName="S04_M07A.PAC.288.pac" size="8108" tableOffset="288"><lzss dataOffset="128" fileName="S04_M07A.PAC.288.pac.0.lzss" size="3815" tableOffset="0" uncompressedSize="7576" /><lzss dataOffset="3944" fileName="S04_M07A.PAC.288.pac.16.lzss" size="812" tableOffset="16" uncompressedSize="2082" /><lzss dataOffset="4756" fileName="S04_M07A.PAC.288.pac.64.lzss" size="3352" tableOffset="64" uncompressedSize="33312" /></pac><pac dataOffset="157864" fileName="S04_M07A.PAC.296.pac" size="10164" tableOffset="296"><lzss dataOffset="128" fileName="S04_M07A.PAC.296.pac.0.lzss" size="3427" tableOffset="0" uncompressedSize="6944" /><lzss dataOffset="3556" fileName="S04_M07A.PAC.296.pac.16.lzss" size="1627" tableOffset="16" uncompressedSize="4294" /><lzss dataOffset="5184" fileName="S04_M07A.PAC.296.pac.64.lzss" size="4977" tableOffset="64" uncompressedSize="33312" /></pac></source>