<source fileName="S04_M15A.PAC" size="174628" tableOffset="0"><lzss dataOffset="392" fileName="S04_M15A.PAC.40.lzss" size="4711" tableOffset="40" uncompressedSize="11120" /><lzss dataOffset="5104" fileName="S04_M15A.PAC.128.lzss" size="34102" tableOffset="128" uncompressedSize="72572" /><lzss dataOffset="39208" fileName="S04_M15A.PAC.136.lzss" size="35261" tableOffset="136" uncompressedSize="127140" /><lzss dataOffset="74472" fileName="S04_M15A.PAC.144.lzss" size="60" tableOffset="144" uncompressedSize="112" /><lzss dataOffset="74532" fileName="S04_M15A.PAC.152.lzss" size="287" tableOffset="152" uncompressedSize="976" /><lzss dataOffset="74820" fileName="S04_M15A.PAC.160.lzss" size="12714" tableOffset="160" uncompressedSize="33312" /><lzss dataOffset="87536" fileName="S04_M15A.PAC.168.lzss" size="10326" tableOffset="168" uncompressedSize="33312" /><lzss dataOffset="97864" fileName="S04_M15A.PAC.176.lzss" size="6230" tableOffset="176" uncompressedSize="33312" /><lzss dataOffset="104096" fileName="S04_M15A.PAC.192.lzss" size="6576" tableOffset="192" uncompressedSize="66080" /><lzss dataOffset="110672" fileName="S04_M15A.PAC.200.lzss" size="577" tableOffset="200" uncompressedSize="2652" /><lzss dataOffset="111252" fileName="S04_M15A.PAC.224.lzss" size="1760" tableOffset="224" uncompressedSize="6206" /><lzss dataOffset="113012" fileName="S04_M15A.PAC.232.lzss" size="1141" tableOffset="232" uncompressedSize="2556" /><pac dataOffset="114156" fileName="S04_M15A.PAC.256.pac" size="11320" tableOffset="256"><lzss dataOffset="128" fileName="S04_M15A.PAC.256.pac.0.lzss" size="4310" tableOffset="0" uncompressedSize="9012" /><lzss dataOffset="4440" fileName="S04_M15A.PAC.256.pac.16.lzss" size="1609" tableOffset="16" uncompressedSize="5292" /><lzss dataOffset="6052" fileName="S04_M15A.PAC.256.pac.64.lzss" size="5266" tableOffset="64" uncompressedSize="33312" /></pac><pac dataOffset="125476" fileName="S04_M15A.PAC.264.pac" size="480" tableOffset="264"><lzss dataOffset="128" fileName="S04_M15A.PAC.264.pac.16.lzss" size="351" tableOffset="16" uncompressedSize="706" /></pac><pac dataOffset="125956" fileName="S04_M15A.PAC.272.pac" size="10164" tableOffset="272"><lzss dataOffset="128" fileName="S04_M15A.PAC.272.pac.0.lzss" size="3427" tableOffset="0" uncompressedSize="6944" /><lzss dataOffset="3556" fileName="S04_M15A.PAC.272.pac.16.lzss" size="1627" tableOffset="16" uncompressedSize="4294" /><lzss dataOffset="5184" fileName="S04_M15A.PAC.272.pac.64.lzss" size="4977" tableOffset="64" uncompressedSize="33312" /></pac><pac dataOffset="136120" fileName="S04_M15A.PAC.280.pac" size="11772" tableOffset="280"><lzss dataOffset="128" fileName="S04_M15A.PAC.280.pac.0.lzss" size="5297" tableOffset="0" uncompressedSize="9892" /><lzss dataOffset="5428" fileName="S04_M15A.PAC.280.pac.16.lzss" size="650" tableOffset="16" uncompressedSize="1130" /><lzss dataOffset="6080" fileName="S04_M15A.PAC.280.pac.64.lzss" size="5690" tableOffset="64" uncompressedSize="33312" /></pac><pac dataOffset="147892" fileName="S04_M15A.PAC.288.pac" size="13000" tableOffset="288"><lzss dataOffset="128" fileName="S04_M15A.PAC.288.pac.0.lzss" size="5671" tableOffset="0" uncompressedSize="10392" /><lzss dataOffset="5800" fileName="S04_M15A.PAC.288.pac.16.lzss" size="784" tableOffset="16" uncompressedSize="1710" /><lzss dataOffset="6584" fileName="S04_M15A.PAC.288.pac.64.lzss" size="6416" tableOffset="64" uncompressedSize="33312" /></pac><pac dataOffset="160892" fileName="S04_M15A.PAC.296.pac" size="13736" tableOffset="296"><lzss dataOffset="128" fileName="S04_M15A.PAC.296.pac.0.lzss" size="5158" tableOffset="0" uncompressedSize="10168" /><lzss dataOffset="5288" fileName="S04_M15A.PAC.296.pac.16.lzss" size="574" tableOffset="16" uncompressedSize="1324" /><lzss dataOffset="5864" fileName="S04_M15A.PAC.296.pac.64.lzss" size="7869" tableOffset="64" uncompressedSize="33312" /></pac></source>