<source fileName="S04_M02A.PAC" size="149136" tableOffset="0"><lzss dataOffset="384" fileName="S04_M02A.PAC.40.lzss" size="4711" tableOffset="40" uncompressedSize="11120" /><lzss dataOffset="5096" fileName="S04_M02A.PAC.128.lzss" size="24610" tableOffset="128" uncompressedSize="62160" /><lzss dataOffset="29708" fileName="S04_M02A.PAC.136.lzss" size="22606" tableOffset="136" uncompressedSize="72376" /><lzss dataOffset="52316" fileName="S04_M02A.PAC.144.lzss" size="61" tableOffset="144" uncompressedSize="84" /><lzss dataOffset="52380" fileName="S04_M02A.PAC.152.lzss" size="433" tableOffset="152" uncompressedSize="1620" /><lzss dataOffset="52816" fileName="S04_M02A.PAC.160.lzss" size="17483" tableOffset="160" uncompressedSize="33312" /><lzss dataOffset="70300" fileName="S04_M02A.PAC.168.lzss" size="7949" tableOffset="168" uncompressedSize="33312" /><lzss dataOffset="78252" fileName="S04_M02A.PAC.176.lzss" size="4384" tableOffset="176" uncompressedSize="33312" /><lzss dataOffset="82636" fileName="S04_M02A.PAC.184.lzss" size="7173" tableOffset="184" uncompressedSize="33312" /><lzss dataOffset="89812" fileName="S04_M02A.PAC.192.lzss" size="6322" tableOffset="192" uncompressedSize="66080" /><lzss dataOffset="96136" fileName="S04_M02A.PAC.200.lzss" size="577" tableOffset="200" uncompressedSize="2652" /><lzss dataOffset="96716" fileName="S04_M02A.PAC.224.lzss" size="2206" tableOffset="224" uncompressedSize="8132" /><lzss dataOffset="98924" fileName="S04_M02A.PAC.232.lzss" size="1659" tableOffset="232" uncompressedSize="3492" /><pac dataOffset="100584" fileName="S04_M02A.PAC.256.pac" size="11320" tableOffset="256"><lzss dataOffset="128" fileName="S04_M02A.PAC.256.pac.0.lzss" size="4310" tableOffset="0" uncompressedSize="9012" /><lzss dataOffset="4440" fileName="S04_M02A.PAC.256.pac.16.lzss" size="1609" tableOffset="16" uncompressedSize="5292" /><lzss dataOffset="6052" fileName="S04_M02A.PAC.256.pac.64.lzss" size="5266" tableOffset="64" uncompressedSize="33312" /></pac><pac dataOffset="111904" fileName="S04_M02A.PAC.264.pac" size="480" tableOffset="264"><lzss dataOffset="128" fileName="S04_M02A.PAC.264.pac.16.lzss" size="351" tableOffset="16" uncompressedSize="706" /></pac><pac dataOffset="112384" fileName="S04_M02A.PAC.272.pac" size="13808" tableOffset="272"><lzss dataOffset="128" fileName="S04_M02A.PAC.272.pac.0.lzss" size="5106" tableOffset="0" uncompressedSize="9916" /><lzss dataOffset="5236" fileName="S04_M02A.PAC.272.pac.16.lzss" size="2706" tableOffset="16" uncompressedSize="5782" /><lzss dataOffset="7944" fileName="S04_M02A.PAC.272.pac.64.lzss" size="5862" tableOffset="64" uncompressedSize="33312" /></pac><pac dataOffset="126192" fileName="S04_M02A.PAC.280.pac" size="10164" tableOffset="280"><lzss dataOffset="128" fileName="S04_M02A.PAC.280.pac.0.lzss" size="3427" tableOffset="0" uncompressedSize="6944" /><lzss dataOffset="3556" fileName="S04_M02A.PAC.280.pac.16.lzss" size="1627" tableOffset="16" uncompressedSize="4294" /><lzss dataOffset="5184" fileName="S04_M02A.PAC.280.pac.64.lzss" size="4977" tableOffset="64" uncompressedSize="33312" /></pac><pac dataOffset="136356" fileName="S04_M02A.PAC.288.pac" size="12780" tableOffset="288"><lzss dataOffset="128" fileName="S04_M02A.PAC.288.pac.0.lzss" size="4876" tableOffset="0" uncompressedSize="9304" /><lzss dataOffset="5004" fileName="S04_M02A.PAC.288.pac.16.lzss" size="2078" tableOffset="16" uncompressedSize="5802" /><lzss dataOffset="7084" fileName="S04_M02A.PAC.288.pac.64.lzss" size="5696" tableOffset="64" uncompressedSize="33312" /></pac></source>