<source fileName="S04_I.PAC" size="172324" tableOffset="0"><lzss dataOffset="384" fileName="S04_I.PAC.0.lzss" size="9705" tableOffset="0" uncompressedSize="33312" /><lzss dataOffset="10092" fileName="S04_I.PAC.40.lzss" size="4711" tableOffset="40" uncompressedSize="11120" /><lzss dataOffset="14804" fileName="S04_I.PAC.128.lzss" size="18360" tableOffset="128" uncompressedSize="59700" /><lzss dataOffset="33164" fileName="S04_I.PAC.136.lzss" size="35013" tableOffset="136" uncompressedSize="127568" /><lzss dataOffset="68180" fileName="S04_I.PAC.144.lzss" size="78" tableOffset="144" uncompressedSize="112" /><lzss dataOffset="68260" fileName="S04_I.PAC.152.lzss" size="208" tableOffset="152" uncompressedSize="364" /><lzss dataOffset="68468" fileName="S04_I.PAC.160.lzss" size="12462" tableOffset="160" uncompressedSize="33312" /><lzss dataOffset="80932" fileName="S04_I.PAC.168.lzss" size="14042" tableOffset="168" uncompressedSize="33312" /><lzss dataOffset="94976" fileName="S04_I.PAC.176.lzss" size="12426" tableOffset="176" uncompressedSize="33312" /><lzss dataOffset="107404" fileName="S04_I.PAC.184.lzss" size="11955" tableOffset="184" uncompressedSize="33312" /><lzss dataOffset="119360" fileName="S04_I.PAC.192.lzss" size="6322" tableOffset="192" uncompressedSize="66080" /><lzss dataOffset="125684" fileName="S04_I.PAC.224.lzss" size="1187" tableOffset="224" uncompressedSize="3316" /><lzss dataOffset="126872" fileName="S04_I.PAC.232.lzss" size="883" tableOffset="232" uncompressedSize="2084" /><pac dataOffset="127756" fileName="S04_I.PAC.256.pac" size="11320" tableOffset="256"><lzss dataOffset="128" fileName="S04_I.PAC.256.pac.0.lzss" size="4310" tableOffset="0" uncompressedSize="9012" /><lzss dataOffset="4440" fileName="S04_I.PAC.256.pac.16.lzss" size="1609" tableOffset="16" uncompressedSize="5292" /><lzss dataOffset="6052" fileName="S04_I.PAC.256.pac.64.lzss" size="5266" tableOffset="64" uncompressedSize="33312" /></pac><pac dataOffset="139076" fileName="S04_I.PAC.264.pac" size="33248" tableOffset="264"><lzss dataOffset="128" fileName="S04_I.PAC.264.pac.0.lzss" size="8991" tableOffset="0" uncompressedSize="20960" /><lzss dataOffset="9120" fileName="S04_I.PAC.264.pac.16.lzss" size="2643" tableOffset="16" uncompressedSize="7610" /><lzss dataOffset="11764" fileName="S04_I.PAC.264.pac.64.lzss" size="7423" tableOffset="64" uncompressedSize="33312" /><lzss dataOffset="19188" fileName="S04_I.PAC.264.pac.72.lzss" size="5342" tableOffset="72" uncompressedSize="33312" /><lzss dataOffset="24532" fileName="S04_I.PAC.264.pac.80.lzss" size="3914" tableOffset="80" uncompressedSize="33312" /><lzss dataOffset="28448" fileName="S04_I.PAC.264.pac.88.lzss" size="4799" tableOffset="88" uncompressedSize="33312" /></pac></source>