<source fileName="S04_08C.PAC" size="182892" tableOffset="0"><lzss dataOffset="384" fileName="S04_08C.PAC.0.lzss" size="9705" tableOffset="0" uncompressedSize="33312" /><lzss dataOffset="10092" fileName="S04_08C.PAC.40.lzss" size="4711" tableOffset="40" uncompressedSize="11120" /><lzss dataOffset="14804" fileName="S04_08C.PAC.128.lzss" size="22250" tableOffset="128" uncompressedSize="67516" /><lzss dataOffset="37056" fileName="S04_08C.PAC.136.lzss" size="37699" tableOffset="136" uncompressedSize="128252" /><lzss dataOffset="74756" fileName="S04_08C.PAC.144.lzss" size="86" tableOffset="144" uncompressedSize="112" /><lzss dataOffset="74844" fileName="S04_08C.PAC.152.lzss" size="412" tableOffset="152" uncompressedSize="976" /><lzss dataOffset="75256" fileName="S04_08C.PAC.160.lzss" size="12462" tableOffset="160" uncompressedSize="33312" /><lzss dataOffset="87720" fileName="S04_08C.PAC.168.lzss" size="14042" tableOffset="168" uncompressedSize="33312" /><lzss dataOffset="101764" fileName="S04_08C.PAC.176.lzss" size="12426" tableOffset="176" uncompressedSize="33312" /><lzss dataOffset="114192" fileName="S04_08C.PAC.184.lzss" size="11955" tableOffset="184" uncompressedSize="33312" /><lzss dataOffset="126148" fileName="S04_08C.PAC.192.lzss" size="6322" tableOffset="192" uncompressedSize="66080" /><lzss dataOffset="132472" fileName="S04_08C.PAC.200.lzss" size="1273" tableOffset="200" uncompressedSize="2216" /><lzss dataOffset="133748" fileName="S04_08C.PAC.208.lzss" size="1273" tableOffset="208" uncompressedSize="2216" /><lzss dataOffset="135024" fileName="S04_08C.PAC.224.lzss" size="1025" tableOffset="224" uncompressedSize="2760" /><lzss dataOffset="136052" fileName="S04_08C.PAC.232.lzss" size="581" tableOffset="232" uncompressedSize="1620" /><pac dataOffset="136636" fileName="S04_08C.PAC.256.pac" size="11320" tableOffset="256"><lzss dataOffset="128" fileName="S04_08C.PAC.256.pac.0.lzss" size="4310" tableOffset="0" uncompressedSize="9012" /><lzss dataOffset="4440" fileName="S04_08C.PAC.256.pac.16.lzss" size="1609" tableOffset="16" uncompressedSize="5292" /><lzss dataOffset="6052" fileName="S04_08C.PAC.256.pac.64.lzss" size="5266" tableOffset="64" uncompressedSize="33312" /></pac><pac dataOffset="147956" fileName="S04_08C.PAC.264.pac" size="14292" tableOffset="264"><lzss dataOffset="128" fileName="S04_08C.PAC.264.pac.0.lzss" size="3454" tableOffset="0" uncompressedSize="6560" /><lzss dataOffset="3584" fileName="S04_08C.PAC.264.pac.16.lzss" size="1740" tableOffset="16" uncompressedSize="5694" /><lzss dataOffset="5324" fileName="S04_08C.PAC.264.pac.64.lzss" size="8967" tableOffset="64" uncompressedSize="33312" /></pac><pac dataOffset="162248" fileName="S04_08C.PAC.272.pac" size="3120" tableOffset="272"><lzss dataOffset="128" fileName="S04_08C.PAC.272.pac.0.lzss" size="2500" tableOffset="0" uncompressedSize="4516" /><lzss dataOffset="2628" fileName="S04_08C.PAC.272.pac.16.lzss" size="492" tableOffset="16" uncompressedSize="1032" /><textureSymbol dataOffset="0" size="4294967295" tableOffset="64" /></pac><pac dataOffset="165368" fileName="S04_08C.PAC.280.pac" size="11940" tableOffset="280"><lzss dataOffset="128" fileName="S04_08C.PAC.280.pac.0.lzss" size="3498" tableOffset="0" uncompressedSize="7628" /><lzss dataOffset="3628" fileName="S04_08C.PAC.280.pac.16.lzss" size="668" tableOffset="16" uncompressedSize="1688" /><lzss dataOffset="4296" fileName="S04_08C.PAC.280.pac.64.lzss" size="7642" tableOffset="64" uncompressedSize="33312" /></pac><pac dataOffset="177308" fileName="S04_08C.PAC.288.pac" size="1960" tableOffset="288"><lzss dataOffset="128" fileName="S04_08C.PAC.288.pac.0.lzss" size="1605" tableOffset="0" uncompressedSize="3184" /><lzss dataOffset="1736" fileName="S04_08C.PAC.288.pac.16.lzss" size="222" tableOffset="16" uncompressedSize="448" /><textureSymbol dataOffset="0" size="4294967295" tableOffset="64" /></pac><pac dataOffset="179268" fileName="S04_08C.PAC.296.pac" size="996" tableOffset="296"><lzss dataOffset="128" fileName="S04_08C.PAC.296.pac.0.lzss" size="716" tableOffset="0" uncompressedSize="1496" /><lzss dataOffset="844" fileName="S04_08C.PAC.296.pac.16.lzss" size="151" tableOffset="16" uncompressedSize="302" /><textureSymbol dataOffset="0" size="4294967295" tableOffset="64" /></pac><pac dataOffset="180264" fileName="S04_08C.PAC.304.pac" size="2628" tableOffset="304"><lzss dataOffset="128" fileName="S04_08C.PAC.304.pac.0.lzss" size="2160" tableOffset="0" uncompressedSize="6296" /><lzss dataOffset="2288" fileName="S04_08C.PAC.304.pac.16.lzss" size="340" tableOffset="16" uncompressedSize="662" /><textureSymbol dataOffset="0" size="4294967295" tableOffset="64" /></pac></source>