<source fileName="S04_J.PAC" size="126976" tableOffset="0"><lzss dataOffset="384" fileName="S04_J.PAC.0.lzss" size="9705" tableOffset="0" uncompressedSize="33312" /><lzss dataOffset="10092" fileName="S04_J.PAC.40.lzss" size="4711" tableOffset="40" uncompressedSize="11120" /><lzss dataOffset="14804" fileName="S04_J.PAC.128.lzss" size="5739" tableOffset="128" uncompressedSize="19812" /><lzss dataOffset="20544" fileName="S04_J.PAC.136.lzss" size="36153" tableOffset="136" uncompressedSize="128172" /><lzss dataOffset="56700" fileName="S04_J.PAC.144.lzss" size="67" tableOffset="144" uncompressedSize="112" /><lzss dataOffset="56768" fileName="S04_J.PAC.152.lzss" size="126" tableOffset="152" uncompressedSize="260" /><lzss dataOffset="56896" fileName="S04_J.PAC.160.lzss" size="12462" tableOffset="160" uncompressedSize="33312" /><lzss dataOffset="69360" fileName="S04_J.PAC.168.lzss" size="14042" tableOffset="168" uncompressedSize="33312" /><lzss dataOffset="83404" fileName="S04_J.PAC.176.lzss" size="12426" tableOffset="176" uncompressedSize="33312" /><lzss dataOffset="95832" fileName="S04_J.PAC.184.lzss" size="11955" tableOffset="184" uncompressedSize="33312" /><lzss dataOffset="107788" fileName="S04_J.PAC.192.lzss" size="6322" tableOffset="192" uncompressedSize="66080" /><lzss dataOffset="114112" fileName="S04_J.PAC.224.lzss" size="959" tableOffset="224" uncompressedSize="2540" /><lzss dataOffset="115072" fileName="S04_J.PAC.232.lzss" size="581" tableOffset="232" uncompressedSize="1620" /><pac dataOffset="115656" fileName="S04_J.PAC.256.pac" size="11320" tableOffset="256"><lzss dataOffset="128" fileName="S04_J.PAC.256.pac.0.lzss" size="4310" tableOffset="0" uncompressedSize="9012" /><lzss dataOffset="4440" fileName="S04_J.PAC.256.pac.16.lzss" size="1609" tableOffset="16" uncompressedSize="5292" /><lzss dataOffset="6052" fileName="S04_J.PAC.256.pac.64.lzss" size="5266" tableOffset="64" uncompressedSize="33312" /></pac></source>