<source fileName="S04_M00E.PAC" size="242852" tableOffset="0"><lzss dataOffset="384" fileName="S04_M00E.PAC.0.lzss" size="9705" tableOffset="0" uncompressedSize="33312" /><lzss dataOffset="10092" fileName="S04_M00E.PAC.40.lzss" size="4711" tableOffset="40" uncompressedSize="11120" /><lzss dataOffset="14804" fileName="S04_M00E.PAC.128.lzss" size="31887" tableOffset="128" uncompressedSize="56876" /><lzss dataOffset="46692" fileName="S04_M00E.PAC.136.lzss" size="38947" tableOffset="136" uncompressedSize="128596" /><lzss dataOffset="85640" fileName="S04_M00E.PAC.144.lzss" size="118" tableOffset="144" uncompressedSize="192" /><lzss dataOffset="85760" fileName="S04_M00E.PAC.152.lzss" size="876" tableOffset="152" uncompressedSize="3792" /><lzss dataOffset="86636" fileName="S04_M00E.PAC.160.lzss" size="18028" tableOffset="160" uncompressedSize="33312" /><lzss dataOffset="104664" fileName="S04_M00E.PAC.168.lzss" size="8869" tableOffset="168" uncompressedSize="33312" /><lzss dataOffset="113536" fileName="S04_M00E.PAC.176.lzss" size="8205" tableOffset="176" uncompressedSize="33312" /><lzss dataOffset="121744" fileName="S04_M00E.PAC.184.lzss" size="8455" tableOffset="184" uncompressedSize="33312" /><lzss dataOffset="130200" fileName="S04_M00E.PAC.192.lzss" size="6322" tableOffset="192" uncompressedSize="66080" /><lzss dataOffset="136524" fileName="S04_M00E.PAC.200.lzss" size="577" tableOffset="200" uncompressedSize="2652" /><lzss dataOffset="137104" fileName="S04_M00E.PAC.224.lzss" size="5090" tableOffset="224" uncompressedSize="20736" /><lzss dataOffset="142196" fileName="S04_M00E.PAC.232.lzss" size="4955" tableOffset="232" uncompressedSize="10936" /><pac dataOffset="147152" fileName="S04_M00E.PAC.256.pac" size="11320" tableOffset="256"><lzss dataOffset="128" fileName="S04_M00E.PAC.256.pac.0.lzss" size="4310" tableOffset="0" uncompressedSize="9012" /><lzss dataOffset="4440" fileName="S04_M00E.PAC.256.pac.16.lzss" size="1609" tableOffset="16" uncompressedSize="5292" /><lzss dataOffset="6052" fileName="S04_M00E.PAC.256.pac.64.lzss" size="5266" tableOffset="64" uncompressedSize="33312" /></pac><pac dataOffset="158472" fileName="S04_M00E.PAC.264.pac" size="480" tableOffset="264"><lzss dataOffset="128" fileName="S04_M00E.PAC.264.pac.16.lzss" size="351" tableOffset="16" uncompressedSize="706" /></pac><pac dataOffset="158952" fileName="S04_M00E.PAC.272.pac" size="8628" tableOffset="272"><lzss dataOffset="128" fileName="S04_M00E.PAC.272.pac.0.lzss" size="2382" tableOffset="0" uncompressedSize="4792" /><lzss dataOffset="2512" fileName="S04_M00E.PAC.272.pac.16.lzss" size="690" tableOffset="16" uncompressedSize="1266" /><lzss dataOffset="3204" fileName="S04_M00E.PAC.272.pac.64.lzss" size="5422" tableOffset="64" uncompressedSize="33312" /></pac><pac dataOffset="167580" fileName="S04_M00E.PAC.280.pac" size="14816" tableOffset="280"><lzss dataOffset="128" fileName="S04_M00E.PAC.280.pac.0.lzss" size="5030" tableOffset="0" uncompressedSize="9396" /><lzss dataOffset="5160" fileName="S04_M00E.PAC.280.pac.16.lzss" size="3164" tableOffset="16" uncompressedSize="8246" /><lzss dataOffset="8324" fileName="S04_M00E.PAC.280.pac.64.lzss" size="6491" tableOffset="64" uncompressedSize="33312" /></pac><pac dataOffset="182396" fileName="S04_M00E.PAC.288.pac" size="10164" tableOffset="288"><lzss dataOffset="128" fileName="S04_M00E.PAC.288.pac.0.lzss" size="3427" tableOffset="0" uncompressedSize="6944" /><lzss dataOffset="3556" fileName="S04_M00E.PAC.288.pac.16.lzss" size="1627" tableOffset="16" uncompressedSize="4294" /><lzss dataOffset="5184" fileName="S04_M00E.PAC.288.pac.64.lzss" size="4977" tableOffset="64" uncompressedSize="33312" /></pac><pac dataOffset="192560" fileName="S04_M00E.PAC.296.pac" size="11980" tableOffset="296"><lzss dataOffset="128" fileName="S04_M00E.PAC.296.pac.0.lzss" size="5175" tableOffset="0" uncompressedSize="9792" /><lzss dataOffset="5304" fileName="S04_M00E.PAC.296.pac.16.lzss" size="1731" tableOffset="16" uncompressedSize="3250" /><lzss dataOffset="7036" fileName="S04_M00E.PAC.296.pac.64.lzss" size="4944" tableOffset="64" uncompressedSize="33312" /></pac><pac dataOffset="204540" fileName="S04_M00E.PAC.304.pac" size="11772" tableOffset="304"><lzss dataOffset="128" fileName="S04_M00E.PAC.304.pac.0.lzss" size="5297" tableOffset="0" uncompressedSize="9892" /><lzss dataOffset="5428" fileName="S04_M00E.PAC.304.pac.16.lzss" size="650" tableOffset="16" uncompressedSize="1130" /><lzss dataOffset="6080" fileName="S04_M00E.PAC.304.pac.64.lzss" size="5690" tableOffset="64" uncompressedSize="33312" /></pac><pac dataOffset="216312" fileName="S04_M00E.PAC.312.pac" size="13000" tableOffset="312"><lzss dataOffset="128" fileName="S04_M00E.PAC.312.pac.0.lzss" size="5671" tableOffset="0" uncompressedSize="10392" /><lzss dataOffset="5800" fileName="S04_M00E.PAC.312.pac.16.lzss" size="784" tableOffset="16" uncompressedSize="1710" /><lzss dataOffset="6584" fileName="S04_M00E.PAC.312.pac.64.lzss" size="6416" tableOffset="64" uncompressedSize="33312" /></pac><pac dataOffset="229312" fileName="S04_M00E.PAC.320.pac" size="13540" tableOffset="320"><lzss dataOffset="128" fileName="S04_M00E.PAC.320.pac.0.lzss" size="5317" tableOffset="0" uncompressedSize="10004" /><lzss dataOffset="5448" fileName="S04_M00E.PAC.320.pac.16.lzss" size="1477" tableOffset="16" uncompressedSize="2958" /><lzss dataOffset="6928" fileName="S04_M00E.PAC.320.pac.64.lzss" size="6610" tableOffset="64" uncompressedSize="33312" /></pac></source>