<source fileName="S04_M14A.PAC" size="139532" tableOffset="0"><lzss dataOffset="384" fileName="S04_M14A.PAC.40.lzss" size="4711" tableOffset="40" uncompressedSize="11120" /><lzss dataOffset="5096" fileName="S04_M14A.PAC.128.lzss" size="19975" tableOffset="128" uncompressedSize="56176" /><lzss dataOffset="25072" fileName="S04_M14A.PAC.136.lzss" size="36912" tableOffset="136" uncompressedSize="127324" /><lzss dataOffset="61984" fileName="S04_M14A.PAC.144.lzss" size="72" tableOffset="144" uncompressedSize="192" /><lzss dataOffset="62056" fileName="S04_M14A.PAC.152.lzss" size="366" tableOffset="152" uncompressedSize="916" /><lzss dataOffset="62424" fileName="S04_M14A.PAC.160.lzss" size="18112" tableOffset="160" uncompressedSize="33312" /><lzss dataOffset="80536" fileName="S04_M14A.PAC.168.lzss" size="11588" tableOffset="168" uncompressedSize="33312" /><lzss dataOffset="92124" fileName="S04_M14A.PAC.192.lzss" size="6322" tableOffset="192" uncompressedSize="66080" /><lzss dataOffset="98448" fileName="S04_M14A.PAC.200.lzss" size="577" tableOffset="200" uncompressedSize="2652" /><lzss dataOffset="99028" fileName="S04_M14A.PAC.224.lzss" size="1608" tableOffset="224" uncompressedSize="5358" /><lzss dataOffset="100636" fileName="S04_M14A.PAC.232.lzss" size="1101" tableOffset="232" uncompressedSize="2512" /><pac dataOffset="101740" fileName="S04_M14A.PAC.256.pac" size="11320" tableOffset="256"><lzss dataOffset="128" fileName="S04_M14A.PAC.256.pac.0.lzss" size="4310" tableOffset="0" uncompressedSize="9012" /><lzss dataOffset="4440" fileName="S04_M14A.PAC.256.pac.16.lzss" size="1609" tableOffset="16" uncompressedSize="5292" /><lzss dataOffset="6052" fileName="S04_M14A.PAC.256.pac.64.lzss" size="5266" tableOffset="64" uncompressedSize="33312" /></pac><pac dataOffset="113060" fileName="S04_M14A.PAC.264.pac" size="480" tableOffset="264"><lzss dataOffset="128" fileName="S04_M14A.PAC.264.pac.16.lzss" size="351" tableOffset="16" uncompressedSize="706" /></pac><pac dataOffset="113540" fileName="S04_M14A.PAC.272.pac" size="10164" tableOffset="272"><lzss dataOffset="128" fileName="S04_M14A.PAC.272.pac.0.lzss" size="3427" tableOffset="0" uncompressedSize="6944" /><lzss dataOffset="3556" fileName="S04_M14A.PAC.272.pac.16.lzss" size="1627" tableOffset="16" uncompressedSize="4294" /><lzss dataOffset="5184" fileName="S04_M14A.PAC.272.pac.64.lzss" size="4977" tableOffset="64" uncompressedSize="33312" /></pac><pac dataOffset="123704" fileName="S04_M14A.PAC.280.pac" size="7720" tableOffset="280"><lzss dataOffset="128" fileName="S04_M14A.PAC.280.pac.0.lzss" size="3873" tableOffset="0" uncompressedSize="7824" /><lzss dataOffset="4004" fileName="S04_M14A.PAC.280.pac.16.lzss" size="1078" tableOffset="16" uncompressedSize="2842" /><lzss dataOffset="5084" fileName="S04_M14A.PAC.280.pac.64.lzss" size="2636" tableOffset="64" uncompressedSize="33312" /></pac><pac dataOffset="131424" fileName="S04_M14A.PAC.288.pac" size="8108" tableOffset="288"><lzss dataOffset="128" fileName="S04_M14A.PAC.288.pac.0.lzss" size="3815" tableOffset="0" uncompressedSize="7576" /><lzss dataOffset="3944" fileName="S04_M14A.PAC.288.pac.16.lzss" size="812" tableOffset="16" uncompressedSize="2082" /><lzss dataOffset="4756" fileName="S04_M14A.PAC.288.pac.64.lzss" size="3352" tableOffset="64" uncompressedSize="33312" /></pac></source>