<source fileName="S04_M03A.PAC" size="155636" tableOffset="0"><lzss dataOffset="384" fileName="S04_M03A.PAC.40.lzss" size="4711" tableOffset="40" uncompressedSize="11120" /><lzss dataOffset="5096" fileName="S04_M03A.PAC.128.lzss" size="23473" tableOffset="128" uncompressedSize="54348" /><lzss dataOffset="28572" fileName="S04_M03A.PAC.136.lzss" size="34296" tableOffset="136" uncompressedSize="127056" /><lzss dataOffset="62868" fileName="S04_M03A.PAC.144.lzss" size="71" tableOffset="144" uncompressedSize="112" /><lzss dataOffset="62940" fileName="S04_M03A.PAC.152.lzss" size="445" tableOffset="152" uncompressedSize="1740" /><lzss dataOffset="63388" fileName="S04_M03A.PAC.160.lzss" size="6879" tableOffset="160" uncompressedSize="33312" /><lzss dataOffset="70268" fileName="S04_M03A.PAC.168.lzss" size="11980" tableOffset="168" uncompressedSize="33312" /><lzss dataOffset="82248" fileName="S04_M03A.PAC.176.lzss" size="5997" tableOffset="176" uncompressedSize="33312" /><lzss dataOffset="88248" fileName="S04_M03A.PAC.184.lzss" size="6849" tableOffset="184" uncompressedSize="33312" /><lzss dataOffset="95100" fileName="S04_M03A.PAC.192.lzss" size="8564" tableOffset="192" uncompressedSize="66080" /><lzss dataOffset="103664" fileName="S04_M03A.PAC.200.lzss" size="577" tableOffset="200" uncompressedSize="2652" /><lzss dataOffset="104244" fileName="S04_M03A.PAC.224.lzss" size="2054" tableOffset="224" uncompressedSize="8028" /><lzss dataOffset="106300" fileName="S04_M03A.PAC.232.lzss" size="1627" tableOffset="232" uncompressedSize="3364" /><pac dataOffset="107928" fileName="S04_M03A.PAC.256.pac" size="11320" tableOffset="256"><lzss dataOffset="128" fileName="S04_M03A.PAC.256.pac.0.lzss" size="4310" tableOffset="0" uncompressedSize="9012" /><lzss dataOffset="4440" fileName="S04_M03A.PAC.256.pac.16.lzss" size="1609" tableOffset="16" uncompressedSize="5292" /><lzss dataOffset="6052" fileName="S04_M03A.PAC.256.pac.64.lzss" size="5266" tableOffset="64" uncompressedSize="33312" /></pac><pac dataOffset="119248" fileName="S04_M03A.PAC.264.pac" size="480" tableOffset="264"><lzss dataOffset="128" fileName="S04_M03A.PAC.264.pac.16.lzss" size="351" tableOffset="16" uncompressedSize="706" /></pac><pac dataOffset="119728" fileName="S04_M03A.PAC.272.pac" size="12964" tableOffset="272"><lzss dataOffset="128" fileName="S04_M03A.PAC.272.pac.0.lzss" size="4885" tableOffset="0" uncompressedSize="9192" /><lzss dataOffset="5016" fileName="S04_M03A.PAC.272.pac.16.lzss" size="2654" tableOffset="16" uncompressedSize="8162" /><lzss dataOffset="7672" fileName="S04_M03A.PAC.272.pac.64.lzss" size="5290" tableOffset="64" uncompressedSize="33312" /></pac><pac dataOffset="132692" fileName="S04_M03A.PAC.280.pac" size="12780" tableOffset="280"><lzss dataOffset="128" fileName="S04_M03A.PAC.280.pac.0.lzss" size="4876" tableOffset="0" uncompressedSize="9304" /><lzss dataOffset="5004" fileName="S04_M03A.PAC.280.pac.16.lzss" size="2078" tableOffset="16" uncompressedSize="5802" /><lzss dataOffset="7084" fileName="S04_M03A.PAC.280.pac.64.lzss" size="5696" tableOffset="64" uncompressedSize="33312" /></pac><pac dataOffset="145472" fileName="S04_M03A.PAC.288.pac" size="10164" tableOffset="288"><lzss dataOffset="128" fileName="S04_M03A.PAC.288.pac.0.lzss" size="3427" tableOffset="0" uncompressedSize="6944" /><lzss dataOffset="3556" fileName="S04_M03A.PAC.288.pac.16.lzss" size="1627" tableOffset="16" uncompressedSize="4294" /><lzss dataOffset="5184" fileName="S04_M03A.PAC.288.pac.64.lzss" size="4977" tableOffset="64" uncompressedSize="33312" /></pac></source>