<source fileName="S04_H.PAC" size="196372" tableOffset="0"><lzss dataOffset="384" fileName="S04_H.PAC.0.lzss" size="9705" tableOffset="0" uncompressedSize="33312" /><lzss dataOffset="10092" fileName="S04_H.PAC.40.lzss" size="4711" tableOffset="40" uncompressedSize="11120" /><lzss dataOffset="14804" fileName="S04_H.PAC.128.lzss" size="11331" tableOffset="128" uncompressedSize="32752" /><lzss dataOffset="26136" fileName="S04_H.PAC.136.lzss" size="34360" tableOffset="136" uncompressedSize="127668" /><lzss dataOffset="60496" fileName="S04_H.PAC.144.lzss" size="91" tableOffset="144" uncompressedSize="112" /><lzss dataOffset="60588" fileName="S04_H.PAC.152.lzss" size="196" tableOffset="152" uncompressedSize="428" /><lzss dataOffset="60784" fileName="S04_H.PAC.160.lzss" size="12462" tableOffset="160" uncompressedSize="33312" /><lzss dataOffset="73248" fileName="S04_H.PAC.168.lzss" size="14042" tableOffset="168" uncompressedSize="33312" /><lzss dataOffset="87292" fileName="S04_H.PAC.176.lzss" size="12426" tableOffset="176" uncompressedSize="33312" /><lzss dataOffset="99720" fileName="S04_H.PAC.184.lzss" size="11955" tableOffset="184" uncompressedSize="33312" /><lzss dataOffset="111676" fileName="S04_H.PAC.192.lzss" size="6331" tableOffset="192" uncompressedSize="66080" /><lzss dataOffset="118008" fileName="S04_H.PAC.224.lzss" size="1373" tableOffset="224" uncompressedSize="4008" /><lzss dataOffset="119384" fileName="S04_H.PAC.232.lzss" size="1046" tableOffset="232" uncompressedSize="2328" /><pac dataOffset="120432" fileName="S04_H.PAC.256.pac" size="11320" tableOffset="256"><lzss dataOffset="128" fileName="S04_H.PAC.256.pac.0.lzss" size="4310" tableOffset="0" uncompressedSize="9012" /><lzss dataOffset="4440" fileName="S04_H.PAC.256.pac.16.lzss" size="1609" tableOffset="16" uncompressedSize="5292" /><lzss dataOffset="6052" fileName="S04_H.PAC.256.pac.64.lzss" size="5266" tableOffset="64" uncompressedSize="33312" /></pac><pac dataOffset="131752" fileName="S04_H.PAC.264.pac" size="11076" tableOffset="264"><lzss dataOffset="128" fileName="S04_H.PAC.264.pac.0.lzss" size="1196" tableOffset="0" uncompressedSize="2296" /><lzss dataOffset="1324" fileName="S04_H.PAC.264.pac.16.lzss" size="440" tableOffset="16" uncompressedSize="1374" /><lzss dataOffset="1764" fileName="S04_H.PAC.264.pac.64.lzss" size="9310" tableOffset="64" uncompressedSize="33312" /></pac><pac dataOffset="142828" fileName="S04_H.PAC.272.pac" size="2220" tableOffset="272"><lzss dataOffset="128" fileName="S04_H.PAC.272.pac.0.lzss" size="1584" tableOffset="0" uncompressedSize="3640" /><lzss dataOffset="1712" fileName="S04_H.PAC.272.pac.16.lzss" size="506" tableOffset="16" uncompressedSize="1574" /><textureSymbol dataOffset="0" size="4294967295" tableOffset="64" /></pac><pac dataOffset="145048" fileName="S04_H.PAC.280.pac" size="932" tableOffset="280"><lzss dataOffset="128" fileName="S04_H.PAC.280.pac.0.lzss" size="673" tableOffset="0" uncompressedSize="1032" /><lzss dataOffset="804" fileName="S04_H.PAC.280.pac.16.lzss" size="125" tableOffset="16" uncompressedSize="220" /><textureSymbol dataOffset="0" size="4294967295" tableOffset="64" /></pac><pac dataOffset="145980" fileName="S04_H.PAC.288.pac" size="50392" tableOffset="288"><lzss dataOffset="128" fileName="S04_H.PAC.288.pac.0.lzss" size="12973" tableOffset="0" uncompressedSize="23952" /><lzss dataOffset="13104" fileName="S04_H.PAC.288.pac.16.lzss" size="4708" tableOffset="16" uncompressedSize="10352" /><lzss dataOffset="17812" fileName="S04_H.PAC.288.pac.64.lzss" size="7785" tableOffset="64" uncompressedSize="33312" /><lzss dataOffset="25600" fileName="S04_H.PAC.288.pac.72.lzss" size="9242" tableOffset="72" uncompressedSize="33312" /><lzss dataOffset="34844" fileName="S04_H.PAC.288.pac.80.lzss" size="11344" tableOffset="80" uncompressedSize="33312" /><lzss dataOffset="46188" fileName="S04_H.PAC.288.pac.88.lzss" size="4204" tableOffset="88" uncompressedSize="33312" /></pac></source>