<source fileName="S04_M16B.PAC" size="133628" tableOffset="0"><lzss dataOffset="384" fileName="S04_M16B.PAC.40.lzss" size="4711" tableOffset="40" uncompressedSize="11120" /><lzss dataOffset="5096" fileName="S04_M16B.PAC.128.lzss" size="16038" tableOffset="128" uncompressedSize="48368" /><lzss dataOffset="21136" fileName="S04_M16B.PAC.136.lzss" size="38706" tableOffset="136" uncompressedSize="128624" /><lzss dataOffset="59844" fileName="S04_M16B.PAC.144.lzss" size="92" tableOffset="144" uncompressedSize="112" /><lzss dataOffset="59936" fileName="S04_M16B.PAC.152.lzss" size="367" tableOffset="152" uncompressedSize="1476" /><lzss dataOffset="60304" fileName="S04_M16B.PAC.160.lzss" size="12811" tableOffset="160" uncompressedSize="33312" /><lzss dataOffset="73116" fileName="S04_M16B.PAC.192.lzss" size="6322" tableOffset="192" uncompressedSize="66080" /><lzss dataOffset="79440" fileName="S04_M16B.PAC.200.lzss" size="577" tableOffset="200" uncompressedSize="2652" /><lzss dataOffset="80020" fileName="S04_M16B.PAC.224.lzss" size="2958" tableOffset="224" uncompressedSize="13200" /><lzss dataOffset="82980" fileName="S04_M16B.PAC.232.lzss" size="3211" tableOffset="232" uncompressedSize="6472" /><pac dataOffset="86192" fileName="S04_M16B.PAC.256.pac" size="11320" tableOffset="256"><lzss dataOffset="128" fileName="S04_M16B.PAC.256.pac.0.lzss" size="4310" tableOffset="0" uncompressedSize="9012" /><lzss dataOffset="4440" fileName="S04_M16B.PAC.256.pac.16.lzss" size="1609" tableOffset="16" uncompressedSize="5292" /><lzss dataOffset="6052" fileName="S04_M16B.PAC.256.pac.64.lzss" size="5266" tableOffset="64" uncompressedSize="33312" /></pac><pac dataOffset="97512" fileName="S04_M16B.PAC.264.pac" size="480" tableOffset="264"><lzss dataOffset="128" fileName="S04_M16B.PAC.264.pac.16.lzss" size="351" tableOffset="16" uncompressedSize="706" /></pac><pac dataOffset="97992" fileName="S04_M16B.PAC.272.pac" size="10164" tableOffset="272"><lzss dataOffset="128" fileName="S04_M16B.PAC.272.pac.0.lzss" size="3427" tableOffset="0" uncompressedSize="6944" /><lzss dataOffset="3556" fileName="S04_M16B.PAC.272.pac.16.lzss" size="1627" tableOffset="16" uncompressedSize="4294" /><lzss dataOffset="5184" fileName="S04_M16B.PAC.272.pac.64.lzss" size="4977" tableOffset="64" uncompressedSize="33312" /></pac><pac dataOffset="108156" fileName="S04_M16B.PAC.280.pac" size="13492" tableOffset="280"><lzss dataOffset="128" fileName="S04_M16B.PAC.280.pac.0.lzss" size="5846" tableOffset="0" uncompressedSize="11612" /><lzss dataOffset="5976" fileName="S04_M16B.PAC.280.pac.16.lzss" size="438" tableOffset="16" uncompressedSize="890" /><lzss dataOffset="6416" fileName="S04_M16B.PAC.280.pac.64.lzss" size="7073" tableOffset="64" uncompressedSize="33312" /></pac><pac dataOffset="121648" fileName="S04_M16B.PAC.288.pac" size="11980" tableOffset="288"><lzss dataOffset="128" fileName="S04_M16B.PAC.288.pac.0.lzss" size="5175" tableOffset="0" uncompressedSize="9792" /><lzss dataOffset="5304" fileName="S04_M16B.PAC.288.pac.16.lzss" size="1731" tableOffset="16" uncompressedSize="3250" /><lzss dataOffset="7036" fileName="S04_M16B.PAC.288.pac.64.lzss" size="4944" tableOffset="64" uncompressedSize="33312" /></pac></source>