<source fileName="S04_M06A.PAC" size="193904" tableOffset="0"><lzss dataOffset="384" fileName="S04_M06A.PAC.40.lzss" size="4711" tableOffset="40" uncompressedSize="11120" /><lzss dataOffset="5096" fileName="S04_M06A.PAC.128.lzss" size="27843" tableOffset="128" uncompressedSize="76148" /><lzss dataOffset="32940" fileName="S04_M06A.PAC.136.lzss" size="42464" tableOffset="136" uncompressedSize="127552" /><lzss dataOffset="75404" fileName="S04_M06A.PAC.144.lzss" size="93" tableOffset="144" uncompressedSize="112" /><lzss dataOffset="75500" fileName="S04_M06A.PAC.152.lzss" size="347" tableOffset="152" uncompressedSize="1308" /><lzss dataOffset="75848" fileName="S04_M06A.PAC.160.lzss" size="14709" tableOffset="160" uncompressedSize="33312" /><lzss dataOffset="90560" fileName="S04_M06A.PAC.168.lzss" size="9014" tableOffset="168" uncompressedSize="33312" /><lzss dataOffset="99576" fileName="S04_M06A.PAC.176.lzss" size="11299" tableOffset="176" uncompressedSize="33312" /><lzss dataOffset="110876" fileName="S04_M06A.PAC.184.lzss" size="8080" tableOffset="184" uncompressedSize="33312" /><lzss dataOffset="118956" fileName="S04_M06A.PAC.192.lzss" size="7616" tableOffset="192" uncompressedSize="66080" /><lzss dataOffset="126572" fileName="S04_M06A.PAC.200.lzss" size="577" tableOffset="200" uncompressedSize="2652" /><lzss dataOffset="127152" fileName="S04_M06A.PAC.224.lzss" size="2225" tableOffset="224" uncompressedSize="7812" /><lzss dataOffset="129380" fileName="S04_M06A.PAC.232.lzss" size="2531" tableOffset="232" uncompressedSize="5292" /><pac dataOffset="131912" fileName="S04_M06A.PAC.256.pac" size="11320" tableOffset="256"><lzss dataOffset="128" fileName="S04_M06A.PAC.256.pac.0.lzss" size="4310" tableOffset="0" uncompressedSize="9012" /><lzss dataOffset="4440" fileName="S04_M06A.PAC.256.pac.16.lzss" size="1609" tableOffset="16" uncompressedSize="5292" /><lzss dataOffset="6052" fileName="S04_M06A.PAC.256.pac.64.lzss" size="5266" tableOffset="64" uncompressedSize="33312" /></pac><pac dataOffset="143232" fileName="S04_M06A.PAC.264.pac" size="480" tableOffset="264"><lzss dataOffset="128" fileName="S04_M06A.PAC.264.pac.16.lzss" size="351" tableOffset="16" uncompressedSize="706" /></pac><pac dataOffset="143712" fileName="S04_M06A.PAC.272.pac" size="11980" tableOffset="272"><lzss dataOffset="128" fileName="S04_M06A.PAC.272.pac.0.lzss" size="5175" tableOffset="0" uncompressedSize="9792" /><lzss dataOffset="5304" fileName="S04_M06A.PAC.272.pac.16.lzss" size="1731" tableOffset="16" uncompressedSize="3250" /><lzss dataOffset="7036" fileName="S04_M06A.PAC.272.pac.64.lzss" size="4944" tableOffset="64" uncompressedSize="33312" /></pac><pac dataOffset="155692" fileName="S04_M06A.PAC.280.pac" size="12296" tableOffset="280"><lzss dataOffset="128" fileName="S04_M06A.PAC.280.pac.0.lzss" size="5036" tableOffset="0" uncompressedSize="9352" /><lzss dataOffset="5164" fileName="S04_M06A.PAC.280.pac.16.lzss" size="680" tableOffset="16" uncompressedSize="1498" /><lzss dataOffset="5844" fileName="S04_M06A.PAC.280.pac.64.lzss" size="6452" tableOffset="64" uncompressedSize="33312" /></pac><pac dataOffset="167988" fileName="S04_M06A.PAC.288.pac" size="7644" tableOffset="288"><lzss dataOffset="128" fileName="S04_M06A.PAC.288.pac.0.lzss" size="2897" tableOffset="0" uncompressedSize="5564" /><lzss dataOffset="3028" fileName="S04_M06A.PAC.288.pac.16.lzss" size="375" tableOffset="16" uncompressedSize="940" /><lzss dataOffset="3404" fileName="S04_M06A.PAC.288.pac.64.lzss" size="4240" tableOffset="64" uncompressedSize="33312" /></pac><pac dataOffset="175632" fileName="S04_M06A.PAC.296.pac" size="8108" tableOffset="296"><lzss dataOffset="128" fileName="S04_M06A.PAC.296.pac.0.lzss" size="3815" tableOffset="0" uncompressedSize="7576" /><lzss dataOffset="3944" fileName="S04_M06A.PAC.296.pac.16.lzss" size="812" tableOffset="16" uncompressedSize="2082" /><lzss dataOffset="4756" fileName="S04_M06A.PAC.296.pac.64.lzss" size="3352" tableOffset="64" uncompressedSize="33312" /></pac><pac dataOffset="183740" fileName="S04_M06A.PAC.304.pac" size="10164" tableOffset="304"><lzss dataOffset="128" fileName="S04_M06A.PAC.304.pac.0.lzss" size="3427" tableOffset="0" uncompressedSize="6944" /><lzss dataOffset="3556" fileName="S04_M06A.PAC.304.pac.16.lzss" size="1627" tableOffset="16" uncompressedSize="4294" /><lzss dataOffset="5184" fileName="S04_M06A.PAC.304.pac.64.lzss" size="4977" tableOffset="64" uncompressedSize="33312" /></pac></source>