<source fileName="S04_M00B.PAC" size="170812" tableOffset="0"><lzss dataOffset="384" fileName="S04_M00B.PAC.40.lzss" size="4711" tableOffset="40" uncompressedSize="11120" /><lzss dataOffset="5096" fileName="S04_M00B.PAC.128.lzss" size="21333" tableOffset="128" uncompressedSize="41496" /><lzss dataOffset="26432" fileName="S04_M00B.PAC.136.lzss" size="36127" tableOffset="136" uncompressedSize="127604" /><lzss dataOffset="62560" fileName="S04_M00B.PAC.144.lzss" size="92" tableOffset="144" uncompressedSize="112" /><lzss dataOffset="62652" fileName="S04_M00B.PAC.152.lzss" size="355" tableOffset="152" uncompressedSize="1316" /><lzss dataOffset="63008" fileName="S04_M00B.PAC.160.lzss" size="8293" tableOffset="160" uncompressedSize="33312" /><lzss dataOffset="71304" fileName="S04_M00B.PAC.168.lzss" size="5571" tableOffset="168" uncompressedSize="33312" /><lzss dataOffset="76876" fileName="S04_M00B.PAC.200.lzss" size="577" tableOffset="200" uncompressedSize="2652" /><lzss dataOffset="77456" fileName="S04_M00B.PAC.224.lzss" size="2482" tableOffset="224" uncompressedSize="9272" /><lzss dataOffset="79940" fileName="S04_M00B.PAC.232.lzss" size="2233" tableOffset="232" uncompressedSize="4800" /><pac dataOffset="82176" fileName="S04_M00B.PAC.256.pac" size="11320" tableOffset="256"><lzss dataOffset="128" fileName="S04_M00B.PAC.256.pac.0.lzss" size="4310" tableOffset="0" uncompressedSize="9012" /><lzss dataOffset="4440" fileName="S04_M00B.PAC.256.pac.16.lzss" size="1609" tableOffset="16" uncompressedSize="5292" /><lzss dataOffset="6052" fileName="S04_M00B.PAC.256.pac.64.lzss" size="5266" tableOffset="64" uncompressedSize="33312" /></pac><pac dataOffset="93496" fileName="S04_M00B.PAC.264.pac" size="480" tableOffset="264"><lzss dataOffset="128" fileName="S04_M00B.PAC.264.pac.16.lzss" size="351" tableOffset="16" uncompressedSize="706" /></pac><pac dataOffset="93976" fileName="S04_M00B.PAC.272.pac" size="14816" tableOffset="272"><lzss dataOffset="128" fileName="S04_M00B.PAC.272.pac.0.lzss" size="5030" tableOffset="0" uncompressedSize="9396" /><lzss dataOffset="5160" fileName="S04_M00B.PAC.272.pac.16.lzss" size="3164" tableOffset="16" uncompressedSize="8246" /><lzss dataOffset="8324" fileName="S04_M00B.PAC.272.pac.64.lzss" size="6491" tableOffset="64" uncompressedSize="33312" /></pac><pac dataOffset="108792" fileName="S04_M00B.PAC.280.pac" size="13540" tableOffset="280"><lzss dataOffset="128" fileName="S04_M00B.PAC.280.pac.0.lzss" size="5317" tableOffset="0" uncompressedSize="10004" /><lzss dataOffset="5448" fileName="S04_M00B.PAC.280.pac.16.lzss" size="1477" tableOffset="16" uncompressedSize="2958" /><lzss dataOffset="6928" fileName="S04_M00B.PAC.280.pac.64.lzss" size="6610" tableOffset="64" uncompressedSize="33312" /></pac><pac dataOffset="122332" fileName="S04_M00B.PAC.288.pac" size="10700" tableOffset="288"><lzss dataOffset="128" fileName="S04_M00B.PAC.288.pac.0.lzss" size="4845" tableOffset="0" uncompressedSize="9588" /><lzss dataOffset="4976" fileName="S04_M00B.PAC.288.pac.16.lzss" size="708" tableOffset="16" uncompressedSize="1358" /><lzss dataOffset="5684" fileName="S04_M00B.PAC.288.pac.64.lzss" size="5015" tableOffset="64" uncompressedSize="33312" /></pac><pac dataOffset="133032" fileName="S04_M00B.PAC.296.pac" size="13200" tableOffset="296"><lzss dataOffset="128" fileName="S04_M00B.PAC.296.pac.0.lzss" size="5455" tableOffset="0" uncompressedSize="10488" /><lzss dataOffset="5584" fileName="S04_M00B.PAC.296.pac.16.lzss" size="999" tableOffset="16" uncompressedSize="2198" /><lzss dataOffset="6584" fileName="S04_M00B.PAC.296.pac.64.lzss" size="6616" tableOffset="64" uncompressedSize="33312" /></pac><pac dataOffset="146232" fileName="S04_M00B.PAC.304.pac" size="12064" tableOffset="304"><lzss dataOffset="128" fileName="S04_M00B.PAC.304.pac.0.lzss" size="5189" tableOffset="0" uncompressedSize="9816" /><lzss dataOffset="5320" fileName="S04_M00B.PAC.304.pac.16.lzss" size="550" tableOffset="16" uncompressedSize="1494" /><lzss dataOffset="5872" fileName="S04_M00B.PAC.304.pac.64.lzss" size="6190" tableOffset="64" uncompressedSize="33312" /></pac><pac dataOffset="158296" fileName="S04_M00B.PAC.312.pac" size="12516" tableOffset="312"><lzss dataOffset="128" fileName="S04_M00B.PAC.312.pac.0.lzss" size="5016" tableOffset="0" uncompressedSize="9636" /><lzss dataOffset="5144" fileName="S04_M00B.PAC.312.pac.16.lzss" size="332" tableOffset="16" uncompressedSize="666" /><lzss dataOffset="5476" fileName="S04_M00B.PAC.312.pac.64.lzss" size="7039" tableOffset="64" uncompressedSize="33312" /></pac></source>