<source fileName="S04_M00D.PAC" size="171272" tableOffset="0"><lzss dataOffset="384" fileName="S04_M00D.PAC.0.lzss" size="9705" tableOffset="0" uncompressedSize="33312" /><lzss dataOffset="10092" fileName="S04_M00D.PAC.40.lzss" size="4711" tableOffset="40" uncompressedSize="11120" /><lzss dataOffset="14804" fileName="S04_M00D.PAC.128.lzss" size="23033" tableOffset="128" uncompressedSize="52680" /><lzss dataOffset="37840" fileName="S04_M00D.PAC.136.lzss" size="36338" tableOffset="136" uncompressedSize="127288" /><lzss dataOffset="74180" fileName="S04_M00D.PAC.144.lzss" size="67" tableOffset="144" uncompressedSize="144" /><lzss dataOffset="74248" fileName="S04_M00D.PAC.152.lzss" size="340" tableOffset="152" uncompressedSize="940" /><lzss dataOffset="74588" fileName="S04_M00D.PAC.160.lzss" size="5536" tableOffset="160" uncompressedSize="33312" /><lzss dataOffset="80124" fileName="S04_M00D.PAC.168.lzss" size="4209" tableOffset="168" uncompressedSize="33312" /><lzss dataOffset="84336" fileName="S04_M00D.PAC.200.lzss" size="577" tableOffset="200" uncompressedSize="2652" /><lzss dataOffset="84916" fileName="S04_M00D.PAC.224.lzss" size="2608" tableOffset="224" uncompressedSize="8878" /><lzss dataOffset="87524" fileName="S04_M00D.PAC.232.lzss" size="1812" tableOffset="232" uncompressedSize="3756" /><pac dataOffset="89336" fileName="S04_M00D.PAC.256.pac" size="11320" tableOffset="256"><lzss dataOffset="128" fileName="S04_M00D.PAC.256.pac.0.lzss" size="4310" tableOffset="0" uncompressedSize="9012" /><lzss dataOffset="4440" fileName="S04_M00D.PAC.256.pac.16.lzss" size="1609" tableOffset="16" uncompressedSize="5292" /><lzss dataOffset="6052" fileName="S04_M00D.PAC.256.pac.64.lzss" size="5266" tableOffset="64" uncompressedSize="33312" /></pac><pac dataOffset="100656" fileName="S04_M00D.PAC.264.pac" size="480" tableOffset="264"><lzss dataOffset="128" fileName="S04_M00D.PAC.264.pac.16.lzss" size="351" tableOffset="16" uncompressedSize="706" /></pac><pac dataOffset="101136" fileName="S04_M00D.PAC.272.pac" size="11244" tableOffset="272"><lzss dataOffset="128" fileName="S04_M00D.PAC.272.pac.0.lzss" size="1659" tableOffset="0" uncompressedSize="3544" /><lzss dataOffset="1788" fileName="S04_M00D.PAC.272.pac.16.lzss" size="145" tableOffset="16" uncompressedSize="224" /><lzss dataOffset="1936" fileName="S04_M00D.PAC.272.pac.64.lzss" size="9307" tableOffset="64" uncompressedSize="33312" /></pac><pac dataOffset="112380" fileName="S04_M00D.PAC.280.pac" size="1748" tableOffset="280"><lzss dataOffset="128" fileName="S04_M00D.PAC.280.pac.0.lzss" size="1457" tableOffset="0" uncompressedSize="2656" /><lzss dataOffset="1588" fileName="S04_M00D.PAC.280.pac.16.lzss" size="158" tableOffset="16" uncompressedSize="244" /><textureSymbol dataOffset="0" size="4294967295" tableOffset="64" /></pac><pac dataOffset="114128" fileName="S04_M00D.PAC.288.pac" size="3156" tableOffset="288"><lzss dataOffset="128" fileName="S04_M00D.PAC.288.pac.0.lzss" size="2883" tableOffset="0" uncompressedSize="5496" /><lzss dataOffset="3012" fileName="S04_M00D.PAC.288.pac.16.lzss" size="143" tableOffset="16" uncompressedSize="228" /><textureSymbol dataOffset="0" size="4294967295" tableOffset="64" /></pac><pac dataOffset="117284" fileName="S04_M00D.PAC.296.pac" size="964" tableOffset="296"><lzss dataOffset="128" fileName="S04_M00D.PAC.296.pac.0.lzss" size="663" tableOffset="0" uncompressedSize="1232" /><lzss dataOffset="792" fileName="S04_M00D.PAC.296.pac.16.lzss" size="170" tableOffset="16" uncompressedSize="300" /><textureSymbol dataOffset="0" size="4294967295" tableOffset="64" /></pac><pac dataOffset="118248" fileName="S04_M00D.PAC.304.pac" size="13808" tableOffset="304"><lzss dataOffset="128" fileName="S04_M00D.PAC.304.pac.0.lzss" size="5106" tableOffset="0" uncompressedSize="9916" /><lzss dataOffset="5236" fileName="S04_M00D.PAC.304.pac.16.lzss" size="2706" tableOffset="16" uncompressedSize="5782" /><lzss dataOffset="7944" fileName="S04_M00D.PAC.304.pac.64.lzss" size="5862" tableOffset="64" uncompressedSize="33312" /></pac><pac dataOffset="132056" fileName="S04_M00D.PAC.312.pac" size="12780" tableOffset="312"><lzss dataOffset="128" fileName="S04_M00D.PAC.312.pac.0.lzss" size="4876" tableOffset="0" uncompressedSize="9304" /><lzss dataOffset="5004" fileName="S04_M00D.PAC.312.pac.16.lzss" size="2078" tableOffset="16" uncompressedSize="5802" /><lzss dataOffset="7084" fileName="S04_M00D.PAC.312.pac.64.lzss" size="5696" tableOffset="64" uncompressedSize="33312" /></pac><pac dataOffset="144836" fileName="S04_M00D.PAC.320.pac" size="12964" tableOffset="320"><lzss dataOffset="128" fileName="S04_M00D.PAC.320.pac.0.lzss" size="4885" tableOffset="0" uncompressedSize="9192" /><lzss dataOffset="5016" fileName="S04_M00D.PAC.320.pac.16.lzss" size="2654" tableOffset="16" uncompressedSize="8162" /><lzss dataOffset="7672" fileName="S04_M00D.PAC.320.pac.64.lzss" size="5290" tableOffset="64" uncompressedSize="33312" /></pac><pac dataOffset="157800" fileName="S04_M00D.PAC.328.pac" size="13472" tableOffset="328"><lzss dataOffset="128" fileName="S04_M00D.PAC.328.pac.0.lzss" size="5669" tableOffset="0" uncompressedSize="10440" /><lzss dataOffset="5800" fileName="S04_M00D.PAC.328.pac.16.lzss" size="1653" tableOffset="16" uncompressedSize="3698" /><lzss dataOffset="7456" fileName="S04_M00D.PAC.328.pac.64.lzss" size="6015" tableOffset="64" uncompressedSize="33312" /></pac></source>