<source fileName="S04_M00A.PAC" size="209272" tableOffset="0"><lzss dataOffset="392" fileName="S04_M00A.PAC.0.lzss" size="9705" tableOffset="0" uncompressedSize="33312" /><lzss dataOffset="10100" fileName="S04_M00A.PAC.40.lzss" size="4711" tableOffset="40" uncompressedSize="11120" /><lzss dataOffset="14812" fileName="S04_M00A.PAC.128.lzss" size="31887" tableOffset="128" uncompressedSize="56876" /><lzss dataOffset="46700" fileName="S04_M00A.PAC.136.lzss" size="38947" tableOffset="136" uncompressedSize="128596" /><lzss dataOffset="85648" fileName="S04_M00A.PAC.144.lzss" size="118" tableOffset="144" uncompressedSize="192" /><lzss dataOffset="85768" fileName="S04_M00A.PAC.152.lzss" size="876" tableOffset="152" uncompressedSize="3792" /><lzss dataOffset="86644" fileName="S04_M00A.PAC.160.lzss" size="18028" tableOffset="160" uncompressedSize="33312" /><lzss dataOffset="104672" fileName="S04_M00A.PAC.168.lzss" size="8869" tableOffset="168" uncompressedSize="33312" /><lzss dataOffset="113544" fileName="S04_M00A.PAC.176.lzss" size="8205" tableOffset="176" uncompressedSize="33312" /><lzss dataOffset="121752" fileName="S04_M00A.PAC.184.lzss" size="8455" tableOffset="184" uncompressedSize="33312" /><lzss dataOffset="130208" fileName="S04_M00A.PAC.192.lzss" size="6322" tableOffset="192" uncompressedSize="66080" /><lzss dataOffset="136532" fileName="S04_M00A.PAC.200.lzss" size="577" tableOffset="200" uncompressedSize="2652" /><lzss dataOffset="137112" fileName="S04_M00A.PAC.224.lzss" size="5090" tableOffset="224" uncompressedSize="20736" /><lzss dataOffset="142204" fileName="S04_M00A.PAC.232.lzss" size="4955" tableOffset="232" uncompressedSize="10936" /><pac dataOffset="147160" fileName="S04_M00A.PAC.256.pac" size="11320" tableOffset="256"><lzss dataOffset="128" fileName="S04_M00A.PAC.256.pac.0.lzss" size="4310" tableOffset="0" uncompressedSize="9012" /><lzss dataOffset="4440" fileName="S04_M00A.PAC.256.pac.16.lzss" size="1609" tableOffset="16" uncompressedSize="5292" /><lzss dataOffset="6052" fileName="S04_M00A.PAC.256.pac.64.lzss" size="5266" tableOffset="64" uncompressedSize="33312" /></pac><pac dataOffset="158480" fileName="S04_M00A.PAC.264.pac" size="480" tableOffset="264"><lzss dataOffset="128" fileName="S04_M00A.PAC.264.pac.16.lzss" size="351" tableOffset="16" uncompressedSize="706" /></pac><pac dataOffset="158960" fileName="S04_M00A.PAC.272.pac" size="8628" tableOffset="272"><lzss dataOffset="128" fileName="S04_M00A.PAC.272.pac.0.lzss" size="2382" tableOffset="0" uncompressedSize="4792" /><lzss dataOffset="2512" fileName="S04_M00A.PAC.272.pac.16.lzss" size="690" tableOffset="16" uncompressedSize="1266" /><lzss dataOffset="3204" fileName="S04_M00A.PAC.272.pac.64.lzss" size="5422" tableOffset="64" uncompressedSize="33312" /></pac><pac dataOffset="167588" fileName="S04_M00A.PAC.280.pac" size="14816" tableOffset="280"><lzss dataOffset="128" fileName="S04_M00A.PAC.280.pac.0.lzss" size="5030" tableOffset="0" uncompressedSize="9396" /><lzss dataOffset="5160" fileName="S04_M00A.PAC.280.pac.16.lzss" size="3164" tableOffset="16" uncompressedSize="8246" /><lzss dataOffset="8324" fileName="S04_M00A.PAC.280.pac.64.lzss" size="6491" tableOffset="64" uncompressedSize="33312" /></pac><pac dataOffset="182404" fileName="S04_M00A.PAC.288.pac" size="7720" tableOffset="288"><lzss dataOffset="128" fileName="S04_M00A.PAC.288.pac.0.lzss" size="3873" tableOffset="0" uncompressedSize="7824" /><lzss dataOffset="4004" fileName="S04_M00A.PAC.288.pac.16.lzss" size="1078" tableOffset="16" uncompressedSize="2842" /><lzss dataOffset="5084" fileName="S04_M00A.PAC.288.pac.64.lzss" size="2636" tableOffset="64" uncompressedSize="33312" /></pac><pac dataOffset="190124" fileName="S04_M00A.PAC.296.pac" size="8108" tableOffset="296"><lzss dataOffset="128" fileName="S04_M00A.PAC.296.pac.0.lzss" size="3815" tableOffset="0" uncompressedSize="7576" /><lzss dataOffset="3944" fileName="S04_M00A.PAC.296.pac.16.lzss" size="812" tableOffset="16" uncompressedSize="2082" /><lzss dataOffset="4756" fileName="S04_M00A.PAC.296.pac.64.lzss" size="3352" tableOffset="64" uncompressedSize="33312" /></pac><pac dataOffset="198232" fileName="S04_M00A.PAC.304.pac" size="11040" tableOffset="304"><lzss dataOffset="128" fileName="S04_M00A.PAC.304.pac.0.lzss" size="5451" tableOffset="0" uncompressedSize="10636" /><lzss dataOffset="5580" fileName="S04_M00A.PAC.304.pac.16.lzss" size="168" tableOffset="16" uncompressedSize="354" /><lzss dataOffset="5748" fileName="S04_M00A.PAC.304.pac.64.lzss" size="5289" tableOffset="64" uncompressedSize="33312" /></pac></source>