<source fileName="S04_05E.PAC" size="197608" tableOffset="0"><lzss dataOffset="384" fileName="S04_05E.PAC.0.lzss" size="9705" tableOffset="0" uncompressedSize="33312" /><lzss dataOffset="10092" fileName="S04_05E.PAC.40.lzss" size="4711" tableOffset="40" uncompressedSize="11120" /><lzss dataOffset="14804" fileName="S04_05E.PAC.128.lzss" size="19209" tableOffset="128" uncompressedSize="54928" /><lzss dataOffset="34016" fileName="S04_05E.PAC.136.lzss" size="35921" tableOffset="136" uncompressedSize="127856" /><lzss dataOffset="69940" fileName="S04_05E.PAC.144.lzss" size="77" tableOffset="144" uncompressedSize="112" /><lzss dataOffset="70020" fileName="S04_05E.PAC.152.lzss" size="336" tableOffset="152" uncompressedSize="1284" /><lzss dataOffset="70356" fileName="S04_05E.PAC.160.lzss" size="12462" tableOffset="160" uncompressedSize="33312" /><lzss dataOffset="82820" fileName="S04_05E.PAC.168.lzss" size="14042" tableOffset="168" uncompressedSize="33312" /><lzss dataOffset="96864" fileName="S04_05E.PAC.176.lzss" size="12426" tableOffset="176" uncompressedSize="33312" /><lzss dataOffset="109292" fileName="S04_05E.PAC.184.lzss" size="11955" tableOffset="184" uncompressedSize="33312" /><lzss dataOffset="121248" fileName="S04_05E.PAC.192.lzss" size="6322" tableOffset="192" uncompressedSize="66080" /><lzss dataOffset="127572" fileName="S04_05E.PAC.200.lzss" size="1273" tableOffset="200" uncompressedSize="2216" /><lzss dataOffset="128848" fileName="S04_05E.PAC.208.lzss" size="1273" tableOffset="208" uncompressedSize="2216" /><lzss dataOffset="130124" fileName="S04_05E.PAC.224.lzss" size="1275" tableOffset="224" uncompressedSize="3488" /><lzss dataOffset="131400" fileName="S04_05E.PAC.232.lzss" size="1089" tableOffset="232" uncompressedSize="2480" /><pac dataOffset="132492" fileName="S04_05E.PAC.256.pac" size="11320" tableOffset="256"><lzss dataOffset="128" fileName="S04_05E.PAC.256.pac.0.lzss" size="4310" tableOffset="0" uncompressedSize="9012" /><lzss dataOffset="4440" fileName="S04_05E.PAC.256.pac.16.lzss" size="1609" tableOffset="16" uncompressedSize="5292" /><lzss dataOffset="6052" fileName="S04_05E.PAC.256.pac.64.lzss" size="5266" tableOffset="64" uncompressedSize="33312" /></pac><pac dataOffset="143812" fileName="S04_05E.PAC.264.pac" size="14292" tableOffset="264"><lzss dataOffset="128" fileName="S04_05E.PAC.264.pac.0.lzss" size="3454" tableOffset="0" uncompressedSize="6560" /><lzss dataOffset="3584" fileName="S04_05E.PAC.264.pac.16.lzss" size="1740" tableOffset="16" uncompressedSize="5694" /><lzss dataOffset="5324" fileName="S04_05E.PAC.264.pac.64.lzss" size="8967" tableOffset="64" uncompressedSize="33312" /></pac><pac dataOffset="158104" fileName="S04_05E.PAC.272.pac" size="3120" tableOffset="272"><lzss dataOffset="128" fileName="S04_05E.PAC.272.pac.0.lzss" size="2500" tableOffset="0" uncompressedSize="4516" /><lzss dataOffset="2628" fileName="S04_05E.PAC.272.pac.16.lzss" size="492" tableOffset="16" uncompressedSize="1032" /><textureSymbol dataOffset="0" size="4294967295" tableOffset="64" /></pac><pac dataOffset="161224" fileName="S04_05E.PAC.280.pac" size="11940" tableOffset="280"><lzss dataOffset="128" fileName="S04_05E.PAC.280.pac.0.lzss" size="3498" tableOffset="0" uncompressedSize="7628" /><lzss dataOffset="3628" fileName="S04_05E.PAC.280.pac.16.lzss" size="668" tableOffset="16" uncompressedSize="1688" /><lzss dataOffset="4296" fileName="S04_05E.PAC.280.pac.64.lzss" size="7642" tableOffset="64" uncompressedSize="33312" /></pac><pac dataOffset="173164" fileName="S04_05E.PAC.288.pac" size="1960" tableOffset="288"><lzss dataOffset="128" fileName="S04_05E.PAC.288.pac.0.lzss" size="1605" tableOffset="0" uncompressedSize="3184" /><lzss dataOffset="1736" fileName="S04_05E.PAC.288.pac.16.lzss" size="222" tableOffset="16" uncompressedSize="448" /><textureSymbol dataOffset="0" size="4294967295" tableOffset="64" /></pac><pac dataOffset="175124" fileName="S04_05E.PAC.296.pac" size="996" tableOffset="296"><lzss dataOffset="128" fileName="S04_05E.PAC.296.pac.0.lzss" size="716" tableOffset="0" uncompressedSize="1496" /><lzss dataOffset="844" fileName="S04_05E.PAC.296.pac.16.lzss" size="151" tableOffset="16" uncompressedSize="302" /><textureSymbol dataOffset="0" size="4294967295" tableOffset="64" /></pac><pac dataOffset="176120" fileName="S04_05E.PAC.304.pac" size="2628" tableOffset="304"><lzss dataOffset="128" fileName="S04_05E.PAC.304.pac.0.lzss" size="2160" tableOffset="0" uncompressedSize="6296" /><lzss dataOffset="2288" fileName="S04_05E.PAC.304.pac.16.lzss" size="340" tableOffset="16" uncompressedSize="662" /><textureSymbol dataOffset="0" size="4294967295" tableOffset="64" /></pac><pac dataOffset="178748" fileName="S04_05E.PAC.312.pac" size="5320" tableOffset="312"><lzss dataOffset="128" fileName="S04_05E.PAC.312.pac.0.lzss" size="326" tableOffset="0" uncompressedSize="616" /><lzss dataOffset="456" fileName="S04_05E.PAC.312.pac.16.lzss" size="416" tableOffset="16" uncompressedSize="1516" /><lzss dataOffset="872" fileName="S04_05E.PAC.312.pac.64.lzss" size="4447" tableOffset="64" uncompressedSize="33312" /></pac><pac dataOffset="184068" fileName="S04_05E.PAC.320.pac" size="13540" tableOffset="320"><lzss dataOffset="128" fileName="S04_05E.PAC.320.pac.0.lzss" size="5317" tableOffset="0" uncompressedSize="10004" /><lzss dataOffset="5448" fileName="S04_05E.PAC.320.pac.16.lzss" size="1477" tableOffset="16" uncompressedSize="2958" /><lzss dataOffset="6928" fileName="S04_05E.PAC.320.pac.64.lzss" size="6610" tableOffset="64" uncompressedSize="33312" /></pac></source>