<source fileName="S04_M00G.PAC" size="201920" tableOffset="0"><lzss dataOffset="384" fileName="S04_M00G.PAC.0.lzss" size="9705" tableOffset="0" uncompressedSize="33312" /><lzss dataOffset="10092" fileName="S04_M00G.PAC.40.lzss" size="4711" tableOffset="40" uncompressedSize="11120" /><lzss dataOffset="14804" fileName="S04_M00G.PAC.128.lzss" size="31887" tableOffset="128" uncompressedSize="56876" /><lzss dataOffset="46692" fileName="S04_M00G.PAC.136.lzss" size="38947" tableOffset="136" uncompressedSize="128596" /><lzss dataOffset="85640" fileName="S04_M00G.PAC.144.lzss" size="118" tableOffset="144" uncompressedSize="192" /><lzss dataOffset="85760" fileName="S04_M00G.PAC.152.lzss" size="876" tableOffset="152" uncompressedSize="3792" /><lzss dataOffset="86636" fileName="S04_M00G.PAC.160.lzss" size="18028" tableOffset="160" uncompressedSize="33312" /><lzss dataOffset="104664" fileName="S04_M00G.PAC.168.lzss" size="8869" tableOffset="168" uncompressedSize="33312" /><lzss dataOffset="113536" fileName="S04_M00G.PAC.176.lzss" size="8205" tableOffset="176" uncompressedSize="33312" /><lzss dataOffset="121744" fileName="S04_M00G.PAC.184.lzss" size="8455" tableOffset="184" uncompressedSize="33312" /><lzss dataOffset="130200" fileName="S04_M00G.PAC.192.lzss" size="6322" tableOffset="192" uncompressedSize="66080" /><lzss dataOffset="136524" fileName="S04_M00G.PAC.200.lzss" size="577" tableOffset="200" uncompressedSize="2652" /><lzss dataOffset="137104" fileName="S04_M00G.PAC.224.lzss" size="5090" tableOffset="224" uncompressedSize="20736" /><lzss dataOffset="142196" fileName="S04_M00G.PAC.232.lzss" size="4955" tableOffset="232" uncompressedSize="10936" /><pac dataOffset="147152" fileName="S04_M00G.PAC.256.pac" size="11320" tableOffset="256"><lzss dataOffset="128" fileName="S04_M00G.PAC.256.pac.0.lzss" size="4310" tableOffset="0" uncompressedSize="9012" /><lzss dataOffset="4440" fileName="S04_M00G.PAC.256.pac.16.lzss" size="1609" tableOffset="16" uncompressedSize="5292" /><lzss dataOffset="6052" fileName="S04_M00G.PAC.256.pac.64.lzss" size="5266" tableOffset="64" uncompressedSize="33312" /></pac><pac dataOffset="158472" fileName="S04_M00G.PAC.264.pac" size="480" tableOffset="264"><lzss dataOffset="128" fileName="S04_M00G.PAC.264.pac.16.lzss" size="351" tableOffset="16" uncompressedSize="706" /></pac><pac dataOffset="158952" fileName="S04_M00G.PAC.272.pac" size="8628" tableOffset="272"><lzss dataOffset="128" fileName="S04_M00G.PAC.272.pac.0.lzss" size="2382" tableOffset="0" uncompressedSize="4792" /><lzss dataOffset="2512" fileName="S04_M00G.PAC.272.pac.16.lzss" size="690" tableOffset="16" uncompressedSize="1266" /><lzss dataOffset="3204" fileName="S04_M00G.PAC.272.pac.64.lzss" size="5422" tableOffset="64" uncompressedSize="33312" /></pac><pac dataOffset="167580" fileName="S04_M00G.PAC.280.pac" size="14816" tableOffset="280"><lzss dataOffset="128" fileName="S04_M00G.PAC.280.pac.0.lzss" size="5030" tableOffset="0" uncompressedSize="9396" /><lzss dataOffset="5160" fileName="S04_M00G.PAC.280.pac.16.lzss" size="3164" tableOffset="16" uncompressedSize="8246" /><lzss dataOffset="8324" fileName="S04_M00G.PAC.280.pac.64.lzss" size="6491" tableOffset="64" uncompressedSize="33312" /></pac><pac dataOffset="182396" fileName="S04_M00G.PAC.288.pac" size="13540" tableOffset="288"><lzss dataOffset="128" fileName="S04_M00G.PAC.288.pac.0.lzss" size="5317" tableOffset="0" uncompressedSize="10004" /><lzss dataOffset="5448" fileName="S04_M00G.PAC.288.pac.16.lzss" size="1477" tableOffset="16" uncompressedSize="2958" /><lzss dataOffset="6928" fileName="S04_M00G.PAC.288.pac.64.lzss" size="6610" tableOffset="64" uncompressedSize="33312" /></pac><pac dataOffset="195936" fileName="S04_M00G.PAC.296.pac" size="5984" tableOffset="296"><lzss dataOffset="128" fileName="S04_M00G.PAC.296.pac.0.lzss" size="2918" tableOffset="0" uncompressedSize="6264" /><lzss dataOffset="3048" fileName="S04_M00G.PAC.296.pac.16.lzss" size="121" tableOffset="16" uncompressedSize="334" /><lzss dataOffset="3172" fileName="S04_M00G.PAC.296.pac.64.lzss" size="2809" tableOffset="64" uncompressedSize="33312" /></pac></source>