<source fileName="S04_M02C.PAC" size="125740" tableOffset="0"><lzss dataOffset="384" fileName="S04_M02C.PAC.40.lzss" size="4711" tableOffset="40" uncompressedSize="11120" /><lzss dataOffset="5096" fileName="S04_M02C.PAC.128.lzss" size="31688" tableOffset="128" uncompressedSize="76652" /><lzss dataOffset="36784" fileName="S04_M02C.PAC.136.lzss" size="36362" tableOffset="136" uncompressedSize="127912" /><lzss dataOffset="73148" fileName="S04_M02C.PAC.144.lzss" size="60" tableOffset="144" uncompressedSize="112" /><lzss dataOffset="73208" fileName="S04_M02C.PAC.152.lzss" size="395" tableOffset="152" uncompressedSize="1672" /><lzss dataOffset="73604" fileName="S04_M02C.PAC.160.lzss" size="6535" tableOffset="160" uncompressedSize="33312" /><lzss dataOffset="80140" fileName="S04_M02C.PAC.168.lzss" size="5032" tableOffset="168" uncompressedSize="33312" /><lzss dataOffset="85172" fileName="S04_M02C.PAC.176.lzss" size="4756" tableOffset="176" uncompressedSize="33312" /><lzss dataOffset="89928" fileName="S04_M02C.PAC.184.lzss" size="2124" tableOffset="184" uncompressedSize="33312" /><lzss dataOffset="92052" fileName="S04_M02C.PAC.200.lzss" size="577" tableOffset="200" uncompressedSize="2652" /><lzss dataOffset="92632" fileName="S04_M02C.PAC.224.lzss" size="2119" tableOffset="224" uncompressedSize="7894" /><lzss dataOffset="94752" fileName="S04_M02C.PAC.232.lzss" size="1548" tableOffset="232" uncompressedSize="3868" /><pac dataOffset="96300" fileName="S04_M02C.PAC.256.pac" size="11320" tableOffset="256"><lzss dataOffset="128" fileName="S04_M02C.PAC.256.pac.0.lzss" size="4310" tableOffset="0" uncompressedSize="9012" /><lzss dataOffset="4440" fileName="S04_M02C.PAC.256.pac.16.lzss" size="1609" tableOffset="16" uncompressedSize="5292" /><lzss dataOffset="6052" fileName="S04_M02C.PAC.256.pac.64.lzss" size="5266" tableOffset="64" uncompressedSize="33312" /></pac><pac dataOffset="107620" fileName="S04_M02C.PAC.264.pac" size="480" tableOffset="264"><lzss dataOffset="128" fileName="S04_M02C.PAC.264.pac.16.lzss" size="351" tableOffset="16" uncompressedSize="706" /></pac><pac dataOffset="108100" fileName="S04_M02C.PAC.272.pac" size="13540" tableOffset="272"><lzss dataOffset="128" fileName="S04_M02C.PAC.272.pac.0.lzss" size="5317" tableOffset="0" uncompressedSize="10004" /><lzss dataOffset="5448" fileName="S04_M02C.PAC.272.pac.16.lzss" size="1477" tableOffset="16" uncompressedSize="2958" /><lzss dataOffset="6928" fileName="S04_M02C.PAC.272.pac.64.lzss" size="6610" tableOffset="64" uncompressedSize="33312" /></pac><pac dataOffset="121640" fileName="S04_M02C.PAC.280.pac" size="4100" tableOffset="280"><lzss dataOffset="128" fileName="S04_M02C.PAC.280.pac.16.lzss" size="351" tableOffset="16" uncompressedSize="706" /><lzss dataOffset="480" fileName="S04_M02C.PAC.280.pac.64.lzss" size="3618" tableOffset="64" uncompressedSize="33312" /></pac></source>