<source fileName="S04_G.PAC" size="139920" tableOffset="0"><lzss dataOffset="384" fileName="S04_G.PAC.40.lzss" size="4711" tableOffset="40" uncompressedSize="11120" /><lzss dataOffset="5096" fileName="S04_G.PAC.128.lzss" size="16377" tableOffset="128" uncompressedSize="50672" /><lzss dataOffset="21476" fileName="S04_G.PAC.136.lzss" size="33729" tableOffset="136" uncompressedSize="126996" /><lzss dataOffset="55208" fileName="S04_G.PAC.144.lzss" size="79" tableOffset="144" uncompressedSize="112" /><lzss dataOffset="55288" fileName="S04_G.PAC.152.lzss" size="271" tableOffset="152" uncompressedSize="652" /><lzss dataOffset="55560" fileName="S04_G.PAC.160.lzss" size="12462" tableOffset="160" uncompressedSize="33312" /><lzss dataOffset="68024" fileName="S04_G.PAC.168.lzss" size="14042" tableOffset="168" uncompressedSize="33312" /><lzss dataOffset="82068" fileName="S04_G.PAC.176.lzss" size="12426" tableOffset="176" uncompressedSize="33312" /><lzss dataOffset="94496" fileName="S04_G.PAC.184.lzss" size="11955" tableOffset="184" uncompressedSize="33312" /><lzss dataOffset="106452" fileName="S04_G.PAC.192.lzss" size="6322" tableOffset="192" uncompressedSize="66080" /><lzss dataOffset="112776" fileName="S04_G.PAC.224.lzss" size="1032" tableOffset="224" uncompressedSize="2712" /><lzss dataOffset="113808" fileName="S04_G.PAC.232.lzss" size="563" tableOffset="232" uncompressedSize="1592" /><pac dataOffset="114372" fileName="S04_G.PAC.256.pac" size="11320" tableOffset="256"><lzss dataOffset="128" fileName="S04_G.PAC.256.pac.0.lzss" size="4310" tableOffset="0" uncompressedSize="9012" /><lzss dataOffset="4440" fileName="S04_G.PAC.256.pac.16.lzss" size="1609" tableOffset="16" uncompressedSize="5292" /><lzss dataOffset="6052" fileName="S04_G.PAC.256.pac.64.lzss" size="5266" tableOffset="64" uncompressedSize="33312" /></pac><pac dataOffset="125692" fileName="S04_G.PAC.264.pac" size="11076" tableOffset="264"><lzss dataOffset="128" fileName="S04_G.PAC.264.pac.0.lzss" size="1196" tableOffset="0" uncompressedSize="2296" /><lzss dataOffset="1324" fileName="S04_G.PAC.264.pac.16.lzss" size="440" tableOffset="16" uncompressedSize="1374" /><lzss dataOffset="1764" fileName="S04_G.PAC.264.pac.64.lzss" size="9310" tableOffset="64" uncompressedSize="33312" /></pac><pac dataOffset="136768" fileName="S04_G.PAC.272.pac" size="2220" tableOffset="272"><lzss dataOffset="128" fileName="S04_G.PAC.272.pac.0.lzss" size="1584" tableOffset="0" uncompressedSize="3640" /><lzss dataOffset="1712" fileName="S04_G.PAC.272.pac.16.lzss" size="506" tableOffset="16" uncompressedSize="1574" /><textureSymbol dataOffset="0" size="4294967295" tableOffset="64" /></pac><pac dataOffset="138988" fileName="S04_G.PAC.280.pac" size="932" tableOffset="280"><lzss dataOffset="128" fileName="S04_G.PAC.280.pac.0.lzss" size="673" tableOffset="0" uncompressedSize="1032" /><lzss dataOffset="804" fileName="S04_G.PAC.280.pac.16.lzss" size="125" tableOffset="16" uncompressedSize="220" /><textureSymbol dataOffset="0" size="4294967295" tableOffset="64" /></pac></source>