<source fileName="S04_M16A.PAC" size="174984" tableOffset="0"><lzss dataOffset="384" fileName="S04_M16A.PAC.40.lzss" size="4711" tableOffset="40" uncompressedSize="11120" /><lzss dataOffset="5096" fileName="S04_M16A.PAC.128.lzss" size="16038" tableOffset="128" uncompressedSize="48368" /><lzss dataOffset="21136" fileName="S04_M16A.PAC.136.lzss" size="38706" tableOffset="136" uncompressedSize="128624" /><lzss dataOffset="59844" fileName="S04_M16A.PAC.144.lzss" size="92" tableOffset="144" uncompressedSize="112" /><lzss dataOffset="59936" fileName="S04_M16A.PAC.152.lzss" size="367" tableOffset="152" uncompressedSize="1476" /><lzss dataOffset="60304" fileName="S04_M16A.PAC.160.lzss" size="12811" tableOffset="160" uncompressedSize="33312" /><lzss dataOffset="73116" fileName="S04_M16A.PAC.192.lzss" size="6322" tableOffset="192" uncompressedSize="66080" /><lzss dataOffset="79440" fileName="S04_M16A.PAC.200.lzss" size="577" tableOffset="200" uncompressedSize="2652" /><lzss dataOffset="80020" fileName="S04_M16A.PAC.224.lzss" size="2958" tableOffset="224" uncompressedSize="13200" /><lzss dataOffset="82980" fileName="S04_M16A.PAC.232.lzss" size="3211" tableOffset="232" uncompressedSize="6472" /><pac dataOffset="86192" fileName="S04_M16A.PAC.256.pac" size="11320" tableOffset="256"><lzss dataOffset="128" fileName="S04_M16A.PAC.256.pac.0.lzss" size="4310" tableOffset="0" uncompressedSize="9012" /><lzss dataOffset="4440" fileName="S04_M16A.PAC.256.pac.16.lzss" size="1609" tableOffset="16" uncompressedSize="5292" /><lzss dataOffset="6052" fileName="S04_M16A.PAC.256.pac.64.lzss" size="5266" tableOffset="64" uncompressedSize="33312" /></pac><pac dataOffset="97512" fileName="S04_M16A.PAC.264.pac" size="480" tableOffset="264"><lzss dataOffset="128" fileName="S04_M16A.PAC.264.pac.16.lzss" size="351" tableOffset="16" uncompressedSize="706" /></pac><pac dataOffset="97992" fileName="S04_M16A.PAC.272.pac" size="13472" tableOffset="272"><lzss dataOffset="128" fileName="S04_M16A.PAC.272.pac.0.lzss" size="5669" tableOffset="0" uncompressedSize="10440" /><lzss dataOffset="5800" fileName="S04_M16A.PAC.272.pac.16.lzss" size="1653" tableOffset="16" uncompressedSize="3698" /><lzss dataOffset="7456" fileName="S04_M16A.PAC.272.pac.64.lzss" size="6015" tableOffset="64" uncompressedSize="33312" /></pac><pac dataOffset="111464" fileName="S04_M16A.PAC.280.pac" size="7720" tableOffset="280"><lzss dataOffset="128" fileName="S04_M16A.PAC.280.pac.0.lzss" size="3873" tableOffset="0" uncompressedSize="7824" /><lzss dataOffset="4004" fileName="S04_M16A.PAC.280.pac.16.lzss" size="1078" tableOffset="16" uncompressedSize="2842" /><lzss dataOffset="5084" fileName="S04_M16A.PAC.280.pac.64.lzss" size="2636" tableOffset="64" uncompressedSize="33312" /></pac><pac dataOffset="119184" fileName="S04_M16A.PAC.288.pac" size="8108" tableOffset="288"><lzss dataOffset="128" fileName="S04_M16A.PAC.288.pac.0.lzss" size="3815" tableOffset="0" uncompressedSize="7576" /><lzss dataOffset="3944" fileName="S04_M16A.PAC.288.pac.16.lzss" size="812" tableOffset="16" uncompressedSize="2082" /><lzss dataOffset="4756" fileName="S04_M16A.PAC.288.pac.64.lzss" size="3352" tableOffset="64" uncompressedSize="33312" /></pac><pac dataOffset="127292" fileName="S04_M16A.PAC.296.pac" size="13808" tableOffset="296"><lzss dataOffset="128" fileName="S04_M16A.PAC.296.pac.0.lzss" size="5106" tableOffset="0" uncompressedSize="9916" /><lzss dataOffset="5236" fileName="S04_M16A.PAC.296.pac.16.lzss" size="2706" tableOffset="16" uncompressedSize="5782" /><lzss dataOffset="7944" fileName="S04_M16A.PAC.296.pac.64.lzss" size="5862" tableOffset="64" uncompressedSize="33312" /></pac><pac dataOffset="141100" fileName="S04_M16A.PAC.304.pac" size="12780" tableOffset="304"><lzss dataOffset="128" fileName="S04_M16A.PAC.304.pac.0.lzss" size="4876" tableOffset="0" uncompressedSize="9304" /><lzss dataOffset="5004" fileName="S04_M16A.PAC.304.pac.16.lzss" size="2078" tableOffset="16" uncompressedSize="5802" /><lzss dataOffset="7084" fileName="S04_M16A.PAC.304.pac.64.lzss" size="5696" tableOffset="64" uncompressedSize="33312" /></pac><pac dataOffset="153880" fileName="S04_M16A.PAC.312.pac" size="12964" tableOffset="312"><lzss dataOffset="128" fileName="S04_M16A.PAC.312.pac.0.lzss" size="4885" tableOffset="0" uncompressedSize="9192" /><lzss dataOffset="5016" fileName="S04_M16A.PAC.312.pac.16.lzss" size="2654" tableOffset="16" uncompressedSize="8162" /><lzss dataOffset="7672" fileName="S04_M16A.PAC.312.pac.64.lzss" size="5290" tableOffset="64" uncompressedSize="33312" /></pac><pac dataOffset="166844" fileName="S04_M16A.PAC.320.pac" size="8140" tableOffset="320"><lzss dataOffset="128" fileName="S04_M16A.PAC.320.pac.0.lzss" size="1410" tableOffset="0" uncompressedSize="4024" /><lzss dataOffset="1540" fileName="S04_M16A.PAC.320.pac.16.lzss" size="88" tableOffset="16" uncompressedSize="196" /><lzss dataOffset="1628" fileName="S04_M16A.PAC.320.pac.64.lzss" size="6509" tableOffset="64" uncompressedSize="33312" /></pac></source>