<source fileName="S04_M26A.PAC" size="113900" tableOffset="0"><lzss dataOffset="384" fileName="S04_M26A.PAC.0.lzss" size="15582" tableOffset="0" uncompressedSize="61984" /><lzss dataOffset="15968" fileName="S04_M26A.PAC.8.lzss" size="3339" tableOffset="8" uncompressedSize="33312" /><lzss dataOffset="19308" fileName="S04_M26A.PAC.16.lzss" size="9705" tableOffset="16" uncompressedSize="33312" /><lzss dataOffset="29016" fileName="S04_M26A.PAC.24.lzss" size="6217" tableOffset="24" uncompressedSize="33312" /><lzss dataOffset="35236" fileName="S04_M26A.PAC.40.lzss" size="4711" tableOffset="40" uncompressedSize="11120" /><lzss dataOffset="39948" fileName="S04_M26A.PAC.128.lzss" size="21" tableOffset="128" uncompressedSize="40" /><lzss dataOffset="39972" fileName="S04_M26A.PAC.136.lzss" size="34521" tableOffset="136" uncompressedSize="126996" /><lzss dataOffset="74496" fileName="S04_M26A.PAC.144.lzss" size="29" tableOffset="144" uncompressedSize="112" /><lzss dataOffset="74528" fileName="S04_M26A.PAC.152.lzss" size="156" tableOffset="152" uncompressedSize="388" /><lzss dataOffset="74684" fileName="S04_M26A.PAC.192.lzss" size="13589" tableOffset="192" uncompressedSize="66080" /><lzss dataOffset="88276" fileName="S04_M26A.PAC.200.lzss" size="577" tableOffset="200" uncompressedSize="2652" /><lzss dataOffset="88856" fileName="S04_M26A.PAC.224.lzss" size="1916" tableOffset="224" uncompressedSize="5726" /><lzss dataOffset="90772" fileName="S04_M26A.PAC.232.lzss" size="1844" tableOffset="232" uncompressedSize="3888" /><pac dataOffset="92616" fileName="S04_M26A.PAC.256.pac" size="11320" tableOffset="256"><lzss dataOffset="128" fileName="S04_M26A.PAC.256.pac.0.lzss" size="4310" tableOffset="0" uncompressedSize="9012" /><lzss dataOffset="4440" fileName="S04_M26A.PAC.256.pac.16.lzss" size="1609" tableOffset="16" uncompressedSize="5292" /><lzss dataOffset="6052" fileName="S04_M26A.PAC.256.pac.64.lzss" size="5266" tableOffset="64" uncompressedSize="33312" /></pac><pac dataOffset="103936" fileName="S04_M26A.PAC.264.pac" size="480" tableOffset="264"><lzss dataOffset="128" fileName="S04_M26A.PAC.264.pac.16.lzss" size="351" tableOffset="16" uncompressedSize="706" /></pac><pac dataOffset="104416" fileName="S04_M26A.PAC.272.pac" size="9484" tableOffset="272"><lzss dataOffset="128" fileName="S04_M26A.PAC.272.pac.0.lzss" size="3592" tableOffset="0" uncompressedSize="9300" /><lzss dataOffset="3720" fileName="S04_M26A.PAC.272.pac.16.lzss" size="758" tableOffset="16" uncompressedSize="2322" /><lzss dataOffset="4480" fileName="S04_M26A.PAC.272.pac.64.lzss" size="5001" tableOffset="64" uncompressedSize="33312" /></pac></source>