<source fileName="S04_M01A.PAC" size="117296" tableOffset="0"><lzss dataOffset="384" fileName="S04_M01A.PAC.40.lzss" size="4711" tableOffset="40" uncompressedSize="11120" /><lzss dataOffset="5096" fileName="S04_M01A.PAC.128.lzss" size="24714" tableOffset="128" uncompressedSize="59528" /><lzss dataOffset="29812" fileName="S04_M01A.PAC.136.lzss" size="9262" tableOffset="136" uncompressedSize="32680" /><lzss dataOffset="39076" fileName="S04_M01A.PAC.144.lzss" size="68" tableOffset="144" uncompressedSize="96" /><lzss dataOffset="39144" fileName="S04_M01A.PAC.152.lzss" size="424" tableOffset="152" uncompressedSize="1788" /><lzss dataOffset="39568" fileName="S04_M01A.PAC.160.lzss" size="13179" tableOffset="160" uncompressedSize="33312" /><lzss dataOffset="52748" fileName="S04_M01A.PAC.168.lzss" size="7068" tableOffset="168" uncompressedSize="33312" /><lzss dataOffset="59816" fileName="S04_M01A.PAC.176.lzss" size="4002" tableOffset="176" uncompressedSize="33312" /><lzss dataOffset="63820" fileName="S04_M01A.PAC.184.lzss" size="8004" tableOffset="184" uncompressedSize="33312" /><lzss dataOffset="71824" fileName="S04_M01A.PAC.192.lzss" size="6322" tableOffset="192" uncompressedSize="66080" /><lzss dataOffset="78148" fileName="S04_M01A.PAC.200.lzss" size="577" tableOffset="200" uncompressedSize="2652" /><lzss dataOffset="78728" fileName="S04_M01A.PAC.224.lzss" size="1693" tableOffset="224" uncompressedSize="5662" /><lzss dataOffset="80424" fileName="S04_M01A.PAC.232.lzss" size="1098" tableOffset="232" uncompressedSize="2748" /><pac dataOffset="81524" fileName="S04_M01A.PAC.256.pac" size="11320" tableOffset="256"><lzss dataOffset="128" fileName="S04_M01A.PAC.256.pac.0.lzss" size="4310" tableOffset="0" uncompressedSize="9012" /><lzss dataOffset="4440" fileName="S04_M01A.PAC.256.pac.16.lzss" size="1609" tableOffset="16" uncompressedSize="5292" /><lzss dataOffset="6052" fileName="S04_M01A.PAC.256.pac.64.lzss" size="5266" tableOffset="64" uncompressedSize="33312" /></pac><pac dataOffset="92844" fileName="S04_M01A.PAC.264.pac" size="480" tableOffset="264"><lzss dataOffset="128" fileName="S04_M01A.PAC.264.pac.16.lzss" size="351" tableOffset="16" uncompressedSize="706" /></pac><pac dataOffset="93324" fileName="S04_M01A.PAC.272.pac" size="10164" tableOffset="272"><lzss dataOffset="128" fileName="S04_M01A.PAC.272.pac.0.lzss" size="3427" tableOffset="0" uncompressedSize="6944" /><lzss dataOffset="3556" fileName="S04_M01A.PAC.272.pac.16.lzss" size="1627" tableOffset="16" uncompressedSize="4294" /><lzss dataOffset="5184" fileName="S04_M01A.PAC.272.pac.64.lzss" size="4977" tableOffset="64" uncompressedSize="33312" /></pac><pac dataOffset="103488" fileName="S04_M01A.PAC.280.pac" size="13808" tableOffset="280"><lzss dataOffset="128" fileName="S04_M01A.PAC.280.pac.0.lzss" size="5106" tableOffset="0" uncompressedSize="9916" /><lzss dataOffset="5236" fileName="S04_M01A.PAC.280.pac.16.lzss" size="2706" tableOffset="16" uncompressedSize="5782" /><lzss dataOffset="7944" fileName="S04_M01A.PAC.280.pac.64.lzss" size="5862" tableOffset="64" uncompressedSize="33312" /></pac></source>