<source fileName="S05_M10A.PAC" size="166584" tableOffset="0"><lzss dataOffset="384" fileName="S05_M10A.PAC.40.lzss" size="4711" tableOffset="40" uncompressedSize="11120" /><lzss dataOffset="5096" fileName="S05_M10A.PAC.128.lzss" size="40000" tableOffset="128" uncompressedSize="82812" /><lzss dataOffset="45096" fileName="S05_M10A.PAC.136.lzss" size="37470" tableOffset="136" uncompressedSize="127048" /><lzss dataOffset="82568" fileName="S05_M10A.PAC.144.lzss" size="70" tableOffset="144" uncompressedSize="144" /><lzss dataOffset="82640" fileName="S05_M10A.PAC.152.lzss" size="262" tableOffset="152" uncompressedSize="716" /><lzss dataOffset="82904" fileName="S05_M10A.PAC.160.lzss" size="9327" tableOffset="160" uncompressedSize="33312" /><lzss dataOffset="92232" fileName="S05_M10A.PAC.168.lzss" size="13757" tableOffset="168" uncompressedSize="33312" /><lzss dataOffset="105992" fileName="S05_M10A.PAC.176.lzss" size="7481" tableOffset="176" uncompressedSize="33312" /><lzss dataOffset="113476" fileName="S05_M10A.PAC.184.lzss" size="8902" tableOffset="184" uncompressedSize="33312" /><lzss dataOffset="122380" fileName="S05_M10A.PAC.192.lzss" size="8564" tableOffset="192" uncompressedSize="66080" /><lzss dataOffset="130944" fileName="S05_M10A.PAC.200.lzss" size="577" tableOffset="200" uncompressedSize="2652" /><lzss dataOffset="131524" fileName="S05_M10A.PAC.224.lzss" size="1425" tableOffset="224" uncompressedSize="4770" /><lzss dataOffset="132952" fileName="S05_M10A.PAC.232.lzss" size="1375" tableOffset="232" uncompressedSize="3228" /><pac dataOffset="134328" fileName="S05_M10A.PAC.256.pac" size="11320" tableOffset="256"><lzss dataOffset="128" fileName="S05_M10A.PAC.256.pac.0.lzss" size="4310" tableOffset="0" uncompressedSize="9012" /><lzss dataOffset="4440" fileName="S05_M10A.PAC.256.pac.16.lzss" size="1609" tableOffset="16" uncompressedSize="5292" /><lzss dataOffset="6052" fileName="S05_M10A.PAC.256.pac.64.lzss" size="5266" tableOffset="64" uncompressedSize="33312" /></pac><pac dataOffset="145648" fileName="S05_M10A.PAC.264.pac" size="480" tableOffset="264"><lzss dataOffset="128" fileName="S05_M10A.PAC.264.pac.16.lzss" size="351" tableOffset="16" uncompressedSize="706" /></pac><pac dataOffset="146128" fileName="S05_M10A.PAC.272.pac" size="20456" tableOffset="272"><lzss dataOffset="128" fileName="S05_M10A.PAC.272.pac.0.lzss" size="6887" tableOffset="0" uncompressedSize="13360" /><lzss dataOffset="7016" fileName="S05_M10A.PAC.272.pac.16.lzss" size="2671" tableOffset="16" uncompressedSize="6502" /><lzss dataOffset="9688" fileName="S05_M10A.PAC.272.pac.64.lzss" size="6525" tableOffset="64" uncompressedSize="33312" /><lzss dataOffset="16216" fileName="S05_M10A.PAC.272.pac.72.lzss" size="4237" tableOffset="72" uncompressedSize="33312" /></pac></source>