<source fileName="S05_M07A.PAC" size="162412" tableOffset="0"><lzss dataOffset="384" fileName="S05_M07A.PAC.40.lzss" size="4711" tableOffset="40" uncompressedSize="11120" /><lzss dataOffset="5096" fileName="S05_M07A.PAC.128.lzss" size="30306" tableOffset="128" uncompressedSize="61664" /><lzss dataOffset="35404" fileName="S05_M07A.PAC.136.lzss" size="37335" tableOffset="136" uncompressedSize="127048" /><lzss dataOffset="72740" fileName="S05_M07A.PAC.144.lzss" size="59" tableOffset="144" uncompressedSize="112" /><lzss dataOffset="72800" fileName="S05_M07A.PAC.152.lzss" size="237" tableOffset="152" uncompressedSize="596" /><lzss dataOffset="73040" fileName="S05_M07A.PAC.160.lzss" size="4779" tableOffset="160" uncompressedSize="33312" /><lzss dataOffset="77820" fileName="S05_M07A.PAC.168.lzss" size="7478" tableOffset="168" uncompressedSize="33312" /><lzss dataOffset="85300" fileName="S05_M07A.PAC.176.lzss" size="15185" tableOffset="176" uncompressedSize="33312" /><lzss dataOffset="100488" fileName="S05_M07A.PAC.184.lzss" size="4915" tableOffset="184" uncompressedSize="33312" /><lzss dataOffset="105404" fileName="S05_M07A.PAC.192.lzss" size="8564" tableOffset="192" uncompressedSize="66080" /><lzss dataOffset="113968" fileName="S05_M07A.PAC.200.lzss" size="577" tableOffset="200" uncompressedSize="2652" /><lzss dataOffset="114548" fileName="S05_M07A.PAC.224.lzss" size="1579" tableOffset="224" uncompressedSize="5370" /><lzss dataOffset="116128" fileName="S05_M07A.PAC.232.lzss" size="1511" tableOffset="232" uncompressedSize="3192" /><pac dataOffset="117640" fileName="S05_M07A.PAC.256.pac" size="11320" tableOffset="256"><lzss dataOffset="128" fileName="S05_M07A.PAC.256.pac.0.lzss" size="4310" tableOffset="0" uncompressedSize="9012" /><lzss dataOffset="4440" fileName="S05_M07A.PAC.256.pac.16.lzss" size="1609" tableOffset="16" uncompressedSize="5292" /><lzss dataOffset="6052" fileName="S05_M07A.PAC.256.pac.64.lzss" size="5266" tableOffset="64" uncompressedSize="33312" /></pac><pac dataOffset="128960" fileName="S05_M07A.PAC.264.pac" size="480" tableOffset="264"><lzss dataOffset="128" fileName="S05_M07A.PAC.264.pac.16.lzss" size="351" tableOffset="16" uncompressedSize="706" /></pac><pac dataOffset="129440" fileName="S05_M07A.PAC.272.pac" size="12516" tableOffset="272"><lzss dataOffset="128" fileName="S05_M07A.PAC.272.pac.0.lzss" size="5016" tableOffset="0" uncompressedSize="9636" /><lzss dataOffset="5144" fileName="S05_M07A.PAC.272.pac.16.lzss" size="332" tableOffset="16" uncompressedSize="666" /><lzss dataOffset="5476" fileName="S05_M07A.PAC.272.pac.64.lzss" size="7039" tableOffset="64" uncompressedSize="33312" /></pac><pac dataOffset="141956" fileName="S05_M07A.PAC.280.pac" size="20456" tableOffset="280"><lzss dataOffset="128" fileName="S05_M07A.PAC.280.pac.0.lzss" size="6887" tableOffset="0" uncompressedSize="13360" /><lzss dataOffset="7016" fileName="S05_M07A.PAC.280.pac.16.lzss" size="2671" tableOffset="16" uncompressedSize="6502" /><lzss dataOffset="9688" fileName="S05_M07A.PAC.280.pac.64.lzss" size="6525" tableOffset="64" uncompressedSize="33312" /><lzss dataOffset="16216" fileName="S05_M07A.PAC.280.pac.72.lzss" size="4237" tableOffset="72" uncompressedSize="33312" /></pac></source>