<source fileName="S05_A.PAC" size="171468" tableOffset="0"><lzss dataOffset="384" fileName="S05_A.PAC.0.lzss" size="7625" tableOffset="0" uncompressedSize="33312" /><lzss dataOffset="8012" fileName="S05_A.PAC.40.lzss" size="4711" tableOffset="40" uncompressedSize="11120" /><lzss dataOffset="12724" fileName="S05_A.PAC.128.lzss" size="29278" tableOffset="128" uncompressedSize="71836" /><lzss dataOffset="42004" fileName="S05_A.PAC.136.lzss" size="35285" tableOffset="136" uncompressedSize="127016" /><lzss dataOffset="77292" fileName="S05_A.PAC.144.lzss" size="46" tableOffset="144" uncompressedSize="80" /><lzss dataOffset="77340" fileName="S05_A.PAC.152.lzss" size="300" tableOffset="152" uncompressedSize="860" /><lzss dataOffset="77640" fileName="S05_A.PAC.160.lzss" size="5122" tableOffset="160" uncompressedSize="33312" /><lzss dataOffset="82764" fileName="S05_A.PAC.168.lzss" size="3436" tableOffset="168" uncompressedSize="33312" /><lzss dataOffset="86200" fileName="S05_A.PAC.176.lzss" size="4355" tableOffset="176" uncompressedSize="33312" /><lzss dataOffset="90556" fileName="S05_A.PAC.184.lzss" size="5844" tableOffset="184" uncompressedSize="33312" /><lzss dataOffset="96400" fileName="S05_A.PAC.192.lzss" size="9541" tableOffset="192" uncompressedSize="66080" /><lzss dataOffset="105944" fileName="S05_A.PAC.200.lzss" size="1273" tableOffset="200" uncompressedSize="2216" /><lzss dataOffset="107220" fileName="S05_A.PAC.208.lzss" size="1273" tableOffset="208" uncompressedSize="2216" /><lzss dataOffset="108496" fileName="S05_A.PAC.224.lzss" size="1209" tableOffset="224" uncompressedSize="3430" /><lzss dataOffset="109708" fileName="S05_A.PAC.232.lzss" size="395" tableOffset="232" uncompressedSize="572" /><pac dataOffset="110104" fileName="S05_A.PAC.256.pac" size="11320" tableOffset="256"><lzss dataOffset="128" fileName="S05_A.PAC.256.pac.0.lzss" size="4310" tableOffset="0" uncompressedSize="9012" /><lzss dataOffset="4440" fileName="S05_A.PAC.256.pac.16.lzss" size="1609" tableOffset="16" uncompressedSize="5292" /><lzss dataOffset="6052" fileName="S05_A.PAC.256.pac.64.lzss" size="5266" tableOffset="64" uncompressedSize="33312" /></pac><pac dataOffset="121424" fileName="S05_A.PAC.264.pac" size="38556" tableOffset="264"><lzss dataOffset="128" fileName="S05_A.PAC.264.pac.0.lzss" size="6887" tableOffset="0" uncompressedSize="13360" /><lzss dataOffset="7016" fileName="S05_A.PAC.264.pac.16.lzss" size="13469" tableOffset="16" uncompressedSize="31528" /><lzss dataOffset="20488" fileName="S05_A.PAC.264.pac.64.lzss" size="6525" tableOffset="64" uncompressedSize="33312" /><lzss dataOffset="27016" fileName="S05_A.PAC.264.pac.72.lzss" size="4237" tableOffset="72" uncompressedSize="33312" /><lzss dataOffset="31256" fileName="S05_A.PAC.264.pac.80.lzss" size="7298" tableOffset="80" uncompressedSize="33312" /></pac><pac dataOffset="159980" fileName="S05_A.PAC.272.pac" size="8120" tableOffset="272"><lzss dataOffset="128" fileName="S05_A.PAC.272.pac.0.lzss" size="2145" tableOffset="0" uncompressedSize="4664" /><lzss dataOffset="2276" fileName="S05_A.PAC.272.pac.16.lzss" size="214" tableOffset="16" uncompressedSize="480" /><lzss dataOffset="2492" fileName="S05_A.PAC.272.pac.64.lzss" size="5628" tableOffset="64" uncompressedSize="33312" /></pac><pac dataOffset="168100" fileName="S05_A.PAC.280.pac" size="1592" tableOffset="280"><lzss dataOffset="128" fileName="S05_A.PAC.280.pac.0.lzss" size="1323" tableOffset="0" uncompressedSize="4176" /><lzss dataOffset="1452" fileName="S05_A.PAC.280.pac.16.lzss" size="138" tableOffset="16" uncompressedSize="244" /><textureSymbol dataOffset="0" size="4294967295" tableOffset="64" /></pac><pac dataOffset="169692" fileName="S05_A.PAC.288.pac" size="1776" tableOffset="288"><lzss dataOffset="128" fileName="S05_A.PAC.288.pac.0.lzss" size="1486" tableOffset="0" uncompressedSize="3528" /><lzss dataOffset="1616" fileName="S05_A.PAC.288.pac.16.lzss" size="159" tableOffset="16" uncompressedSize="320" /><textureSymbol dataOffset="0" size="4294967295" tableOffset="64" /></pac></source>