<source fileName="S05_D.PAC" size="164712" tableOffset="0"><lzss dataOffset="384" fileName="S05_D.PAC.0.lzss" size="7625" tableOffset="0" uncompressedSize="33312" /><lzss dataOffset="8012" fileName="S05_D.PAC.40.lzss" size="4711" tableOffset="40" uncompressedSize="11120" /><lzss dataOffset="12724" fileName="S05_D.PAC.128.lzss" size="8752" tableOffset="128" uncompressedSize="23216" /><lzss dataOffset="21476" fileName="S05_D.PAC.136.lzss" size="33023" tableOffset="136" uncompressedSize="127308" /><lzss dataOffset="54500" fileName="S05_D.PAC.144.lzss" size="59" tableOffset="144" uncompressedSize="112" /><lzss dataOffset="54560" fileName="S05_D.PAC.152.lzss" size="152" tableOffset="152" uncompressedSize="332" /><lzss dataOffset="54712" fileName="S05_D.PAC.160.lzss" size="5696" tableOffset="160" uncompressedSize="33312" /><lzss dataOffset="60408" fileName="S05_D.PAC.168.lzss" size="4264" tableOffset="168" uncompressedSize="33312" /><lzss dataOffset="64672" fileName="S05_D.PAC.176.lzss" size="7486" tableOffset="176" uncompressedSize="33312" /><lzss dataOffset="72160" fileName="S05_D.PAC.184.lzss" size="4643" tableOffset="184" uncompressedSize="33312" /><lzss dataOffset="76804" fileName="S05_D.PAC.192.lzss" size="6331" tableOffset="192" uncompressedSize="66080" /><lzss dataOffset="83136" fileName="S05_D.PAC.200.lzss" size="1273" tableOffset="200" uncompressedSize="2216" /><lzss dataOffset="84412" fileName="S05_D.PAC.208.lzss" size="1273" tableOffset="208" uncompressedSize="2216" /><lzss dataOffset="85688" fileName="S05_D.PAC.224.lzss" size="1219" tableOffset="224" uncompressedSize="3430" /><lzss dataOffset="86908" fileName="S05_D.PAC.232.lzss" size="409" tableOffset="232" uncompressedSize="596" /><pac dataOffset="87320" fileName="S05_D.PAC.256.pac" size="11320" tableOffset="256"><lzss dataOffset="128" fileName="S05_D.PAC.256.pac.0.lzss" size="4310" tableOffset="0" uncompressedSize="9012" /><lzss dataOffset="4440" fileName="S05_D.PAC.256.pac.16.lzss" size="1609" tableOffset="16" uncompressedSize="5292" /><lzss dataOffset="6052" fileName="S05_D.PAC.256.pac.64.lzss" size="5266" tableOffset="64" uncompressedSize="33312" /></pac><pac dataOffset="98640" fileName="S05_D.PAC.264.pac" size="38244" tableOffset="264"><lzss dataOffset="128" fileName="S05_D.PAC.264.pac.0.lzss" size="6887" tableOffset="0" uncompressedSize="13360" /><lzss dataOffset="7016" fileName="S05_D.PAC.264.pac.16.lzss" size="13157" tableOffset="16" uncompressedSize="30632" /><lzss dataOffset="20176" fileName="S05_D.PAC.264.pac.64.lzss" size="6525" tableOffset="64" uncompressedSize="33312" /><lzss dataOffset="26704" fileName="S05_D.PAC.264.pac.72.lzss" size="4237" tableOffset="72" uncompressedSize="33312" /><lzss dataOffset="30944" fileName="S05_D.PAC.264.pac.80.lzss" size="7298" tableOffset="80" uncompressedSize="33312" /></pac><pac dataOffset="136884" fileName="S05_D.PAC.272.pac" size="15840" tableOffset="272"><lzss dataOffset="128" fileName="S05_D.PAC.272.pac.0.lzss" size="5769" tableOffset="0" uncompressedSize="11100" /><lzss dataOffset="5900" fileName="S05_D.PAC.272.pac.16.lzss" size="823" tableOffset="16" uncompressedSize="1848" /><lzss dataOffset="6724" fileName="S05_D.PAC.272.pac.64.lzss" size="9114" tableOffset="64" uncompressedSize="33312" /></pac><pac dataOffset="152724" fileName="S05_D.PAC.280.pac" size="11988" tableOffset="280"><lzss dataOffset="128" fileName="S05_D.PAC.280.pac.0.lzss" size="3026" tableOffset="0" uncompressedSize="6492" /><lzss dataOffset="3156" fileName="S05_D.PAC.280.pac.16.lzss" size="412" tableOffset="16" uncompressedSize="886" /><lzss dataOffset="3568" fileName="S05_D.PAC.280.pac.64.lzss" size="8418" tableOffset="64" uncompressedSize="33312" /></pac></source>