<source fileName="S05_M14A.PAC" size="155108" tableOffset="0"><lzss dataOffset="384" fileName="S05_M14A.PAC.40.lzss" size="4711" tableOffset="40" uncompressedSize="11120" /><lzss dataOffset="5096" fileName="S05_M14A.PAC.128.lzss" size="19975" tableOffset="128" uncompressedSize="56176" /><lzss dataOffset="25072" fileName="S05_M14A.PAC.136.lzss" size="36912" tableOffset="136" uncompressedSize="127324" /><lzss dataOffset="61984" fileName="S05_M14A.PAC.144.lzss" size="72" tableOffset="144" uncompressedSize="192" /><lzss dataOffset="62056" fileName="S05_M14A.PAC.152.lzss" size="385" tableOffset="152" uncompressedSize="1128" /><lzss dataOffset="62444" fileName="S05_M14A.PAC.160.lzss" size="18112" tableOffset="160" uncompressedSize="33312" /><lzss dataOffset="80556" fileName="S05_M14A.PAC.168.lzss" size="11588" tableOffset="168" uncompressedSize="33312" /><lzss dataOffset="92144" fileName="S05_M14A.PAC.192.lzss" size="6322" tableOffset="192" uncompressedSize="66080" /><lzss dataOffset="98468" fileName="S05_M14A.PAC.200.lzss" size="577" tableOffset="200" uncompressedSize="2652" /><lzss dataOffset="99048" fileName="S05_M14A.PAC.224.lzss" size="1762" tableOffset="224" uncompressedSize="5604" /><lzss dataOffset="100812" fileName="S05_M14A.PAC.232.lzss" size="1767" tableOffset="232" uncompressedSize="3844" /><pac dataOffset="102580" fileName="S05_M14A.PAC.256.pac" size="11320" tableOffset="256"><lzss dataOffset="128" fileName="S05_M14A.PAC.256.pac.0.lzss" size="4310" tableOffset="0" uncompressedSize="9012" /><lzss dataOffset="4440" fileName="S05_M14A.PAC.256.pac.16.lzss" size="1609" tableOffset="16" uncompressedSize="5292" /><lzss dataOffset="6052" fileName="S05_M14A.PAC.256.pac.64.lzss" size="5266" tableOffset="64" uncompressedSize="33312" /></pac><pac dataOffset="113900" fileName="S05_M14A.PAC.264.pac" size="480" tableOffset="264"><lzss dataOffset="128" fileName="S05_M14A.PAC.264.pac.16.lzss" size="351" tableOffset="16" uncompressedSize="706" /></pac><pac dataOffset="114380" fileName="S05_M14A.PAC.272.pac" size="20456" tableOffset="272"><lzss dataOffset="128" fileName="S05_M14A.PAC.272.pac.0.lzss" size="6887" tableOffset="0" uncompressedSize="13360" /><lzss dataOffset="7016" fileName="S05_M14A.PAC.272.pac.16.lzss" size="2671" tableOffset="16" uncompressedSize="6502" /><lzss dataOffset="9688" fileName="S05_M14A.PAC.272.pac.64.lzss" size="6525" tableOffset="64" uncompressedSize="33312" /><lzss dataOffset="16216" fileName="S05_M14A.PAC.272.pac.72.lzss" size="4237" tableOffset="72" uncompressedSize="33312" /></pac><pac dataOffset="134836" fileName="S05_M14A.PAC.280.pac" size="11980" tableOffset="280"><lzss dataOffset="128" fileName="S05_M14A.PAC.280.pac.0.lzss" size="5175" tableOffset="0" uncompressedSize="9792" /><lzss dataOffset="5304" fileName="S05_M14A.PAC.280.pac.16.lzss" size="1731" tableOffset="16" uncompressedSize="3250" /><lzss dataOffset="7036" fileName="S05_M14A.PAC.280.pac.64.lzss" size="4944" tableOffset="64" uncompressedSize="33312" /></pac><pac dataOffset="146816" fileName="S05_M14A.PAC.288.pac" size="8292" tableOffset="288"><lzss dataOffset="128" fileName="S05_M14A.PAC.288.pac.0.lzss" size="1205" tableOffset="0" uncompressedSize="2296" /><lzss dataOffset="1336" fileName="S05_M14A.PAC.288.pac.16.lzss" size="418" tableOffset="16" uncompressedSize="798" /><lzss dataOffset="1756" fileName="S05_M14A.PAC.288.pac.64.lzss" size="6534" tableOffset="64" uncompressedSize="33312" /></pac></source>