<source fileName="S05_M08C.PAC" size="185976" tableOffset="0"><lzss dataOffset="384" fileName="S05_M08C.PAC.40.lzss" size="4711" tableOffset="40" uncompressedSize="11120" /><lzss dataOffset="5096" fileName="S05_M08C.PAC.128.lzss" size="26188" tableOffset="128" uncompressedSize="64116" /><lzss dataOffset="31284" fileName="S05_M08C.PAC.136.lzss" size="36734" tableOffset="136" uncompressedSize="126996" /><lzss dataOffset="68020" fileName="S05_M08C.PAC.144.lzss" size="65" tableOffset="144" uncompressedSize="192" /><lzss dataOffset="68088" fileName="S05_M08C.PAC.152.lzss" size="300" tableOffset="152" uncompressedSize="696" /><lzss dataOffset="68388" fileName="S05_M08C.PAC.160.lzss" size="11851" tableOffset="160" uncompressedSize="33312" /><lzss dataOffset="80240" fileName="S05_M08C.PAC.168.lzss" size="12964" tableOffset="168" uncompressedSize="33312" /><lzss dataOffset="93204" fileName="S05_M08C.PAC.176.lzss" size="7955" tableOffset="176" uncompressedSize="33312" /><lzss dataOffset="101160" fileName="S05_M08C.PAC.184.lzss" size="8738" tableOffset="184" uncompressedSize="33312" /><lzss dataOffset="109900" fileName="S05_M08C.PAC.192.lzss" size="8564" tableOffset="192" uncompressedSize="66080" /><lzss dataOffset="118464" fileName="S05_M08C.PAC.200.lzss" size="577" tableOffset="200" uncompressedSize="2652" /><lzss dataOffset="119044" fileName="S05_M08C.PAC.224.lzss" size="1634" tableOffset="224" uncompressedSize="5830" /><lzss dataOffset="120680" fileName="S05_M08C.PAC.232.lzss" size="1405" tableOffset="232" uncompressedSize="3088" /><pac dataOffset="122088" fileName="S05_M08C.PAC.256.pac" size="11320" tableOffset="256"><lzss dataOffset="128" fileName="S05_M08C.PAC.256.pac.0.lzss" size="4310" tableOffset="0" uncompressedSize="9012" /><lzss dataOffset="4440" fileName="S05_M08C.PAC.256.pac.16.lzss" size="1609" tableOffset="16" uncompressedSize="5292" /><lzss dataOffset="6052" fileName="S05_M08C.PAC.256.pac.64.lzss" size="5266" tableOffset="64" uncompressedSize="33312" /></pac><pac dataOffset="133408" fileName="S05_M08C.PAC.264.pac" size="480" tableOffset="264"><lzss dataOffset="128" fileName="S05_M08C.PAC.264.pac.16.lzss" size="351" tableOffset="16" uncompressedSize="706" /></pac><pac dataOffset="133888" fileName="S05_M08C.PAC.272.pac" size="7644" tableOffset="272"><lzss dataOffset="128" fileName="S05_M08C.PAC.272.pac.0.lzss" size="2897" tableOffset="0" uncompressedSize="5564" /><lzss dataOffset="3028" fileName="S05_M08C.PAC.272.pac.16.lzss" size="375" tableOffset="16" uncompressedSize="940" /><lzss dataOffset="3404" fileName="S05_M08C.PAC.272.pac.64.lzss" size="4240" tableOffset="64" uncompressedSize="33312" /></pac><pac dataOffset="141532" fileName="S05_M08C.PAC.280.pac" size="44444" tableOffset="280"><lzss dataOffset="128" fileName="S05_M08C.PAC.280.pac.0.lzss" size="15519" tableOffset="0" uncompressedSize="28592" /><lzss dataOffset="15648" fileName="S05_M08C.PAC.280.pac.16.lzss" size="4983" tableOffset="16" uncompressedSize="10752" /><lzss dataOffset="20632" fileName="S05_M08C.PAC.280.pac.64.lzss" size="6383" tableOffset="64" uncompressedSize="33312" /><lzss dataOffset="27016" fileName="S05_M08C.PAC.280.pac.72.lzss" size="4319" tableOffset="72" uncompressedSize="33312" /><lzss dataOffset="31336" fileName="S05_M08C.PAC.280.pac.80.lzss" size="8382" tableOffset="80" uncompressedSize="33312" /><lzss dataOffset="39720" fileName="S05_M08C.PAC.280.pac.88.lzss" size="4722" tableOffset="88" uncompressedSize="33312" /></pac></source>