<source fileName="S05_M04A.PAC" size="126112" tableOffset="0"><lzss dataOffset="392" fileName="S05_M04A.PAC.40.lzss" size="4711" tableOffset="40" uncompressedSize="11120" /><lzss dataOffset="5104" fileName="S05_M04A.PAC.128.lzss" size="23430" tableOffset="128" uncompressedSize="50840" /><lzss dataOffset="28536" fileName="S05_M04A.PAC.136.lzss" size="34811" tableOffset="136" uncompressedSize="127348" /><lzss dataOffset="63348" fileName="S05_M04A.PAC.144.lzss" size="80" tableOffset="144" uncompressedSize="112" /><lzss dataOffset="63428" fileName="S05_M04A.PAC.152.lzss" size="249" tableOffset="152" uncompressedSize="824" /><lzss dataOffset="63680" fileName="S05_M04A.PAC.160.lzss" size="6102" tableOffset="160" uncompressedSize="33312" /><lzss dataOffset="69784" fileName="S05_M04A.PAC.168.lzss" size="11550" tableOffset="168" uncompressedSize="33312" /><lzss dataOffset="81336" fileName="S05_M04A.PAC.176.lzss" size="5013" tableOffset="176" uncompressedSize="33312" /><lzss dataOffset="86352" fileName="S05_M04A.PAC.184.lzss" size="3892" tableOffset="184" uncompressedSize="33312" /><lzss dataOffset="90244" fileName="S05_M04A.PAC.192.lzss" size="8564" tableOffset="192" uncompressedSize="66080" /><lzss dataOffset="98808" fileName="S05_M04A.PAC.200.lzss" size="577" tableOffset="200" uncompressedSize="2652" /><lzss dataOffset="99388" fileName="S05_M04A.PAC.224.lzss" size="1108" tableOffset="224" uncompressedSize="3484" /><lzss dataOffset="100496" fileName="S05_M04A.PAC.232.lzss" size="851" tableOffset="232" uncompressedSize="2084" /><pac dataOffset="101348" fileName="S05_M04A.PAC.256.pac" size="11320" tableOffset="256"><lzss dataOffset="128" fileName="S05_M04A.PAC.256.pac.0.lzss" size="4310" tableOffset="0" uncompressedSize="9012" /><lzss dataOffset="4440" fileName="S05_M04A.PAC.256.pac.16.lzss" size="1609" tableOffset="16" uncompressedSize="5292" /><lzss dataOffset="6052" fileName="S05_M04A.PAC.256.pac.64.lzss" size="5266" tableOffset="64" uncompressedSize="33312" /></pac><pac dataOffset="112668" fileName="S05_M04A.PAC.264.pac" size="480" tableOffset="264"><lzss dataOffset="128" fileName="S05_M04A.PAC.264.pac.16.lzss" size="351" tableOffset="16" uncompressedSize="706" /></pac><pac dataOffset="113148" fileName="S05_M04A.PAC.272.pac" size="12964" tableOffset="272"><lzss dataOffset="128" fileName="S05_M04A.PAC.272.pac.0.lzss" size="4885" tableOffset="0" uncompressedSize="9192" /><lzss dataOffset="5016" fileName="S05_M04A.PAC.272.pac.16.lzss" size="2654" tableOffset="16" uncompressedSize="8162" /><lzss dataOffset="7672" fileName="S05_M04A.PAC.272.pac.64.lzss" size="5290" tableOffset="64" uncompressedSize="33312" /></pac></source>