<source fileName="S05_M16A.PAC" size="93200" tableOffset="0"><lzss dataOffset="384" fileName="S05_M16A.PAC.40.lzss" size="4711" tableOffset="40" uncompressedSize="11120" /><lzss dataOffset="5096" fileName="S05_M16A.PAC.128.lzss" size="16038" tableOffset="128" uncompressedSize="48368" /><lzss dataOffset="21136" fileName="S05_M16A.PAC.136.lzss" size="38706" tableOffset="136" uncompressedSize="128624" /><lzss dataOffset="59844" fileName="S05_M16A.PAC.144.lzss" size="92" tableOffset="144" uncompressedSize="112" /><lzss dataOffset="59936" fileName="S05_M16A.PAC.152.lzss" size="263" tableOffset="152" uncompressedSize="688" /><lzss dataOffset="60200" fileName="S05_M16A.PAC.160.lzss" size="12811" tableOffset="160" uncompressedSize="33312" /><lzss dataOffset="73012" fileName="S05_M16A.PAC.192.lzss" size="6322" tableOffset="192" uncompressedSize="66080" /><lzss dataOffset="79336" fileName="S05_M16A.PAC.200.lzss" size="577" tableOffset="200" uncompressedSize="2652" /><lzss dataOffset="79916" fileName="S05_M16A.PAC.224.lzss" size="988" tableOffset="224" uncompressedSize="2884" /><lzss dataOffset="80904" fileName="S05_M16A.PAC.232.lzss" size="496" tableOffset="232" uncompressedSize="1516" /><pac dataOffset="81400" fileName="S05_M16A.PAC.256.pac" size="11320" tableOffset="256"><lzss dataOffset="128" fileName="S05_M16A.PAC.256.pac.0.lzss" size="4310" tableOffset="0" uncompressedSize="9012" /><lzss dataOffset="4440" fileName="S05_M16A.PAC.256.pac.16.lzss" size="1609" tableOffset="16" uncompressedSize="5292" /><lzss dataOffset="6052" fileName="S05_M16A.PAC.256.pac.64.lzss" size="5266" tableOffset="64" uncompressedSize="33312" /></pac><pac dataOffset="92720" fileName="S05_M16A.PAC.264.pac" size="480" tableOffset="264"><lzss dataOffset="128" fileName="S05_M16A.PAC.264.pac.16.lzss" size="351" tableOffset="16" uncompressedSize="706" /></pac></source>