<source fileName="S05_B.PAC" size="192220" tableOffset="0"><lzss dataOffset="384" fileName="S05_B.PAC.0.lzss" size="7625" tableOffset="0" uncompressedSize="33312" /><lzss dataOffset="8012" fileName="S05_B.PAC.40.lzss" size="4711" tableOffset="40" uncompressedSize="11120" /><lzss dataOffset="12724" fileName="S05_B.PAC.128.lzss" size="10482" tableOffset="128" uncompressedSize="27136" /><lzss dataOffset="23208" fileName="S05_B.PAC.136.lzss" size="33818" tableOffset="136" uncompressedSize="126996" /><lzss dataOffset="57028" fileName="S05_B.PAC.144.lzss" size="65" tableOffset="144" uncompressedSize="144" /><lzss dataOffset="57096" fileName="S05_B.PAC.152.lzss" size="183" tableOffset="152" uncompressedSize="432" /><lzss dataOffset="57280" fileName="S05_B.PAC.160.lzss" size="11843" tableOffset="160" uncompressedSize="33312" /><lzss dataOffset="69124" fileName="S05_B.PAC.168.lzss" size="6223" tableOffset="168" uncompressedSize="33312" /><lzss dataOffset="75348" fileName="S05_B.PAC.176.lzss" size="7409" tableOffset="176" uncompressedSize="33312" /><lzss dataOffset="82760" fileName="S05_B.PAC.184.lzss" size="7190" tableOffset="184" uncompressedSize="33312" /><lzss dataOffset="89952" fileName="S05_B.PAC.192.lzss" size="10956" tableOffset="192" uncompressedSize="66080" /><lzss dataOffset="100908" fileName="S05_B.PAC.200.lzss" size="1273" tableOffset="200" uncompressedSize="2216" /><lzss dataOffset="102184" fileName="S05_B.PAC.208.lzss" size="1273" tableOffset="208" uncompressedSize="2216" /><lzss dataOffset="103460" fileName="S05_B.PAC.224.lzss" size="1217" tableOffset="224" uncompressedSize="3570" /><lzss dataOffset="104680" fileName="S05_B.PAC.232.lzss" size="432" tableOffset="232" uncompressedSize="636" /><pac dataOffset="105112" fileName="S05_B.PAC.256.pac" size="11320" tableOffset="256"><lzss dataOffset="128" fileName="S05_B.PAC.256.pac.0.lzss" size="4310" tableOffset="0" uncompressedSize="9012" /><lzss dataOffset="4440" fileName="S05_B.PAC.256.pac.16.lzss" size="1609" tableOffset="16" uncompressedSize="5292" /><lzss dataOffset="6052" fileName="S05_B.PAC.256.pac.64.lzss" size="5266" tableOffset="64" uncompressedSize="33312" /></pac><pac dataOffset="116432" fileName="S05_B.PAC.264.pac" size="15156" tableOffset="264"><lzss dataOffset="128" fileName="S05_B.PAC.264.pac.0.lzss" size="6921" tableOffset="0" uncompressedSize="22504" /><lzss dataOffset="7052" fileName="S05_B.PAC.264.pac.16.lzss" size="633" tableOffset="16" uncompressedSize="1186" /><lzss dataOffset="7688" fileName="S05_B.PAC.264.pac.64.lzss" size="7465" tableOffset="64" uncompressedSize="33312" /></pac><pac dataOffset="131588" fileName="S05_B.PAC.272.pac" size="15256" tableOffset="272"><lzss dataOffset="128" fileName="S05_B.PAC.272.pac.0.lzss" size="6831" tableOffset="0" uncompressedSize="22760" /><lzss dataOffset="6960" fileName="S05_B.PAC.272.pac.16.lzss" size="633" tableOffset="16" uncompressedSize="1186" /><lzss dataOffset="7596" fileName="S05_B.PAC.272.pac.64.lzss" size="7660" tableOffset="64" uncompressedSize="33312" /></pac><pac dataOffset="146844" fileName="S05_B.PAC.280.pac" size="6844" tableOffset="280"><lzss dataOffset="128" fileName="S05_B.PAC.280.pac.0.lzss" size="655" tableOffset="0" uncompressedSize="1176" /><lzss dataOffset="784" fileName="S05_B.PAC.280.pac.16.lzss" size="473" tableOffset="16" uncompressedSize="1100" /><lzss dataOffset="1260" fileName="S05_B.PAC.280.pac.64.lzss" size="5583" tableOffset="64" uncompressedSize="33312" /></pac><pac dataOffset="153688" fileName="S05_B.PAC.288.pac" size="38532" tableOffset="288"><lzss dataOffset="128" fileName="S05_B.PAC.288.pac.0.lzss" size="6887" tableOffset="0" uncompressedSize="13360" /><lzss dataOffset="7016" fileName="S05_B.PAC.288.pac.16.lzss" size="13447" tableOffset="16" uncompressedSize="31466" /><lzss dataOffset="20464" fileName="S05_B.PAC.288.pac.64.lzss" size="6525" tableOffset="64" uncompressedSize="33312" /><lzss dataOffset="26992" fileName="S05_B.PAC.288.pac.72.lzss" size="4237" tableOffset="72" uncompressedSize="33312" /><lzss dataOffset="31232" fileName="S05_B.PAC.288.pac.80.lzss" size="7298" tableOffset="80" uncompressedSize="33312" /></pac></source>