<source fileName="S05_M02C.PAC" size="164912" tableOffset="0"><lzss dataOffset="384" fileName="S05_M02C.PAC.40.lzss" size="4711" tableOffset="40" uncompressedSize="11120" /><lzss dataOffset="5096" fileName="S05_M02C.PAC.128.lzss" size="31688" tableOffset="128" uncompressedSize="76652" /><lzss dataOffset="36784" fileName="S05_M02C.PAC.136.lzss" size="36362" tableOffset="136" uncompressedSize="127912" /><lzss dataOffset="73148" fileName="S05_M02C.PAC.144.lzss" size="60" tableOffset="144" uncompressedSize="112" /><lzss dataOffset="73208" fileName="S05_M02C.PAC.152.lzss" size="406" tableOffset="152" uncompressedSize="1604" /><lzss dataOffset="73616" fileName="S05_M02C.PAC.160.lzss" size="6535" tableOffset="160" uncompressedSize="33312" /><lzss dataOffset="80152" fileName="S05_M02C.PAC.168.lzss" size="5032" tableOffset="168" uncompressedSize="33312" /><lzss dataOffset="85184" fileName="S05_M02C.PAC.176.lzss" size="4756" tableOffset="176" uncompressedSize="33312" /><lzss dataOffset="89940" fileName="S05_M02C.PAC.184.lzss" size="2124" tableOffset="184" uncompressedSize="33312" /><lzss dataOffset="92064" fileName="S05_M02C.PAC.200.lzss" size="577" tableOffset="200" uncompressedSize="2652" /><lzss dataOffset="92644" fileName="S05_M02C.PAC.224.lzss" size="2128" tableOffset="224" uncompressedSize="8148" /><lzss dataOffset="94772" fileName="S05_M02C.PAC.232.lzss" size="2163" tableOffset="232" uncompressedSize="4636" /><pac dataOffset="96936" fileName="S05_M02C.PAC.256.pac" size="11320" tableOffset="256"><lzss dataOffset="128" fileName="S05_M02C.PAC.256.pac.0.lzss" size="4310" tableOffset="0" uncompressedSize="9012" /><lzss dataOffset="4440" fileName="S05_M02C.PAC.256.pac.16.lzss" size="1609" tableOffset="16" uncompressedSize="5292" /><lzss dataOffset="6052" fileName="S05_M02C.PAC.256.pac.64.lzss" size="5266" tableOffset="64" uncompressedSize="33312" /></pac><pac dataOffset="108256" fileName="S05_M02C.PAC.264.pac" size="480" tableOffset="264"><lzss dataOffset="128" fileName="S05_M02C.PAC.264.pac.16.lzss" size="351" tableOffset="16" uncompressedSize="706" /></pac><pac dataOffset="108736" fileName="S05_M02C.PAC.272.pac" size="13808" tableOffset="272"><lzss dataOffset="128" fileName="S05_M02C.PAC.272.pac.0.lzss" size="5106" tableOffset="0" uncompressedSize="9916" /><lzss dataOffset="5236" fileName="S05_M02C.PAC.272.pac.16.lzss" size="2706" tableOffset="16" uncompressedSize="5782" /><lzss dataOffset="7944" fileName="S05_M02C.PAC.272.pac.64.lzss" size="5862" tableOffset="64" uncompressedSize="33312" /></pac><pac dataOffset="122544" fileName="S05_M02C.PAC.280.pac" size="12964" tableOffset="280"><lzss dataOffset="128" fileName="S05_M02C.PAC.280.pac.0.lzss" size="4885" tableOffset="0" uncompressedSize="9192" /><lzss dataOffset="5016" fileName="S05_M02C.PAC.280.pac.16.lzss" size="2654" tableOffset="16" uncompressedSize="8162" /><lzss dataOffset="7672" fileName="S05_M02C.PAC.280.pac.64.lzss" size="5290" tableOffset="64" uncompressedSize="33312" /></pac><pac dataOffset="135508" fileName="S05_M02C.PAC.288.pac" size="12380" tableOffset="288"><lzss dataOffset="128" fileName="S05_M02C.PAC.288.pac.0.lzss" size="5054" tableOffset="0" uncompressedSize="10756" /><lzss dataOffset="5184" fileName="S05_M02C.PAC.288.pac.16.lzss" size="712" tableOffset="16" uncompressedSize="1498" /><lzss dataOffset="5896" fileName="S05_M02C.PAC.288.pac.64.lzss" size="6483" tableOffset="64" uncompressedSize="33312" /></pac><pac dataOffset="147888" fileName="S05_M02C.PAC.296.pac" size="12924" tableOffset="296"><lzss dataOffset="128" fileName="S05_M02C.PAC.296.pac.0.lzss" size="5561" tableOffset="0" uncompressedSize="10620" /><lzss dataOffset="5692" fileName="S05_M02C.PAC.296.pac.16.lzss" size="1969" tableOffset="16" uncompressedSize="5082" /><lzss dataOffset="7664" fileName="S05_M02C.PAC.296.pac.64.lzss" size="5260" tableOffset="64" uncompressedSize="33312" /></pac><pac dataOffset="160812" fileName="S05_M02C.PAC.304.pac" size="4100" tableOffset="304"><lzss dataOffset="128" fileName="S05_M02C.PAC.304.pac.16.lzss" size="351" tableOffset="16" uncompressedSize="706" /><lzss dataOffset="480" fileName="S05_M02C.PAC.304.pac.64.lzss" size="3618" tableOffset="64" uncompressedSize="33312" /></pac></source>