<source fileName="S05_M15C.PAC" size="191720" tableOffset="0"><lzss dataOffset="384" fileName="S05_M15C.PAC.0.lzss" size="15582" tableOffset="0" uncompressedSize="61984" /><lzss dataOffset="15968" fileName="S05_M15C.PAC.8.lzss" size="3474" tableOffset="8" uncompressedSize="33312" /><lzss dataOffset="19444" fileName="S05_M15C.PAC.16.lzss" size="7625" tableOffset="16" uncompressedSize="33312" /><lzss dataOffset="27072" fileName="S05_M15C.PAC.40.lzss" size="4711" tableOffset="40" uncompressedSize="11120" /><lzss dataOffset="31784" fileName="S05_M15C.PAC.128.lzss" size="39361" tableOffset="128" uncompressedSize="75072" /><lzss dataOffset="71148" fileName="S05_M15C.PAC.136.lzss" size="34903" tableOffset="136" uncompressedSize="127216" /><lzss dataOffset="106052" fileName="S05_M15C.PAC.144.lzss" size="60" tableOffset="144" uncompressedSize="112" /><lzss dataOffset="106112" fileName="S05_M15C.PAC.152.lzss" size="147" tableOffset="152" uncompressedSize="420" /><lzss dataOffset="106260" fileName="S05_M15C.PAC.160.lzss" size="8650" tableOffset="160" uncompressedSize="33312" /><lzss dataOffset="114912" fileName="S05_M15C.PAC.168.lzss" size="7410" tableOffset="168" uncompressedSize="33312" /><lzss dataOffset="122324" fileName="S05_M15C.PAC.176.lzss" size="6794" tableOffset="176" uncompressedSize="33312" /><lzss dataOffset="129120" fileName="S05_M15C.PAC.184.lzss" size="7253" tableOffset="184" uncompressedSize="33312" /><lzss dataOffset="136376" fileName="S05_M15C.PAC.192.lzss" size="6576" tableOffset="192" uncompressedSize="66080" /><lzss dataOffset="142952" fileName="S05_M15C.PAC.200.lzss" size="577" tableOffset="200" uncompressedSize="2652" /><lzss dataOffset="143532" fileName="S05_M15C.PAC.224.lzss" size="1703" tableOffset="224" uncompressedSize="5004" /><lzss dataOffset="145236" fileName="S05_M15C.PAC.232.lzss" size="976" tableOffset="232" uncompressedSize="2360" /><pac dataOffset="146212" fileName="S05_M15C.PAC.256.pac" size="11320" tableOffset="256"><lzss dataOffset="128" fileName="S05_M15C.PAC.256.pac.0.lzss" size="4310" tableOffset="0" uncompressedSize="9012" /><lzss dataOffset="4440" fileName="S05_M15C.PAC.256.pac.16.lzss" size="1609" tableOffset="16" uncompressedSize="5292" /><lzss dataOffset="6052" fileName="S05_M15C.PAC.256.pac.64.lzss" size="5266" tableOffset="64" uncompressedSize="33312" /></pac><pac dataOffset="157532" fileName="S05_M15C.PAC.264.pac" size="480" tableOffset="264"><lzss dataOffset="128" fileName="S05_M15C.PAC.264.pac.16.lzss" size="351" tableOffset="16" uncompressedSize="706" /></pac><pac dataOffset="158012" fileName="S05_M15C.PAC.272.pac" size="13252" tableOffset="272"><lzss dataOffset="128" fileName="S05_M15C.PAC.272.pac.0.lzss" size="4938" tableOffset="0" uncompressedSize="9624" /><lzss dataOffset="5068" fileName="S05_M15C.PAC.272.pac.16.lzss" size="1085" tableOffset="16" uncompressedSize="2482" /><lzss dataOffset="6156" fileName="S05_M15C.PAC.272.pac.64.lzss" size="7094" tableOffset="64" uncompressedSize="33312" /></pac><pac dataOffset="171264" fileName="S05_M15C.PAC.280.pac" size="20456" tableOffset="280"><lzss dataOffset="128" fileName="S05_M15C.PAC.280.pac.0.lzss" size="6887" tableOffset="0" uncompressedSize="13360" /><lzss dataOffset="7016" fileName="S05_M15C.PAC.280.pac.16.lzss" size="2671" tableOffset="16" uncompressedSize="6502" /><lzss dataOffset="9688" fileName="S05_M15C.PAC.280.pac.64.lzss" size="6525" tableOffset="64" uncompressedSize="33312" /><lzss dataOffset="16216" fileName="S05_M15C.PAC.280.pac.72.lzss" size="4237" tableOffset="72" uncompressedSize="33312" /></pac></source>