<source fileName="S05_C.PAC" size="162580" tableOffset="0"><lzss dataOffset="384" fileName="S05_C.PAC.0.lzss" size="7625" tableOffset="0" uncompressedSize="33312" /><lzss dataOffset="8012" fileName="S05_C.PAC.40.lzss" size="4711" tableOffset="40" uncompressedSize="11120" /><lzss dataOffset="12724" fileName="S05_C.PAC.128.lzss" size="20565" tableOffset="128" uncompressedSize="50540" /><lzss dataOffset="33292" fileName="S05_C.PAC.136.lzss" size="33899" tableOffset="136" uncompressedSize="126996" /><lzss dataOffset="67192" fileName="S05_C.PAC.144.lzss" size="59" tableOffset="144" uncompressedSize="112" /><lzss dataOffset="67252" fileName="S05_C.PAC.152.lzss" size="226" tableOffset="152" uncompressedSize="516" /><lzss dataOffset="67480" fileName="S05_C.PAC.160.lzss" size="6240" tableOffset="160" uncompressedSize="33312" /><lzss dataOffset="73720" fileName="S05_C.PAC.168.lzss" size="6920" tableOffset="168" uncompressedSize="33312" /><lzss dataOffset="80640" fileName="S05_C.PAC.176.lzss" size="8380" tableOffset="176" uncompressedSize="33312" /><lzss dataOffset="89020" fileName="S05_C.PAC.184.lzss" size="2156" tableOffset="184" uncompressedSize="33312" /><lzss dataOffset="91176" fileName="S05_C.PAC.192.lzss" size="6331" tableOffset="192" uncompressedSize="66080" /><lzss dataOffset="97508" fileName="S05_C.PAC.200.lzss" size="1273" tableOffset="200" uncompressedSize="2216" /><lzss dataOffset="98784" fileName="S05_C.PAC.208.lzss" size="1273" tableOffset="208" uncompressedSize="2216" /><lzss dataOffset="100060" fileName="S05_C.PAC.224.lzss" size="1141" tableOffset="224" uncompressedSize="3342" /><lzss dataOffset="101204" fileName="S05_C.PAC.232.lzss" size="465" tableOffset="232" uncompressedSize="672" /><pac dataOffset="101672" fileName="S05_C.PAC.256.pac" size="11320" tableOffset="256"><lzss dataOffset="128" fileName="S05_C.PAC.256.pac.0.lzss" size="4310" tableOffset="0" uncompressedSize="9012" /><lzss dataOffset="4440" fileName="S05_C.PAC.256.pac.16.lzss" size="1609" tableOffset="16" uncompressedSize="5292" /><lzss dataOffset="6052" fileName="S05_C.PAC.256.pac.64.lzss" size="5266" tableOffset="64" uncompressedSize="33312" /></pac><pac dataOffset="112992" fileName="S05_C.PAC.264.pac" size="38312" tableOffset="264"><lzss dataOffset="128" fileName="S05_C.PAC.264.pac.0.lzss" size="6887" tableOffset="0" uncompressedSize="13360" /><lzss dataOffset="7016" fileName="S05_C.PAC.264.pac.16.lzss" size="13228" tableOffset="16" uncompressedSize="30990" /><lzss dataOffset="20244" fileName="S05_C.PAC.264.pac.64.lzss" size="6525" tableOffset="64" uncompressedSize="33312" /><lzss dataOffset="26772" fileName="S05_C.PAC.264.pac.72.lzss" size="4237" tableOffset="72" uncompressedSize="33312" /><lzss dataOffset="31012" fileName="S05_C.PAC.264.pac.80.lzss" size="7298" tableOffset="80" uncompressedSize="33312" /></pac><pac dataOffset="151304" fileName="S05_C.PAC.272.pac" size="7796" tableOffset="272"><lzss dataOffset="128" fileName="S05_C.PAC.272.pac.0.lzss" size="1895" tableOffset="0" uncompressedSize="4736" /><lzss dataOffset="2024" fileName="S05_C.PAC.272.pac.16.lzss" size="377" tableOffset="16" uncompressedSize="1156" /><lzss dataOffset="2404" fileName="S05_C.PAC.272.pac.64.lzss" size="5391" tableOffset="64" uncompressedSize="33312" /></pac><pac dataOffset="159100" fileName="S05_C.PAC.280.pac" size="2408" tableOffset="280"><lzss dataOffset="128" fileName="S05_C.PAC.280.pac.0.lzss" size="1898" tableOffset="0" uncompressedSize="4736" /><lzss dataOffset="2028" fileName="S05_C.PAC.280.pac.16.lzss" size="377" tableOffset="16" uncompressedSize="1156" /><textureSymbol dataOffset="0" size="4294967295" tableOffset="64" /></pac><pac dataOffset="161508" fileName="S05_C.PAC.288.pac" size="1072" tableOffset="288"><lzss dataOffset="128" fileName="S05_C.PAC.288.pac.0.lzss" size="760" tableOffset="0" uncompressedSize="1464" /><lzss dataOffset="888" fileName="S05_C.PAC.288.pac.16.lzss" size="183" tableOffset="16" uncompressedSize="360" /><textureSymbol dataOffset="0" size="4294967295" tableOffset="64" /></pac></source>