<source fileName="S05_E.PAC" size="177204" tableOffset="0"><lzss dataOffset="384" fileName="S05_E.PAC.0.lzss" size="7625" tableOffset="0" uncompressedSize="33312" /><lzss dataOffset="8012" fileName="S05_E.PAC.40.lzss" size="4711" tableOffset="40" uncompressedSize="11120" /><lzss dataOffset="12724" fileName="S05_E.PAC.128.lzss" size="19969" tableOffset="128" uncompressedSize="51132" /><lzss dataOffset="32696" fileName="S05_E.PAC.136.lzss" size="22370" tableOffset="136" uncompressedSize="72552" /><lzss dataOffset="55068" fileName="S05_E.PAC.144.lzss" size="60" tableOffset="144" uncompressedSize="112" /><lzss dataOffset="55128" fileName="S05_E.PAC.152.lzss" size="257" tableOffset="152" uncompressedSize="712" /><lzss dataOffset="55388" fileName="S05_E.PAC.160.lzss" size="17483" tableOffset="160" uncompressedSize="33312" /><lzss dataOffset="72872" fileName="S05_E.PAC.168.lzss" size="7949" tableOffset="168" uncompressedSize="33312" /><lzss dataOffset="80824" fileName="S05_E.PAC.176.lzss" size="4995" tableOffset="176" uncompressedSize="33312" /><lzss dataOffset="85820" fileName="S05_E.PAC.184.lzss" size="7841" tableOffset="184" uncompressedSize="33312" /><lzss dataOffset="93664" fileName="S05_E.PAC.192.lzss" size="6322" tableOffset="192" uncompressedSize="66080" /><lzss dataOffset="99988" fileName="S05_E.PAC.200.lzss" size="1273" tableOffset="200" uncompressedSize="2216" /><lzss dataOffset="101264" fileName="S05_E.PAC.208.lzss" size="1273" tableOffset="208" uncompressedSize="2216" /><lzss dataOffset="102540" fileName="S05_E.PAC.224.lzss" size="1757" tableOffset="224" uncompressedSize="5856" /><lzss dataOffset="104300" fileName="S05_E.PAC.232.lzss" size="2123" tableOffset="232" uncompressedSize="4428" /><pac dataOffset="106424" fileName="S05_E.PAC.256.pac" size="11320" tableOffset="256"><lzss dataOffset="128" fileName="S05_E.PAC.256.pac.0.lzss" size="4310" tableOffset="0" uncompressedSize="9012" /><lzss dataOffset="4440" fileName="S05_E.PAC.256.pac.16.lzss" size="1609" tableOffset="16" uncompressedSize="5292" /><lzss dataOffset="6052" fileName="S05_E.PAC.256.pac.64.lzss" size="5266" tableOffset="64" uncompressedSize="33312" /></pac><pac dataOffset="117744" fileName="S05_E.PAC.264.pac" size="38560" tableOffset="264"><lzss dataOffset="128" fileName="S05_E.PAC.264.pac.0.lzss" size="6887" tableOffset="0" uncompressedSize="13360" /><lzss dataOffset="7016" fileName="S05_E.PAC.264.pac.16.lzss" size="13476" tableOffset="16" uncompressedSize="31458" /><lzss dataOffset="20492" fileName="S05_E.PAC.264.pac.64.lzss" size="6525" tableOffset="64" uncompressedSize="33312" /><lzss dataOffset="27020" fileName="S05_E.PAC.264.pac.72.lzss" size="4237" tableOffset="72" uncompressedSize="33312" /><lzss dataOffset="31260" fileName="S05_E.PAC.264.pac.80.lzss" size="7298" tableOffset="80" uncompressedSize="33312" /></pac><pac dataOffset="156304" fileName="S05_E.PAC.272.pac" size="4976" tableOffset="272"><lzss dataOffset="128" fileName="S05_E.PAC.272.pac.0.lzss" size="888" tableOffset="0" uncompressedSize="2792" /><lzss dataOffset="1016" fileName="S05_E.PAC.272.pac.16.lzss" size="123" tableOffset="16" uncompressedSize="240" /><lzss dataOffset="1140" fileName="S05_E.PAC.272.pac.64.lzss" size="3833" tableOffset="64" uncompressedSize="33312" /></pac><pac dataOffset="161280" fileName="S05_E.PAC.280.pac" size="1288" tableOffset="280"><lzss dataOffset="128" fileName="S05_E.PAC.280.pac.0.lzss" size="1019" tableOffset="0" uncompressedSize="2768" /><lzss dataOffset="1148" fileName="S05_E.PAC.280.pac.16.lzss" size="140" tableOffset="16" uncompressedSize="388" /><textureSymbol dataOffset="0" size="4294967295" tableOffset="64" /></pac><pac dataOffset="162568" fileName="S05_E.PAC.288.pac" size="1148" tableOffset="288"><lzss dataOffset="128" fileName="S05_E.PAC.288.pac.0.lzss" size="764" tableOffset="0" uncompressedSize="3456" /><lzss dataOffset="892" fileName="S05_E.PAC.288.pac.16.lzss" size="253" tableOffset="16" uncompressedSize="642" /><textureSymbol dataOffset="0" size="4294967295" tableOffset="64" /></pac><pac dataOffset="163716" fileName="S05_E.PAC.296.pac" size="1108" tableOffset="296"><lzss dataOffset="128" fileName="S05_E.PAC.296.pac.0.lzss" size="697" tableOffset="0" uncompressedSize="2016" /><lzss dataOffset="828" fileName="S05_E.PAC.296.pac.16.lzss" size="277" tableOffset="16" uncompressedSize="708" /><textureSymbol dataOffset="0" size="4294967295" tableOffset="64" /></pac><pac dataOffset="164824" fileName="S05_E.PAC.304.pac" size="12380" tableOffset="304"><lzss dataOffset="128" fileName="S05_E.PAC.304.pac.0.lzss" size="5054" tableOffset="0" uncompressedSize="10756" /><lzss dataOffset="5184" fileName="S05_E.PAC.304.pac.16.lzss" size="712" tableOffset="16" uncompressedSize="1498" /><lzss dataOffset="5896" fileName="S05_E.PAC.304.pac.64.lzss" size="6483" tableOffset="64" uncompressedSize="33312" /></pac></source>