<source fileName="S05_M06A.PAC" size="162420" tableOffset="0"><lzss dataOffset="384" fileName="S05_M06A.PAC.40.lzss" size="4711" tableOffset="40" uncompressedSize="11120" /><lzss dataOffset="5096" fileName="S05_M06A.PAC.128.lzss" size="27843" tableOffset="128" uncompressedSize="76148" /><lzss dataOffset="32940" fileName="S05_M06A.PAC.136.lzss" size="42464" tableOffset="136" uncompressedSize="127552" /><lzss dataOffset="75404" fileName="S05_M06A.PAC.144.lzss" size="93" tableOffset="144" uncompressedSize="112" /><lzss dataOffset="75500" fileName="S05_M06A.PAC.152.lzss" size="217" tableOffset="152" uncompressedSize="512" /><lzss dataOffset="75720" fileName="S05_M06A.PAC.160.lzss" size="14709" tableOffset="160" uncompressedSize="33312" /><lzss dataOffset="90432" fileName="S05_M06A.PAC.168.lzss" size="9014" tableOffset="168" uncompressedSize="33312" /><lzss dataOffset="99448" fileName="S05_M06A.PAC.176.lzss" size="11299" tableOffset="176" uncompressedSize="33312" /><lzss dataOffset="110748" fileName="S05_M06A.PAC.184.lzss" size="8080" tableOffset="184" uncompressedSize="33312" /><lzss dataOffset="118828" fileName="S05_M06A.PAC.192.lzss" size="7616" tableOffset="192" uncompressedSize="66080" /><lzss dataOffset="126444" fileName="S05_M06A.PAC.200.lzss" size="577" tableOffset="200" uncompressedSize="2652" /><lzss dataOffset="127024" fileName="S05_M06A.PAC.224.lzss" size="1239" tableOffset="224" uncompressedSize="3608" /><lzss dataOffset="128264" fileName="S05_M06A.PAC.232.lzss" size="1007" tableOffset="232" uncompressedSize="2284" /><pac dataOffset="129272" fileName="S05_M06A.PAC.256.pac" size="11320" tableOffset="256"><lzss dataOffset="128" fileName="S05_M06A.PAC.256.pac.0.lzss" size="4310" tableOffset="0" uncompressedSize="9012" /><lzss dataOffset="4440" fileName="S05_M06A.PAC.256.pac.16.lzss" size="1609" tableOffset="16" uncompressedSize="5292" /><lzss dataOffset="6052" fileName="S05_M06A.PAC.256.pac.64.lzss" size="5266" tableOffset="64" uncompressedSize="33312" /></pac><pac dataOffset="140592" fileName="S05_M06A.PAC.264.pac" size="480" tableOffset="264"><lzss dataOffset="128" fileName="S05_M06A.PAC.264.pac.16.lzss" size="351" tableOffset="16" uncompressedSize="706" /></pac><pac dataOffset="141072" fileName="S05_M06A.PAC.272.pac" size="7644" tableOffset="272"><lzss dataOffset="128" fileName="S05_M06A.PAC.272.pac.0.lzss" size="2897" tableOffset="0" uncompressedSize="5564" /><lzss dataOffset="3028" fileName="S05_M06A.PAC.272.pac.16.lzss" size="375" tableOffset="16" uncompressedSize="940" /><lzss dataOffset="3404" fileName="S05_M06A.PAC.272.pac.64.lzss" size="4240" tableOffset="64" uncompressedSize="33312" /></pac><pac dataOffset="148716" fileName="S05_M06A.PAC.280.pac" size="13704" tableOffset="280"><lzss dataOffset="128" fileName="S05_M06A.PAC.280.pac.0.lzss" size="5905" tableOffset="0" uncompressedSize="12028" /><lzss dataOffset="6036" fileName="S05_M06A.PAC.280.pac.16.lzss" size="1165" tableOffset="16" uncompressedSize="2994" /><lzss dataOffset="7204" fileName="S05_M06A.PAC.280.pac.64.lzss" size="6497" tableOffset="64" uncompressedSize="33312" /></pac></source>