<source fileName="S05_M00A.PAC" size="223152" tableOffset="0"><lzss dataOffset="384" fileName="S05_M00A.PAC.0.lzss" size="7625" tableOffset="0" uncompressedSize="33312" /><lzss dataOffset="8012" fileName="S05_M00A.PAC.40.lzss" size="4711" tableOffset="40" uncompressedSize="11120" /><lzss dataOffset="12724" fileName="S05_M00A.PAC.128.lzss" size="31887" tableOffset="128" uncompressedSize="56876" /><lzss dataOffset="44612" fileName="S05_M00A.PAC.136.lzss" size="38947" tableOffset="136" uncompressedSize="128596" /><lzss dataOffset="83560" fileName="S05_M00A.PAC.144.lzss" size="118" tableOffset="144" uncompressedSize="192" /><lzss dataOffset="83680" fileName="S05_M00A.PAC.152.lzss" size="663" tableOffset="152" uncompressedSize="2616" /><lzss dataOffset="84344" fileName="S05_M00A.PAC.160.lzss" size="18028" tableOffset="160" uncompressedSize="33312" /><lzss dataOffset="102372" fileName="S05_M00A.PAC.168.lzss" size="8869" tableOffset="168" uncompressedSize="33312" /><lzss dataOffset="111244" fileName="S05_M00A.PAC.176.lzss" size="8205" tableOffset="176" uncompressedSize="33312" /><lzss dataOffset="119452" fileName="S05_M00A.PAC.184.lzss" size="8455" tableOffset="184" uncompressedSize="33312" /><lzss dataOffset="127908" fileName="S05_M00A.PAC.192.lzss" size="6322" tableOffset="192" uncompressedSize="66080" /><lzss dataOffset="134232" fileName="S05_M00A.PAC.200.lzss" size="577" tableOffset="200" uncompressedSize="2652" /><lzss dataOffset="134812" fileName="S05_M00A.PAC.224.lzss" size="3060" tableOffset="224" uncompressedSize="11634" /><lzss dataOffset="137872" fileName="S05_M00A.PAC.232.lzss" size="2785" tableOffset="232" uncompressedSize="6380" /><pac dataOffset="140660" fileName="S05_M00A.PAC.256.pac" size="11320" tableOffset="256"><lzss dataOffset="128" fileName="S05_M00A.PAC.256.pac.0.lzss" size="4310" tableOffset="0" uncompressedSize="9012" /><lzss dataOffset="4440" fileName="S05_M00A.PAC.256.pac.16.lzss" size="1609" tableOffset="16" uncompressedSize="5292" /><lzss dataOffset="6052" fileName="S05_M00A.PAC.256.pac.64.lzss" size="5266" tableOffset="64" uncompressedSize="33312" /></pac><pac dataOffset="151980" fileName="S05_M00A.PAC.264.pac" size="480" tableOffset="264"><lzss dataOffset="128" fileName="S05_M00A.PAC.264.pac.16.lzss" size="351" tableOffset="16" uncompressedSize="706" /></pac><pac dataOffset="152460" fileName="S05_M00A.PAC.272.pac" size="8628" tableOffset="272"><lzss dataOffset="128" fileName="S05_M00A.PAC.272.pac.0.lzss" size="2382" tableOffset="0" uncompressedSize="4792" /><lzss dataOffset="2512" fileName="S05_M00A.PAC.272.pac.16.lzss" size="690" tableOffset="16" uncompressedSize="1266" /><lzss dataOffset="3204" fileName="S05_M00A.PAC.272.pac.64.lzss" size="5422" tableOffset="64" uncompressedSize="33312" /></pac><pac dataOffset="161088" fileName="S05_M00A.PAC.280.pac" size="13540" tableOffset="280"><lzss dataOffset="128" fileName="S05_M00A.PAC.280.pac.0.lzss" size="5317" tableOffset="0" uncompressedSize="10004" /><lzss dataOffset="5448" fileName="S05_M00A.PAC.280.pac.16.lzss" size="1477" tableOffset="16" uncompressedSize="2958" /><lzss dataOffset="6928" fileName="S05_M00A.PAC.280.pac.64.lzss" size="6610" tableOffset="64" uncompressedSize="33312" /></pac><pac dataOffset="174628" fileName="S05_M00A.PAC.288.pac" size="14816" tableOffset="288"><lzss dataOffset="128" fileName="S05_M00A.PAC.288.pac.0.lzss" size="5030" tableOffset="0" uncompressedSize="9396" /><lzss dataOffset="5160" fileName="S05_M00A.PAC.288.pac.16.lzss" size="3164" tableOffset="16" uncompressedSize="8246" /><lzss dataOffset="8324" fileName="S05_M00A.PAC.288.pac.64.lzss" size="6491" tableOffset="64" uncompressedSize="33312" /></pac><pac dataOffset="189444" fileName="S05_M00A.PAC.296.pac" size="20456" tableOffset="296"><lzss dataOffset="128" fileName="S05_M00A.PAC.296.pac.0.lzss" size="6887" tableOffset="0" uncompressedSize="13360" /><lzss dataOffset="7016" fileName="S05_M00A.PAC.296.pac.16.lzss" size="2671" tableOffset="16" uncompressedSize="6502" /><lzss dataOffset="9688" fileName="S05_M00A.PAC.296.pac.64.lzss" size="6525" tableOffset="64" uncompressedSize="33312" /><lzss dataOffset="16216" fileName="S05_M00A.PAC.296.pac.72.lzss" size="4237" tableOffset="72" uncompressedSize="33312" /></pac><pac dataOffset="209900" fileName="S05_M00A.PAC.304.pac" size="13252" tableOffset="304"><lzss dataOffset="128" fileName="S05_M00A.PAC.304.pac.0.lzss" size="4938" tableOffset="0" uncompressedSize="9624" /><lzss dataOffset="5068" fileName="S05_M00A.PAC.304.pac.16.lzss" size="1085" tableOffset="16" uncompressedSize="2482" /><lzss dataOffset="6156" fileName="S05_M00A.PAC.304.pac.64.lzss" size="7094" tableOffset="64" uncompressedSize="33312" /></pac></source>