<source fileName="S06_D.PAC" size="192176" tableOffset="0"><lzss dataOffset="384" fileName="S06_D.PAC.0.lzss" size="8991" tableOffset="0" uncompressedSize="33312" /><lzss dataOffset="9376" fileName="S06_D.PAC.40.lzss" size="4711" tableOffset="40" uncompressedSize="11120" /><lzss dataOffset="14088" fileName="S06_D.PAC.128.lzss" size="22107" tableOffset="128" uncompressedSize="52996" /><lzss dataOffset="36196" fileName="S06_D.PAC.136.lzss" size="40040" tableOffset="136" uncompressedSize="127404" /><lzss dataOffset="76236" fileName="S06_D.PAC.144.lzss" size="124" tableOffset="144" uncompressedSize="192" /><lzss dataOffset="76360" fileName="S06_D.PAC.152.lzss" size="316" tableOffset="152" uncompressedSize="676" /><lzss dataOffset="76676" fileName="S06_D.PAC.160.lzss" size="8691" tableOffset="160" uncompressedSize="33312" /><lzss dataOffset="85368" fileName="S06_D.PAC.168.lzss" size="8569" tableOffset="168" uncompressedSize="33312" /><lzss dataOffset="93940" fileName="S06_D.PAC.176.lzss" size="6304" tableOffset="176" uncompressedSize="33312" /><lzss dataOffset="100244" fileName="S06_D.PAC.184.lzss" size="8738" tableOffset="184" uncompressedSize="33312" /><lzss dataOffset="108984" fileName="S06_D.PAC.192.lzss" size="8947" tableOffset="192" uncompressedSize="66080" /><lzss dataOffset="117932" fileName="S06_D.PAC.224.lzss" size="913" tableOffset="224" uncompressedSize="2432" /><lzss dataOffset="118848" fileName="S06_D.PAC.232.lzss" size="117" tableOffset="232" uncompressedSize="124" /><pac dataOffset="118968" fileName="S06_D.PAC.256.pac" size="11320" tableOffset="256"><lzss dataOffset="128" fileName="S06_D.PAC.256.pac.0.lzss" size="4310" tableOffset="0" uncompressedSize="9012" /><lzss dataOffset="4440" fileName="S06_D.PAC.256.pac.16.lzss" size="1609" tableOffset="16" uncompressedSize="5292" /><lzss dataOffset="6052" fileName="S06_D.PAC.256.pac.64.lzss" size="5266" tableOffset="64" uncompressedSize="33312" /></pac><pac dataOffset="130288" fileName="S06_D.PAC.264.pac" size="11988" tableOffset="264"><lzss dataOffset="128" fileName="S06_D.PAC.264.pac.0.lzss" size="3026" tableOffset="0" uncompressedSize="6492" /><lzss dataOffset="3156" fileName="S06_D.PAC.264.pac.16.lzss" size="412" tableOffset="16" uncompressedSize="886" /><lzss dataOffset="3568" fileName="S06_D.PAC.264.pac.64.lzss" size="8418" tableOffset="64" uncompressedSize="33312" /></pac><pac dataOffset="142276" fileName="S06_D.PAC.272.pac" size="696" tableOffset="272"><lzss dataOffset="128" fileName="S06_D.PAC.272.pac.0.lzss" size="412" tableOffset="0" uncompressedSize="840" /><lzss dataOffset="540" fileName="S06_D.PAC.272.pac.16.lzss" size="155" tableOffset="16" uncompressedSize="254" /><textureSymbol dataOffset="0" size="4294967295" tableOffset="64" /></pac><pac dataOffset="142972" fileName="S06_D.PAC.280.pac" size="1512" tableOffset="280"><lzss dataOffset="128" fileName="S06_D.PAC.280.pac.0.lzss" size="959" tableOffset="0" uncompressedSize="2292" /><lzss dataOffset="1088" fileName="S06_D.PAC.280.pac.16.lzss" size="422" tableOffset="16" uncompressedSize="798" /><textureSymbol dataOffset="0" size="4294967295" tableOffset="64" /></pac><pac dataOffset="144484" fileName="S06_D.PAC.288.pac" size="10904" tableOffset="288"><lzss dataOffset="128" fileName="S06_D.PAC.288.pac.0.lzss" size="2308" tableOffset="0" uncompressedSize="4444" /><lzss dataOffset="2436" fileName="S06_D.PAC.288.pac.16.lzss" size="1014" tableOffset="16" uncompressedSize="1968" /><lzss dataOffset="3452" fileName="S06_D.PAC.288.pac.64.lzss" size="7450" tableOffset="64" uncompressedSize="33312" /></pac><pac dataOffset="155388" fileName="S06_D.PAC.296.pac" size="11788" tableOffset="296"><lzss dataOffset="128" fileName="S06_D.PAC.296.pac.0.lzss" size="2946" tableOffset="0" uncompressedSize="7768" /><lzss dataOffset="3076" fileName="S06_D.PAC.296.pac.16.lzss" size="400" tableOffset="16" uncompressedSize="874" /><lzss dataOffset="3476" fileName="S06_D.PAC.296.pac.64.lzss" size="8312" tableOffset="64" uncompressedSize="33312" /></pac><pac dataOffset="167176" fileName="S06_D.PAC.304.pac" size="1404" tableOffset="304"><lzss dataOffset="128" fileName="S06_D.PAC.304.pac.0.lzss" size="1161" tableOffset="0" uncompressedSize="3832" /><lzss dataOffset="1292" fileName="S06_D.PAC.304.pac.16.lzss" size="111" tableOffset="16" uncompressedSize="194" /><textureSymbol dataOffset="0" size="4294967295" tableOffset="64" /></pac><pac dataOffset="168580" fileName="S06_D.PAC.312.pac" size="10904" tableOffset="312"><lzss dataOffset="128" fileName="S06_D.PAC.312.pac.0.lzss" size="2308" tableOffset="0" uncompressedSize="4444" /><lzss dataOffset="2436" fileName="S06_D.PAC.312.pac.16.lzss" size="1014" tableOffset="16" uncompressedSize="1968" /><lzss dataOffset="3452" fileName="S06_D.PAC.312.pac.64.lzss" size="7450" tableOffset="64" uncompressedSize="33312" /></pac><pac dataOffset="179484" fileName="S06_D.PAC.320.pac" size="2828" tableOffset="320"><lzss dataOffset="128" fileName="S06_D.PAC.320.pac.0.lzss" size="2563" tableOffset="0" uncompressedSize="5696" /><lzss dataOffset="2692" fileName="S06_D.PAC.320.pac.16.lzss" size="136" tableOffset="16" uncompressedSize="352" /><textureSymbol dataOffset="0" size="4294967295" tableOffset="64" /></pac><pac dataOffset="182312" fileName="S06_D.PAC.328.pac" size="1472" tableOffset="328"><lzss dataOffset="128" fileName="S06_D.PAC.328.pac.0.lzss" size="1195" tableOffset="0" uncompressedSize="2200" /><lzss dataOffset="1324" fileName="S06_D.PAC.328.pac.16.lzss" size="145" tableOffset="16" uncompressedSize="334" /><textureSymbol dataOffset="0" size="4294967295" tableOffset="64" /></pac><pac dataOffset="183784" fileName="S06_D.PAC.336.pac" size="8392" tableOffset="336"><lzss dataOffset="128" fileName="S06_D.PAC.336.pac.0.lzss" size="898" tableOffset="0" uncompressedSize="1936" /><lzss dataOffset="1028" fileName="S06_D.PAC.336.pac.16.lzss" size="562" tableOffset="16" uncompressedSize="1318" /><lzss dataOffset="1592" fileName="S06_D.PAC.336.pac.64.lzss" size="6798" tableOffset="64" uncompressedSize="33312" /></pac></source>