<source fileName="S06_M18A.PAC" size="134608" tableOffset="0"><lzss dataOffset="384" fileName="S06_M18A.PAC.40.lzss" size="4711" tableOffset="40" uncompressedSize="11120" /><lzss dataOffset="5096" fileName="S06_M18A.PAC.128.lzss" size="17689" tableOffset="128" uncompressedSize="51572" /><lzss dataOffset="22788" fileName="S06_M18A.PAC.136.lzss" size="35936" tableOffset="136" uncompressedSize="127964" /><lzss dataOffset="58724" fileName="S06_M18A.PAC.144.lzss" size="93" tableOffset="144" uncompressedSize="112" /><lzss dataOffset="58820" fileName="S06_M18A.PAC.152.lzss" size="243" tableOffset="152" uncompressedSize="688" /><lzss dataOffset="59064" fileName="S06_M18A.PAC.160.lzss" size="12811" tableOffset="160" uncompressedSize="33312" /><lzss dataOffset="71876" fileName="S06_M18A.PAC.168.lzss" size="9135" tableOffset="168" uncompressedSize="33312" /><lzss dataOffset="81012" fileName="S06_M18A.PAC.176.lzss" size="11436" tableOffset="176" uncompressedSize="33312" /><lzss dataOffset="92448" fileName="S06_M18A.PAC.192.lzss" size="6322" tableOffset="192" uncompressedSize="66080" /><lzss dataOffset="98772" fileName="S06_M18A.PAC.200.lzss" size="577" tableOffset="200" uncompressedSize="2652" /><lzss dataOffset="99352" fileName="S06_M18A.PAC.224.lzss" size="1562" tableOffset="224" uncompressedSize="5066" /><lzss dataOffset="100916" fileName="S06_M18A.PAC.232.lzss" size="1436" tableOffset="232" uncompressedSize="3160" /><pac dataOffset="102352" fileName="S06_M18A.PAC.256.pac" size="11320" tableOffset="256"><lzss dataOffset="128" fileName="S06_M18A.PAC.256.pac.0.lzss" size="4310" tableOffset="0" uncompressedSize="9012" /><lzss dataOffset="4440" fileName="S06_M18A.PAC.256.pac.16.lzss" size="1609" tableOffset="16" uncompressedSize="5292" /><lzss dataOffset="6052" fileName="S06_M18A.PAC.256.pac.64.lzss" size="5266" tableOffset="64" uncompressedSize="33312" /></pac><pac dataOffset="113672" fileName="S06_M18A.PAC.264.pac" size="480" tableOffset="264"><lzss dataOffset="128" fileName="S06_M18A.PAC.264.pac.16.lzss" size="351" tableOffset="16" uncompressedSize="706" /></pac><pac dataOffset="114152" fileName="S06_M18A.PAC.272.pac" size="20456" tableOffset="272"><lzss dataOffset="128" fileName="S06_M18A.PAC.272.pac.0.lzss" size="6887" tableOffset="0" uncompressedSize="13360" /><lzss dataOffset="7016" fileName="S06_M18A.PAC.272.pac.16.lzss" size="2671" tableOffset="16" uncompressedSize="6502" /><lzss dataOffset="9688" fileName="S06_M18A.PAC.272.pac.64.lzss" size="6525" tableOffset="64" uncompressedSize="33312" /><lzss dataOffset="16216" fileName="S06_M18A.PAC.272.pac.72.lzss" size="4237" tableOffset="72" uncompressedSize="33312" /></pac></source>