<source fileName="S06_B.PAC" size="178228" tableOffset="0"><lzss dataOffset="384" fileName="S06_B.PAC.0.lzss" size="8991" tableOffset="0" uncompressedSize="33312" /><lzss dataOffset="9376" fileName="S06_B.PAC.40.lzss" size="4711" tableOffset="40" uncompressedSize="11120" /><lzss dataOffset="14088" fileName="S06_B.PAC.128.lzss" size="16915" tableOffset="128" uncompressedSize="41472" /><lzss dataOffset="31004" fileName="S06_B.PAC.136.lzss" size="38881" tableOffset="136" uncompressedSize="126996" /><lzss dataOffset="69888" fileName="S06_B.PAC.144.lzss" size="92" tableOffset="144" uncompressedSize="192" /><lzss dataOffset="69980" fileName="S06_B.PAC.152.lzss" size="343" tableOffset="152" uncompressedSize="712" /><lzss dataOffset="70324" fileName="S06_B.PAC.160.lzss" size="8691" tableOffset="160" uncompressedSize="33312" /><lzss dataOffset="79016" fileName="S06_B.PAC.168.lzss" size="8558" tableOffset="168" uncompressedSize="33312" /><lzss dataOffset="87576" fileName="S06_B.PAC.176.lzss" size="7112" tableOffset="176" uncompressedSize="33312" /><lzss dataOffset="94688" fileName="S06_B.PAC.184.lzss" size="8738" tableOffset="184" uncompressedSize="33312" /><lzss dataOffset="103428" fileName="S06_B.PAC.192.lzss" size="8947" tableOffset="192" uncompressedSize="66080" /><lzss dataOffset="112376" fileName="S06_B.PAC.224.lzss" size="913" tableOffset="224" uncompressedSize="2432" /><lzss dataOffset="113292" fileName="S06_B.PAC.232.lzss" size="117" tableOffset="232" uncompressedSize="124" /><pac dataOffset="113412" fileName="S06_B.PAC.256.pac" size="11320" tableOffset="256"><lzss dataOffset="128" fileName="S06_B.PAC.256.pac.0.lzss" size="4310" tableOffset="0" uncompressedSize="9012" /><lzss dataOffset="4440" fileName="S06_B.PAC.256.pac.16.lzss" size="1609" tableOffset="16" uncompressedSize="5292" /><lzss dataOffset="6052" fileName="S06_B.PAC.256.pac.64.lzss" size="5266" tableOffset="64" uncompressedSize="33312" /></pac><pac dataOffset="124732" fileName="S06_B.PAC.264.pac" size="11988" tableOffset="264"><lzss dataOffset="128" fileName="S06_B.PAC.264.pac.0.lzss" size="3026" tableOffset="0" uncompressedSize="6492" /><lzss dataOffset="3156" fileName="S06_B.PAC.264.pac.16.lzss" size="412" tableOffset="16" uncompressedSize="886" /><lzss dataOffset="3568" fileName="S06_B.PAC.264.pac.64.lzss" size="8418" tableOffset="64" uncompressedSize="33312" /></pac><pac dataOffset="136720" fileName="S06_B.PAC.272.pac" size="696" tableOffset="272"><lzss dataOffset="128" fileName="S06_B.PAC.272.pac.0.lzss" size="412" tableOffset="0" uncompressedSize="840" /><lzss dataOffset="540" fileName="S06_B.PAC.272.pac.16.lzss" size="155" tableOffset="16" uncompressedSize="254" /><textureSymbol dataOffset="0" size="4294967295" tableOffset="64" /></pac><pac dataOffset="137416" fileName="S06_B.PAC.280.pac" size="1512" tableOffset="280"><lzss dataOffset="128" fileName="S06_B.PAC.280.pac.0.lzss" size="959" tableOffset="0" uncompressedSize="2292" /><lzss dataOffset="1088" fileName="S06_B.PAC.280.pac.16.lzss" size="422" tableOffset="16" uncompressedSize="798" /><textureSymbol dataOffset="0" size="4294967295" tableOffset="64" /></pac><pac dataOffset="138928" fileName="S06_B.PAC.288.pac" size="10904" tableOffset="288"><lzss dataOffset="128" fileName="S06_B.PAC.288.pac.0.lzss" size="2308" tableOffset="0" uncompressedSize="4444" /><lzss dataOffset="2436" fileName="S06_B.PAC.288.pac.16.lzss" size="1014" tableOffset="16" uncompressedSize="1968" /><lzss dataOffset="3452" fileName="S06_B.PAC.288.pac.64.lzss" size="7450" tableOffset="64" uncompressedSize="33312" /></pac><pac dataOffset="149832" fileName="S06_B.PAC.296.pac" size="11788" tableOffset="296"><lzss dataOffset="128" fileName="S06_B.PAC.296.pac.0.lzss" size="2946" tableOffset="0" uncompressedSize="7768" /><lzss dataOffset="3076" fileName="S06_B.PAC.296.pac.16.lzss" size="400" tableOffset="16" uncompressedSize="874" /><lzss dataOffset="3476" fileName="S06_B.PAC.296.pac.64.lzss" size="8312" tableOffset="64" uncompressedSize="33312" /></pac><pac dataOffset="161620" fileName="S06_B.PAC.304.pac" size="1404" tableOffset="304"><lzss dataOffset="128" fileName="S06_B.PAC.304.pac.0.lzss" size="1161" tableOffset="0" uncompressedSize="3832" /><lzss dataOffset="1292" fileName="S06_B.PAC.304.pac.16.lzss" size="111" tableOffset="16" uncompressedSize="194" /><textureSymbol dataOffset="0" size="4294967295" tableOffset="64" /></pac><pac dataOffset="163024" fileName="S06_B.PAC.312.pac" size="10904" tableOffset="312"><lzss dataOffset="128" fileName="S06_B.PAC.312.pac.0.lzss" size="2308" tableOffset="0" uncompressedSize="4444" /><lzss dataOffset="2436" fileName="S06_B.PAC.312.pac.16.lzss" size="1014" tableOffset="16" uncompressedSize="1968" /><lzss dataOffset="3452" fileName="S06_B.PAC.312.pac.64.lzss" size="7450" tableOffset="64" uncompressedSize="33312" /></pac><pac dataOffset="173928" fileName="S06_B.PAC.320.pac" size="2828" tableOffset="320"><lzss dataOffset="128" fileName="S06_B.PAC.320.pac.0.lzss" size="2563" tableOffset="0" uncompressedSize="5696" /><lzss dataOffset="2692" fileName="S06_B.PAC.320.pac.16.lzss" size="136" tableOffset="16" uncompressedSize="352" /><textureSymbol dataOffset="0" size="4294967295" tableOffset="64" /></pac><pac dataOffset="176756" fileName="S06_B.PAC.328.pac" size="1472" tableOffset="328"><lzss dataOffset="128" fileName="S06_B.PAC.328.pac.0.lzss" size="1195" tableOffset="0" uncompressedSize="2200" /><lzss dataOffset="1324" fileName="S06_B.PAC.328.pac.16.lzss" size="145" tableOffset="16" uncompressedSize="334" /><textureSymbol dataOffset="0" size="4294967295" tableOffset="64" /></pac></source>