<source fileName="S06_M00B.PAC" size="140332" tableOffset="0"><lzss dataOffset="384" fileName="S06_M00B.PAC.40.lzss" size="4711" tableOffset="40" uncompressedSize="11120" /><lzss dataOffset="5096" fileName="S06_M00B.PAC.128.lzss" size="21333" tableOffset="128" uncompressedSize="41496" /><lzss dataOffset="26432" fileName="S06_M00B.PAC.136.lzss" size="36127" tableOffset="136" uncompressedSize="127604" /><lzss dataOffset="62560" fileName="S06_M00B.PAC.144.lzss" size="92" tableOffset="144" uncompressedSize="112" /><lzss dataOffset="62652" fileName="S06_M00B.PAC.152.lzss" size="298" tableOffset="152" uncompressedSize="996" /><lzss dataOffset="62952" fileName="S06_M00B.PAC.160.lzss" size="8293" tableOffset="160" uncompressedSize="33312" /><lzss dataOffset="71248" fileName="S06_M00B.PAC.168.lzss" size="5571" tableOffset="168" uncompressedSize="33312" /><lzss dataOffset="76820" fileName="S06_M00B.PAC.200.lzss" size="577" tableOffset="200" uncompressedSize="2652" /><lzss dataOffset="77400" fileName="S06_M00B.PAC.224.lzss" size="1616" tableOffset="224" uncompressedSize="5436" /><lzss dataOffset="79016" fileName="S06_M00B.PAC.232.lzss" size="701" tableOffset="232" uncompressedSize="1832" /><pac dataOffset="79720" fileName="S06_M00B.PAC.256.pac" size="11320" tableOffset="256"><lzss dataOffset="128" fileName="S06_M00B.PAC.256.pac.0.lzss" size="4310" tableOffset="0" uncompressedSize="9012" /><lzss dataOffset="4440" fileName="S06_M00B.PAC.256.pac.16.lzss" size="1609" tableOffset="16" uncompressedSize="5292" /><lzss dataOffset="6052" fileName="S06_M00B.PAC.256.pac.64.lzss" size="5266" tableOffset="64" uncompressedSize="33312" /></pac><pac dataOffset="91040" fileName="S06_M00B.PAC.264.pac" size="480" tableOffset="264"><lzss dataOffset="128" fileName="S06_M00B.PAC.264.pac.16.lzss" size="351" tableOffset="16" uncompressedSize="706" /></pac><pac dataOffset="91520" fileName="S06_M00B.PAC.272.pac" size="13540" tableOffset="272"><lzss dataOffset="128" fileName="S06_M00B.PAC.272.pac.0.lzss" size="5317" tableOffset="0" uncompressedSize="10004" /><lzss dataOffset="5448" fileName="S06_M00B.PAC.272.pac.16.lzss" size="1477" tableOffset="16" uncompressedSize="2958" /><lzss dataOffset="6928" fileName="S06_M00B.PAC.272.pac.64.lzss" size="6610" tableOffset="64" uncompressedSize="33312" /></pac><pac dataOffset="105060" fileName="S06_M00B.PAC.280.pac" size="14816" tableOffset="280"><lzss dataOffset="128" fileName="S06_M00B.PAC.280.pac.0.lzss" size="5030" tableOffset="0" uncompressedSize="9396" /><lzss dataOffset="5160" fileName="S06_M00B.PAC.280.pac.16.lzss" size="3164" tableOffset="16" uncompressedSize="8246" /><lzss dataOffset="8324" fileName="S06_M00B.PAC.280.pac.64.lzss" size="6491" tableOffset="64" uncompressedSize="33312" /></pac><pac dataOffset="119876" fileName="S06_M00B.PAC.288.pac" size="20456" tableOffset="288"><lzss dataOffset="128" fileName="S06_M00B.PAC.288.pac.0.lzss" size="6887" tableOffset="0" uncompressedSize="13360" /><lzss dataOffset="7016" fileName="S06_M00B.PAC.288.pac.16.lzss" size="2671" tableOffset="16" uncompressedSize="6502" /><lzss dataOffset="9688" fileName="S06_M00B.PAC.288.pac.64.lzss" size="6525" tableOffset="64" uncompressedSize="33312" /><lzss dataOffset="16216" fileName="S06_M00B.PAC.288.pac.72.lzss" size="4237" tableOffset="72" uncompressedSize="33312" /></pac></source>