<source fileName="S06_M08A.PAC" size="193416" tableOffset="0"><lzss dataOffset="384" fileName="S06_M08A.PAC.40.lzss" size="4711" tableOffset="40" uncompressedSize="11120" /><lzss dataOffset="5096" fileName="S06_M08A.PAC.128.lzss" size="26188" tableOffset="128" uncompressedSize="64116" /><lzss dataOffset="31284" fileName="S06_M08A.PAC.136.lzss" size="36734" tableOffset="136" uncompressedSize="126996" /><lzss dataOffset="68020" fileName="S06_M08A.PAC.144.lzss" size="65" tableOffset="144" uncompressedSize="192" /><lzss dataOffset="68088" fileName="S06_M08A.PAC.152.lzss" size="430" tableOffset="152" uncompressedSize="1408" /><lzss dataOffset="68520" fileName="S06_M08A.PAC.160.lzss" size="11851" tableOffset="160" uncompressedSize="33312" /><lzss dataOffset="80372" fileName="S06_M08A.PAC.168.lzss" size="12964" tableOffset="168" uncompressedSize="33312" /><lzss dataOffset="93336" fileName="S06_M08A.PAC.176.lzss" size="7955" tableOffset="176" uncompressedSize="33312" /><lzss dataOffset="101292" fileName="S06_M08A.PAC.184.lzss" size="8738" tableOffset="184" uncompressedSize="33312" /><lzss dataOffset="110032" fileName="S06_M08A.PAC.192.lzss" size="8564" tableOffset="192" uncompressedSize="66080" /><lzss dataOffset="118596" fileName="S06_M08A.PAC.200.lzss" size="577" tableOffset="200" uncompressedSize="2652" /><lzss dataOffset="119176" fileName="S06_M08A.PAC.224.lzss" size="1651" tableOffset="224" uncompressedSize="5432" /><lzss dataOffset="120828" fileName="S06_M08A.PAC.232.lzss" size="930" tableOffset="232" uncompressedSize="2328" /><pac dataOffset="121760" fileName="S06_M08A.PAC.256.pac" size="11320" tableOffset="256"><lzss dataOffset="128" fileName="S06_M08A.PAC.256.pac.0.lzss" size="4310" tableOffset="0" uncompressedSize="9012" /><lzss dataOffset="4440" fileName="S06_M08A.PAC.256.pac.16.lzss" size="1609" tableOffset="16" uncompressedSize="5292" /><lzss dataOffset="6052" fileName="S06_M08A.PAC.256.pac.64.lzss" size="5266" tableOffset="64" uncompressedSize="33312" /></pac><pac dataOffset="133080" fileName="S06_M08A.PAC.264.pac" size="480" tableOffset="264"><lzss dataOffset="128" fileName="S06_M08A.PAC.264.pac.16.lzss" size="351" tableOffset="16" uncompressedSize="706" /></pac><pac dataOffset="133560" fileName="S06_M08A.PAC.272.pac" size="7644" tableOffset="272"><lzss dataOffset="128" fileName="S06_M08A.PAC.272.pac.0.lzss" size="2897" tableOffset="0" uncompressedSize="5564" /><lzss dataOffset="3028" fileName="S06_M08A.PAC.272.pac.16.lzss" size="375" tableOffset="16" uncompressedSize="940" /><lzss dataOffset="3404" fileName="S06_M08A.PAC.272.pac.64.lzss" size="4240" tableOffset="64" uncompressedSize="33312" /></pac><pac dataOffset="141204" fileName="S06_M08A.PAC.280.pac" size="13736" tableOffset="280"><lzss dataOffset="128" fileName="S06_M08A.PAC.280.pac.0.lzss" size="5158" tableOffset="0" uncompressedSize="10168" /><lzss dataOffset="5288" fileName="S06_M08A.PAC.280.pac.16.lzss" size="574" tableOffset="16" uncompressedSize="1324" /><lzss dataOffset="5864" fileName="S06_M08A.PAC.280.pac.64.lzss" size="7869" tableOffset="64" uncompressedSize="33312" /></pac><pac dataOffset="154940" fileName="S06_M08A.PAC.288.pac" size="11772" tableOffset="288"><lzss dataOffset="128" fileName="S06_M08A.PAC.288.pac.0.lzss" size="5297" tableOffset="0" uncompressedSize="9892" /><lzss dataOffset="5428" fileName="S06_M08A.PAC.288.pac.16.lzss" size="650" tableOffset="16" uncompressedSize="1130" /><lzss dataOffset="6080" fileName="S06_M08A.PAC.288.pac.64.lzss" size="5690" tableOffset="64" uncompressedSize="33312" /></pac><pac dataOffset="166712" fileName="S06_M08A.PAC.296.pac" size="13000" tableOffset="296"><lzss dataOffset="128" fileName="S06_M08A.PAC.296.pac.0.lzss" size="5671" tableOffset="0" uncompressedSize="10392" /><lzss dataOffset="5800" fileName="S06_M08A.PAC.296.pac.16.lzss" size="784" tableOffset="16" uncompressedSize="1710" /><lzss dataOffset="6584" fileName="S06_M08A.PAC.296.pac.64.lzss" size="6416" tableOffset="64" uncompressedSize="33312" /></pac><pac dataOffset="179712" fileName="S06_M08A.PAC.304.pac" size="13704" tableOffset="304"><lzss dataOffset="128" fileName="S06_M08A.PAC.304.pac.0.lzss" size="5905" tableOffset="0" uncompressedSize="12028" /><lzss dataOffset="6036" fileName="S06_M08A.PAC.304.pac.16.lzss" size="1165" tableOffset="16" uncompressedSize="2994" /><lzss dataOffset="7204" fileName="S06_M08A.PAC.304.pac.64.lzss" size="6497" tableOffset="64" uncompressedSize="33312" /></pac></source>