<source fileName="S06_M04A.PAC" size="147620" tableOffset="0"><lzss dataOffset="392" fileName="S06_M04A.PAC.40.lzss" size="4711" tableOffset="40" uncompressedSize="11120" /><lzss dataOffset="5104" fileName="S06_M04A.PAC.128.lzss" size="23430" tableOffset="128" uncompressedSize="50840" /><lzss dataOffset="28536" fileName="S06_M04A.PAC.136.lzss" size="34811" tableOffset="136" uncompressedSize="127348" /><lzss dataOffset="63348" fileName="S06_M04A.PAC.144.lzss" size="80" tableOffset="144" uncompressedSize="112" /><lzss dataOffset="63428" fileName="S06_M04A.PAC.152.lzss" size="253" tableOffset="152" uncompressedSize="808" /><lzss dataOffset="63684" fileName="S06_M04A.PAC.160.lzss" size="6102" tableOffset="160" uncompressedSize="33312" /><lzss dataOffset="69788" fileName="S06_M04A.PAC.168.lzss" size="11550" tableOffset="168" uncompressedSize="33312" /><lzss dataOffset="81340" fileName="S06_M04A.PAC.176.lzss" size="5013" tableOffset="176" uncompressedSize="33312" /><lzss dataOffset="86356" fileName="S06_M04A.PAC.184.lzss" size="3892" tableOffset="184" uncompressedSize="33312" /><lzss dataOffset="90248" fileName="S06_M04A.PAC.192.lzss" size="8564" tableOffset="192" uncompressedSize="66080" /><lzss dataOffset="98812" fileName="S06_M04A.PAC.200.lzss" size="577" tableOffset="200" uncompressedSize="2652" /><lzss dataOffset="99392" fileName="S06_M04A.PAC.224.lzss" size="1309" tableOffset="224" uncompressedSize="4026" /><lzss dataOffset="100704" fileName="S06_M04A.PAC.232.lzss" size="954" tableOffset="232" uncompressedSize="2292" /><pac dataOffset="101660" fileName="S06_M04A.PAC.256.pac" size="11320" tableOffset="256"><lzss dataOffset="128" fileName="S06_M04A.PAC.256.pac.0.lzss" size="4310" tableOffset="0" uncompressedSize="9012" /><lzss dataOffset="4440" fileName="S06_M04A.PAC.256.pac.16.lzss" size="1609" tableOffset="16" uncompressedSize="5292" /><lzss dataOffset="6052" fileName="S06_M04A.PAC.256.pac.64.lzss" size="5266" tableOffset="64" uncompressedSize="33312" /></pac><pac dataOffset="112980" fileName="S06_M04A.PAC.264.pac" size="480" tableOffset="264"><lzss dataOffset="128" fileName="S06_M04A.PAC.264.pac.16.lzss" size="351" tableOffset="16" uncompressedSize="706" /></pac><pac dataOffset="113460" fileName="S06_M04A.PAC.272.pac" size="20456" tableOffset="272"><lzss dataOffset="128" fileName="S06_M04A.PAC.272.pac.0.lzss" size="6887" tableOffset="0" uncompressedSize="13360" /><lzss dataOffset="7016" fileName="S06_M04A.PAC.272.pac.16.lzss" size="2671" tableOffset="16" uncompressedSize="6502" /><lzss dataOffset="9688" fileName="S06_M04A.PAC.272.pac.64.lzss" size="6525" tableOffset="64" uncompressedSize="33312" /><lzss dataOffset="16216" fileName="S06_M04A.PAC.272.pac.72.lzss" size="4237" tableOffset="72" uncompressedSize="33312" /></pac><pac dataOffset="133916" fileName="S06_M04A.PAC.280.pac" size="13704" tableOffset="280"><lzss dataOffset="128" fileName="S06_M04A.PAC.280.pac.0.lzss" size="5905" tableOffset="0" uncompressedSize="12028" /><lzss dataOffset="6036" fileName="S06_M04A.PAC.280.pac.16.lzss" size="1165" tableOffset="16" uncompressedSize="2994" /><lzss dataOffset="7204" fileName="S06_M04A.PAC.280.pac.64.lzss" size="6497" tableOffset="64" uncompressedSize="33312" /></pac></source>