<source fileName="S06_E.PAC" size="158592" tableOffset="0"><lzss dataOffset="384" fileName="S06_E.PAC.0.lzss" size="8991" tableOffset="0" uncompressedSize="33312" /><lzss dataOffset="9376" fileName="S06_E.PAC.40.lzss" size="4711" tableOffset="40" uncompressedSize="11120" /><lzss dataOffset="14088" fileName="S06_E.PAC.128.lzss" size="25870" tableOffset="128" uncompressedSize="60764" /><lzss dataOffset="39960" fileName="S06_E.PAC.136.lzss" size="38109" tableOffset="136" uncompressedSize="127476" /><lzss dataOffset="78072" fileName="S06_E.PAC.144.lzss" size="60" tableOffset="144" uncompressedSize="112" /><lzss dataOffset="78132" fileName="S06_E.PAC.152.lzss" size="175" tableOffset="152" uncompressedSize="360" /><lzss dataOffset="78308" fileName="S06_E.PAC.160.lzss" size="8737" tableOffset="160" uncompressedSize="33312" /><lzss dataOffset="87048" fileName="S06_E.PAC.168.lzss" size="9563" tableOffset="168" uncompressedSize="33312" /><lzss dataOffset="96612" fileName="S06_E.PAC.176.lzss" size="5560" tableOffset="176" uncompressedSize="33312" /><lzss dataOffset="102172" fileName="S06_E.PAC.184.lzss" size="5301" tableOffset="184" uncompressedSize="33312" /><lzss dataOffset="107476" fileName="S06_E.PAC.192.lzss" size="5755" tableOffset="192" uncompressedSize="66080" /><lzss dataOffset="113232" fileName="S06_E.PAC.224.lzss" size="1433" tableOffset="224" uncompressedSize="3822" /><lzss dataOffset="114668" fileName="S06_E.PAC.232.lzss" size="557" tableOffset="232" uncompressedSize="908" /><pac dataOffset="115228" fileName="S06_E.PAC.256.pac" size="11320" tableOffset="256"><lzss dataOffset="128" fileName="S06_E.PAC.256.pac.0.lzss" size="4310" tableOffset="0" uncompressedSize="9012" /><lzss dataOffset="4440" fileName="S06_E.PAC.256.pac.16.lzss" size="1609" tableOffset="16" uncompressedSize="5292" /><lzss dataOffset="6052" fileName="S06_E.PAC.256.pac.64.lzss" size="5266" tableOffset="64" uncompressedSize="33312" /></pac><pac dataOffset="126548" fileName="S06_E.PAC.264.pac" size="10132" tableOffset="264"><lzss dataOffset="128" fileName="S06_E.PAC.264.pac.0.lzss" size="4406" tableOffset="0" uncompressedSize="8192" /><lzss dataOffset="4536" fileName="S06_E.PAC.264.pac.16.lzss" size="598" tableOffset="16" uncompressedSize="1158" /><lzss dataOffset="5136" fileName="S06_E.PAC.264.pac.64.lzss" size="4993" tableOffset="64" uncompressedSize="33312" /></pac><pac dataOffset="136680" fileName="S06_E.PAC.272.pac" size="10488" tableOffset="272"><lzss dataOffset="128" fileName="S06_E.PAC.272.pac.0.lzss" size="4884" tableOffset="0" uncompressedSize="9024" /><lzss dataOffset="5012" fileName="S06_E.PAC.272.pac.16.lzss" size="338" tableOffset="16" uncompressedSize="674" /><lzss dataOffset="5352" fileName="S06_E.PAC.272.pac.64.lzss" size="5134" tableOffset="64" uncompressedSize="33312" /></pac><pac dataOffset="147168" fileName="S06_E.PAC.280.pac" size="11424" tableOffset="280"><lzss dataOffset="128" fileName="S06_E.PAC.280.pac.0.lzss" size="5286" tableOffset="0" uncompressedSize="11264" /><lzss dataOffset="5416" fileName="S06_E.PAC.280.pac.16.lzss" size="502" tableOffset="16" uncompressedSize="882" /><lzss dataOffset="5920" fileName="S06_E.PAC.280.pac.64.lzss" size="5503" tableOffset="64" uncompressedSize="33312" /></pac></source>