<source fileName="S06_M06D.PAC" size="157624" tableOffset="0"><lzss dataOffset="384" fileName="S06_M06D.PAC.0.lzss" size="15582" tableOffset="0" uncompressedSize="61984" /><lzss dataOffset="15968" fileName="S06_M06D.PAC.8.lzss" size="3353" tableOffset="8" uncompressedSize="33312" /><lzss dataOffset="19324" fileName="S06_M06D.PAC.16.lzss" size="8991" tableOffset="16" uncompressedSize="33312" /><lzss dataOffset="28316" fileName="S06_M06D.PAC.24.lzss" size="6217" tableOffset="24" uncompressedSize="33312" /><lzss dataOffset="34536" fileName="S06_M06D.PAC.40.lzss" size="4711" tableOffset="40" uncompressedSize="11120" /><lzss dataOffset="39248" fileName="S06_M06D.PAC.128.lzss" size="22990" tableOffset="128" uncompressedSize="67672" /><lzss dataOffset="62240" fileName="S06_M06D.PAC.136.lzss" size="42324" tableOffset="136" uncompressedSize="127552" /><lzss dataOffset="104564" fileName="S06_M06D.PAC.144.lzss" size="93" tableOffset="144" uncompressedSize="112" /><lzss dataOffset="104660" fileName="S06_M06D.PAC.152.lzss" size="216" tableOffset="152" uncompressedSize="380" /><lzss dataOffset="104876" fileName="S06_M06D.PAC.160.lzss" size="14709" tableOffset="160" uncompressedSize="33312" /><lzss dataOffset="119588" fileName="S06_M06D.PAC.168.lzss" size="9014" tableOffset="168" uncompressedSize="33312" /><lzss dataOffset="128604" fileName="S06_M06D.PAC.176.lzss" size="11299" tableOffset="176" uncompressedSize="33312" /><lzss dataOffset="139904" fileName="S06_M06D.PAC.184.lzss" size="8080" tableOffset="184" uncompressedSize="33312" /><lzss dataOffset="147984" fileName="S06_M06D.PAC.192.lzss" size="5755" tableOffset="192" uncompressedSize="66080" /><lzss dataOffset="153740" fileName="S06_M06D.PAC.200.lzss" size="577" tableOffset="200" uncompressedSize="2652" /><lzss dataOffset="154320" fileName="S06_M06D.PAC.224.lzss" size="1724" tableOffset="224" uncompressedSize="4934" /><lzss dataOffset="156044" fileName="S06_M06D.PAC.232.lzss" size="1099" tableOffset="232" uncompressedSize="2564" /><pac dataOffset="157144" fileName="S06_M06D.PAC.264.pac" size="480" tableOffset="264"><lzss dataOffset="128" fileName="S06_M06D.PAC.264.pac.16.lzss" size="351" tableOffset="16" uncompressedSize="706" /></pac></source>