<source fileName="S06_M04B.PAC" size="140476" tableOffset="0"><lzss dataOffset="384" fileName="S06_M04B.PAC.40.lzss" size="4711" tableOffset="40" uncompressedSize="11120" /><lzss dataOffset="5096" fileName="S06_M04B.PAC.128.lzss" size="33211" tableOffset="128" uncompressedSize="78448" /><lzss dataOffset="38308" fileName="S06_M04B.PAC.136.lzss" size="36126" tableOffset="136" uncompressedSize="126996" /><lzss dataOffset="74436" fileName="S06_M04B.PAC.144.lzss" size="60" tableOffset="144" uncompressedSize="112" /><lzss dataOffset="74496" fileName="S06_M04B.PAC.152.lzss" size="359" tableOffset="152" uncompressedSize="908" /><lzss dataOffset="74856" fileName="S06_M04B.PAC.160.lzss" size="8623" tableOffset="160" uncompressedSize="33312" /><lzss dataOffset="83480" fileName="S06_M04B.PAC.168.lzss" size="5830" tableOffset="168" uncompressedSize="33312" /><lzss dataOffset="89312" fileName="S06_M04B.PAC.176.lzss" size="6755" tableOffset="176" uncompressedSize="33312" /><lzss dataOffset="96068" fileName="S06_M04B.PAC.184.lzss" size="5789" tableOffset="184" uncompressedSize="33312" /><lzss dataOffset="101860" fileName="S06_M04B.PAC.200.lzss" size="577" tableOffset="200" uncompressedSize="2652" /><lzss dataOffset="102440" fileName="S06_M04B.PAC.224.lzss" size="1722" tableOffset="224" uncompressedSize="6150" /><lzss dataOffset="104164" fileName="S06_M04B.PAC.232.lzss" size="1383" tableOffset="232" uncompressedSize="3392" /><pac dataOffset="105548" fileName="S06_M04B.PAC.256.pac" size="11320" tableOffset="256"><lzss dataOffset="128" fileName="S06_M04B.PAC.256.pac.0.lzss" size="4310" tableOffset="0" uncompressedSize="9012" /><lzss dataOffset="4440" fileName="S06_M04B.PAC.256.pac.16.lzss" size="1609" tableOffset="16" uncompressedSize="5292" /><lzss dataOffset="6052" fileName="S06_M04B.PAC.256.pac.64.lzss" size="5266" tableOffset="64" uncompressedSize="33312" /></pac><pac dataOffset="116868" fileName="S06_M04B.PAC.264.pac" size="480" tableOffset="264"><lzss dataOffset="128" fileName="S06_M04B.PAC.264.pac.16.lzss" size="351" tableOffset="16" uncompressedSize="706" /></pac><pac dataOffset="117348" fileName="S06_M04B.PAC.272.pac" size="10712" tableOffset="272"><lzss dataOffset="128" fileName="S06_M04B.PAC.272.pac.0.lzss" size="4503" tableOffset="0" uncompressedSize="8596" /><lzss dataOffset="4632" fileName="S06_M04B.PAC.272.pac.16.lzss" size="645" tableOffset="16" uncompressedSize="1110" /><lzss dataOffset="5280" fileName="S06_M04B.PAC.272.pac.64.lzss" size="5430" tableOffset="64" uncompressedSize="33312" /></pac><pac dataOffset="128060" fileName="S06_M04B.PAC.280.pac" size="12416" tableOffset="280"><lzss dataOffset="128" fileName="S06_M04B.PAC.280.pac.0.lzss" size="5258" tableOffset="0" uncompressedSize="10408" /><lzss dataOffset="5388" fileName="S06_M04B.PAC.280.pac.16.lzss" size="841" tableOffset="16" uncompressedSize="1802" /><lzss dataOffset="6232" fileName="S06_M04B.PAC.280.pac.64.lzss" size="6181" tableOffset="64" uncompressedSize="33312" /></pac></source>