<source fileName="S06_M06B.PAC" size="179048" tableOffset="0"><lzss dataOffset="384" fileName="S06_M06B.PAC.40.lzss" size="4711" tableOffset="40" uncompressedSize="11120" /><lzss dataOffset="5096" fileName="S06_M06B.PAC.128.lzss" size="24560" tableOffset="128" uncompressedSize="70380" /><lzss dataOffset="29656" fileName="S06_M06B.PAC.136.lzss" size="42446" tableOffset="136" uncompressedSize="127552" /><lzss dataOffset="72104" fileName="S06_M06B.PAC.144.lzss" size="93" tableOffset="144" uncompressedSize="112" /><lzss dataOffset="72200" fileName="S06_M06B.PAC.152.lzss" size="261" tableOffset="152" uncompressedSize="776" /><lzss dataOffset="72464" fileName="S06_M06B.PAC.160.lzss" size="14709" tableOffset="160" uncompressedSize="33312" /><lzss dataOffset="87176" fileName="S06_M06B.PAC.168.lzss" size="6890" tableOffset="168" uncompressedSize="33312" /><lzss dataOffset="94068" fileName="S06_M06B.PAC.176.lzss" size="10216" tableOffset="176" uncompressedSize="33312" /><lzss dataOffset="104284" fileName="S06_M06B.PAC.184.lzss" size="8080" tableOffset="184" uncompressedSize="33312" /><lzss dataOffset="112364" fileName="S06_M06B.PAC.192.lzss" size="5755" tableOffset="192" uncompressedSize="66080" /><lzss dataOffset="118120" fileName="S06_M06B.PAC.200.lzss" size="577" tableOffset="200" uncompressedSize="2652" /><lzss dataOffset="118700" fileName="S06_M06B.PAC.224.lzss" size="1425" tableOffset="224" uncompressedSize="4488" /><lzss dataOffset="120128" fileName="S06_M06B.PAC.232.lzss" size="1493" tableOffset="232" uncompressedSize="3340" /><pac dataOffset="121624" fileName="S06_M06B.PAC.256.pac" size="11320" tableOffset="256"><lzss dataOffset="128" fileName="S06_M06B.PAC.256.pac.0.lzss" size="4310" tableOffset="0" uncompressedSize="9012" /><lzss dataOffset="4440" fileName="S06_M06B.PAC.256.pac.16.lzss" size="1609" tableOffset="16" uncompressedSize="5292" /><lzss dataOffset="6052" fileName="S06_M06B.PAC.256.pac.64.lzss" size="5266" tableOffset="64" uncompressedSize="33312" /></pac><pac dataOffset="132944" fileName="S06_M06B.PAC.264.pac" size="480" tableOffset="264"><lzss dataOffset="128" fileName="S06_M06B.PAC.264.pac.16.lzss" size="351" tableOffset="16" uncompressedSize="706" /></pac><pac dataOffset="133424" fileName="S06_M06B.PAC.272.pac" size="11980" tableOffset="272"><lzss dataOffset="128" fileName="S06_M06B.PAC.272.pac.0.lzss" size="5175" tableOffset="0" uncompressedSize="9792" /><lzss dataOffset="5304" fileName="S06_M06B.PAC.272.pac.16.lzss" size="1731" tableOffset="16" uncompressedSize="3250" /><lzss dataOffset="7036" fileName="S06_M06B.PAC.272.pac.64.lzss" size="4944" tableOffset="64" uncompressedSize="33312" /></pac><pac dataOffset="145404" fileName="S06_M06B.PAC.280.pac" size="12296" tableOffset="280"><lzss dataOffset="128" fileName="S06_M06B.PAC.280.pac.0.lzss" size="5036" tableOffset="0" uncompressedSize="9352" /><lzss dataOffset="5164" fileName="S06_M06B.PAC.280.pac.16.lzss" size="680" tableOffset="16" uncompressedSize="1498" /><lzss dataOffset="5844" fileName="S06_M06B.PAC.280.pac.64.lzss" size="6452" tableOffset="64" uncompressedSize="33312" /></pac><pac dataOffset="157700" fileName="S06_M06B.PAC.288.pac" size="7644" tableOffset="288"><lzss dataOffset="128" fileName="S06_M06B.PAC.288.pac.0.lzss" size="2897" tableOffset="0" uncompressedSize="5564" /><lzss dataOffset="3028" fileName="S06_M06B.PAC.288.pac.16.lzss" size="375" tableOffset="16" uncompressedSize="940" /><lzss dataOffset="3404" fileName="S06_M06B.PAC.288.pac.64.lzss" size="4240" tableOffset="64" uncompressedSize="33312" /></pac><pac dataOffset="165344" fileName="S06_M06B.PAC.296.pac" size="13704" tableOffset="296"><lzss dataOffset="128" fileName="S06_M06B.PAC.296.pac.0.lzss" size="5905" tableOffset="0" uncompressedSize="12028" /><lzss dataOffset="6036" fileName="S06_M06B.PAC.296.pac.16.lzss" size="1165" tableOffset="16" uncompressedSize="2994" /><lzss dataOffset="7204" fileName="S06_M06B.PAC.296.pac.64.lzss" size="6497" tableOffset="64" uncompressedSize="33312" /></pac></source>