<source fileName="S06_M15B.PAC" size="164676" tableOffset="0"><lzss dataOffset="384" fileName="S06_M15B.PAC.40.lzss" size="4711" tableOffset="40" uncompressedSize="11120" /><lzss dataOffset="5096" fileName="S06_M15B.PAC.128.lzss" size="39361" tableOffset="128" uncompressedSize="75072" /><lzss dataOffset="44460" fileName="S06_M15B.PAC.136.lzss" size="34903" tableOffset="136" uncompressedSize="127216" /><lzss dataOffset="79364" fileName="S06_M15B.PAC.144.lzss" size="60" tableOffset="144" uncompressedSize="112" /><lzss dataOffset="79424" fileName="S06_M15B.PAC.152.lzss" size="208" tableOffset="152" uncompressedSize="492" /><lzss dataOffset="79632" fileName="S06_M15B.PAC.160.lzss" size="8650" tableOffset="160" uncompressedSize="33312" /><lzss dataOffset="88284" fileName="S06_M15B.PAC.168.lzss" size="7410" tableOffset="168" uncompressedSize="33312" /><lzss dataOffset="95696" fileName="S06_M15B.PAC.176.lzss" size="6794" tableOffset="176" uncompressedSize="33312" /><lzss dataOffset="102492" fileName="S06_M15B.PAC.184.lzss" size="7253" tableOffset="184" uncompressedSize="33312" /><lzss dataOffset="109748" fileName="S06_M15B.PAC.192.lzss" size="6576" tableOffset="192" uncompressedSize="66080" /><lzss dataOffset="116324" fileName="S06_M15B.PAC.200.lzss" size="577" tableOffset="200" uncompressedSize="2652" /><lzss dataOffset="116904" fileName="S06_M15B.PAC.224.lzss" size="1285" tableOffset="224" uncompressedSize="4140" /><lzss dataOffset="118192" fileName="S06_M15B.PAC.232.lzss" size="975" tableOffset="232" uncompressedSize="2304" /><pac dataOffset="119168" fileName="S06_M15B.PAC.256.pac" size="11320" tableOffset="256"><lzss dataOffset="128" fileName="S06_M15B.PAC.256.pac.0.lzss" size="4310" tableOffset="0" uncompressedSize="9012" /><lzss dataOffset="4440" fileName="S06_M15B.PAC.256.pac.16.lzss" size="1609" tableOffset="16" uncompressedSize="5292" /><lzss dataOffset="6052" fileName="S06_M15B.PAC.256.pac.64.lzss" size="5266" tableOffset="64" uncompressedSize="33312" /></pac><pac dataOffset="130488" fileName="S06_M15B.PAC.264.pac" size="480" tableOffset="264"><lzss dataOffset="128" fileName="S06_M15B.PAC.264.pac.16.lzss" size="351" tableOffset="16" uncompressedSize="706" /></pac><pac dataOffset="130968" fileName="S06_M15B.PAC.272.pac" size="13252" tableOffset="272"><lzss dataOffset="128" fileName="S06_M15B.PAC.272.pac.0.lzss" size="4938" tableOffset="0" uncompressedSize="9624" /><lzss dataOffset="5068" fileName="S06_M15B.PAC.272.pac.16.lzss" size="1085" tableOffset="16" uncompressedSize="2482" /><lzss dataOffset="6156" fileName="S06_M15B.PAC.272.pac.64.lzss" size="7094" tableOffset="64" uncompressedSize="33312" /></pac><pac dataOffset="144220" fileName="S06_M15B.PAC.280.pac" size="20456" tableOffset="280"><lzss dataOffset="128" fileName="S06_M15B.PAC.280.pac.0.lzss" size="6887" tableOffset="0" uncompressedSize="13360" /><lzss dataOffset="7016" fileName="S06_M15B.PAC.280.pac.16.lzss" size="2671" tableOffset="16" uncompressedSize="6502" /><lzss dataOffset="9688" fileName="S06_M15B.PAC.280.pac.64.lzss" size="6525" tableOffset="64" uncompressedSize="33312" /><lzss dataOffset="16216" fileName="S06_M15B.PAC.280.pac.72.lzss" size="4237" tableOffset="72" uncompressedSize="33312" /></pac></source>