<source fileName="S06_M06C.PAC" size="208824" tableOffset="0"><lzss dataOffset="384" fileName="S06_M06C.PAC.0.lzss" size="15582" tableOffset="0" uncompressedSize="61984" /><lzss dataOffset="15968" fileName="S06_M06C.PAC.8.lzss" size="3353" tableOffset="8" uncompressedSize="33312" /><lzss dataOffset="19324" fileName="S06_M06C.PAC.16.lzss" size="8991" tableOffset="16" uncompressedSize="33312" /><lzss dataOffset="28316" fileName="S06_M06C.PAC.24.lzss" size="6217" tableOffset="24" uncompressedSize="33312" /><lzss dataOffset="34536" fileName="S06_M06C.PAC.40.lzss" size="4711" tableOffset="40" uncompressedSize="11120" /><lzss dataOffset="39248" fileName="S06_M06C.PAC.128.lzss" size="22990" tableOffset="128" uncompressedSize="67672" /><lzss dataOffset="62240" fileName="S06_M06C.PAC.136.lzss" size="42324" tableOffset="136" uncompressedSize="127552" /><lzss dataOffset="104564" fileName="S06_M06C.PAC.144.lzss" size="93" tableOffset="144" uncompressedSize="112" /><lzss dataOffset="104660" fileName="S06_M06C.PAC.152.lzss" size="216" tableOffset="152" uncompressedSize="380" /><lzss dataOffset="104876" fileName="S06_M06C.PAC.160.lzss" size="14709" tableOffset="160" uncompressedSize="33312" /><lzss dataOffset="119588" fileName="S06_M06C.PAC.168.lzss" size="9014" tableOffset="168" uncompressedSize="33312" /><lzss dataOffset="128604" fileName="S06_M06C.PAC.176.lzss" size="11299" tableOffset="176" uncompressedSize="33312" /><lzss dataOffset="139904" fileName="S06_M06C.PAC.184.lzss" size="8080" tableOffset="184" uncompressedSize="33312" /><lzss dataOffset="147984" fileName="S06_M06C.PAC.192.lzss" size="5755" tableOffset="192" uncompressedSize="66080" /><lzss dataOffset="153740" fileName="S06_M06C.PAC.200.lzss" size="577" tableOffset="200" uncompressedSize="2652" /><lzss dataOffset="154320" fileName="S06_M06C.PAC.224.lzss" size="1724" tableOffset="224" uncompressedSize="4934" /><lzss dataOffset="156044" fileName="S06_M06C.PAC.232.lzss" size="1099" tableOffset="232" uncompressedSize="2564" /><pac dataOffset="157144" fileName="S06_M06C.PAC.256.pac" size="23100" tableOffset="256"><lzss dataOffset="128" fileName="S06_M06C.PAC.256.pac.0.lzss" size="5345" tableOffset="0" uncompressedSize="9744" /><lzss dataOffset="5476" fileName="S06_M06C.PAC.256.pac.16.lzss" size="309" tableOffset="16" uncompressedSize="1254" /><lzss dataOffset="5788" fileName="S06_M06C.PAC.256.pac.64.lzss" size="6011" tableOffset="64" uncompressedSize="33312" /><lzss dataOffset="11800" fileName="S06_M06C.PAC.256.pac.72.lzss" size="11300" tableOffset="72" uncompressedSize="33312" /></pac><pac dataOffset="180244" fileName="S06_M06C.PAC.264.pac" size="480" tableOffset="264"><lzss dataOffset="128" fileName="S06_M06C.PAC.264.pac.16.lzss" size="351" tableOffset="16" uncompressedSize="706" /></pac><pac dataOffset="180724" fileName="S06_M06C.PAC.272.pac" size="7644" tableOffset="272"><lzss dataOffset="128" fileName="S06_M06C.PAC.272.pac.0.lzss" size="2897" tableOffset="0" uncompressedSize="5564" /><lzss dataOffset="3028" fileName="S06_M06C.PAC.272.pac.16.lzss" size="375" tableOffset="16" uncompressedSize="940" /><lzss dataOffset="3404" fileName="S06_M06C.PAC.272.pac.64.lzss" size="4240" tableOffset="64" uncompressedSize="33312" /></pac><pac dataOffset="188368" fileName="S06_M06C.PAC.280.pac" size="20456" tableOffset="280"><lzss dataOffset="128" fileName="S06_M06C.PAC.280.pac.0.lzss" size="6887" tableOffset="0" uncompressedSize="13360" /><lzss dataOffset="7016" fileName="S06_M06C.PAC.280.pac.16.lzss" size="2671" tableOffset="16" uncompressedSize="6502" /><lzss dataOffset="9688" fileName="S06_M06C.PAC.280.pac.64.lzss" size="6525" tableOffset="64" uncompressedSize="33312" /><lzss dataOffset="16216" fileName="S06_M06C.PAC.280.pac.72.lzss" size="4237" tableOffset="72" uncompressedSize="33312" /></pac></source>