<source fileName="S06_M00D.PAC" size="117064" tableOffset="0"><lzss dataOffset="384" fileName="S06_M00D.PAC.0.lzss" size="8991" tableOffset="0" uncompressedSize="33312" /><lzss dataOffset="9376" fileName="S06_M00D.PAC.40.lzss" size="4711" tableOffset="40" uncompressedSize="11120" /><lzss dataOffset="14088" fileName="S06_M00D.PAC.128.lzss" size="23033" tableOffset="128" uncompressedSize="52680" /><lzss dataOffset="37124" fileName="S06_M00D.PAC.136.lzss" size="36338" tableOffset="136" uncompressedSize="127288" /><lzss dataOffset="73464" fileName="S06_M00D.PAC.144.lzss" size="67" tableOffset="144" uncompressedSize="144" /><lzss dataOffset="73532" fileName="S06_M00D.PAC.152.lzss" size="260" tableOffset="152" uncompressedSize="544" /><lzss dataOffset="73792" fileName="S06_M00D.PAC.160.lzss" size="5536" tableOffset="160" uncompressedSize="33312" /><lzss dataOffset="79328" fileName="S06_M00D.PAC.168.lzss" size="4209" tableOffset="168" uncompressedSize="33312" /><lzss dataOffset="83540" fileName="S06_M00D.PAC.200.lzss" size="577" tableOffset="200" uncompressedSize="2652" /><lzss dataOffset="84120" fileName="S06_M00D.PAC.224.lzss" size="2581" tableOffset="224" uncompressedSize="8678" /><lzss dataOffset="86704" fileName="S06_M00D.PAC.232.lzss" size="1448" tableOffset="232" uncompressedSize="3176" /><pac dataOffset="88152" fileName="S06_M00D.PAC.256.pac" size="11320" tableOffset="256"><lzss dataOffset="128" fileName="S06_M00D.PAC.256.pac.0.lzss" size="4310" tableOffset="0" uncompressedSize="9012" /><lzss dataOffset="4440" fileName="S06_M00D.PAC.256.pac.16.lzss" size="1609" tableOffset="16" uncompressedSize="5292" /><lzss dataOffset="6052" fileName="S06_M00D.PAC.256.pac.64.lzss" size="5266" tableOffset="64" uncompressedSize="33312" /></pac><pac dataOffset="99472" fileName="S06_M00D.PAC.264.pac" size="480" tableOffset="264"><lzss dataOffset="128" fileName="S06_M00D.PAC.264.pac.16.lzss" size="351" tableOffset="16" uncompressedSize="706" /></pac><pac dataOffset="99952" fileName="S06_M00D.PAC.272.pac" size="11244" tableOffset="272"><lzss dataOffset="128" fileName="S06_M00D.PAC.272.pac.0.lzss" size="1659" tableOffset="0" uncompressedSize="3544" /><lzss dataOffset="1788" fileName="S06_M00D.PAC.272.pac.16.lzss" size="145" tableOffset="16" uncompressedSize="224" /><lzss dataOffset="1936" fileName="S06_M00D.PAC.272.pac.64.lzss" size="9307" tableOffset="64" uncompressedSize="33312" /></pac><pac dataOffset="111196" fileName="S06_M00D.PAC.280.pac" size="1748" tableOffset="280"><lzss dataOffset="128" fileName="S06_M00D.PAC.280.pac.0.lzss" size="1457" tableOffset="0" uncompressedSize="2656" /><lzss dataOffset="1588" fileName="S06_M00D.PAC.280.pac.16.lzss" size="158" tableOffset="16" uncompressedSize="244" /><textureSymbol dataOffset="0" size="4294967295" tableOffset="64" /></pac><pac dataOffset="112944" fileName="S06_M00D.PAC.288.pac" size="3156" tableOffset="288"><lzss dataOffset="128" fileName="S06_M00D.PAC.288.pac.0.lzss" size="2883" tableOffset="0" uncompressedSize="5496" /><lzss dataOffset="3012" fileName="S06_M00D.PAC.288.pac.16.lzss" size="143" tableOffset="16" uncompressedSize="228" /><textureSymbol dataOffset="0" size="4294967295" tableOffset="64" /></pac><pac dataOffset="116100" fileName="S06_M00D.PAC.296.pac" size="964" tableOffset="296"><lzss dataOffset="128" fileName="S06_M00D.PAC.296.pac.0.lzss" size="663" tableOffset="0" uncompressedSize="1232" /><lzss dataOffset="792" fileName="S06_M00D.PAC.296.pac.16.lzss" size="170" tableOffset="16" uncompressedSize="300" /><textureSymbol dataOffset="0" size="4294967295" tableOffset="64" /></pac></source>