<source fileName="S06_M15A.PAC" size="125016" tableOffset="0"><lzss dataOffset="392" fileName="S06_M15A.PAC.40.lzss" size="4711" tableOffset="40" uncompressedSize="11120" /><lzss dataOffset="5104" fileName="S06_M15A.PAC.128.lzss" size="34102" tableOffset="128" uncompressedSize="72572" /><lzss dataOffset="39208" fileName="S06_M15A.PAC.136.lzss" size="35261" tableOffset="136" uncompressedSize="127140" /><lzss dataOffset="74472" fileName="S06_M15A.PAC.144.lzss" size="60" tableOffset="144" uncompressedSize="112" /><lzss dataOffset="74532" fileName="S06_M15A.PAC.152.lzss" size="251" tableOffset="152" uncompressedSize="764" /><lzss dataOffset="74784" fileName="S06_M15A.PAC.160.lzss" size="12714" tableOffset="160" uncompressedSize="33312" /><lzss dataOffset="87500" fileName="S06_M15A.PAC.168.lzss" size="10326" tableOffset="168" uncompressedSize="33312" /><lzss dataOffset="97828" fileName="S06_M15A.PAC.176.lzss" size="6230" tableOffset="176" uncompressedSize="33312" /><lzss dataOffset="104060" fileName="S06_M15A.PAC.192.lzss" size="6576" tableOffset="192" uncompressedSize="66080" /><lzss dataOffset="110636" fileName="S06_M15A.PAC.200.lzss" size="577" tableOffset="200" uncompressedSize="2652" /><lzss dataOffset="111216" fileName="S06_M15A.PAC.224.lzss" size="1125" tableOffset="224" uncompressedSize="3366" /><lzss dataOffset="112344" fileName="S06_M15A.PAC.232.lzss" size="869" tableOffset="232" uncompressedSize="2136" /><pac dataOffset="113216" fileName="S06_M15A.PAC.256.pac" size="11320" tableOffset="256"><lzss dataOffset="128" fileName="S06_M15A.PAC.256.pac.0.lzss" size="4310" tableOffset="0" uncompressedSize="9012" /><lzss dataOffset="4440" fileName="S06_M15A.PAC.256.pac.16.lzss" size="1609" tableOffset="16" uncompressedSize="5292" /><lzss dataOffset="6052" fileName="S06_M15A.PAC.256.pac.64.lzss" size="5266" tableOffset="64" uncompressedSize="33312" /></pac><pac dataOffset="124536" fileName="S06_M15A.PAC.264.pac" size="480" tableOffset="264"><lzss dataOffset="128" fileName="S06_M15A.PAC.264.pac.16.lzss" size="351" tableOffset="16" uncompressedSize="706" /></pac></source>