<source fileName="S06_M02A.PAC" size="138768" tableOffset="0"><lzss dataOffset="384" fileName="S06_M02A.PAC.40.lzss" size="4711" tableOffset="40" uncompressedSize="11120" /><lzss dataOffset="5096" fileName="S06_M02A.PAC.128.lzss" size="24610" tableOffset="128" uncompressedSize="62160" /><lzss dataOffset="29708" fileName="S06_M02A.PAC.136.lzss" size="22606" tableOffset="136" uncompressedSize="72376" /><lzss dataOffset="52316" fileName="S06_M02A.PAC.144.lzss" size="61" tableOffset="144" uncompressedSize="84" /><lzss dataOffset="52380" fileName="S06_M02A.PAC.152.lzss" size="330" tableOffset="152" uncompressedSize="928" /><lzss dataOffset="52712" fileName="S06_M02A.PAC.160.lzss" size="17483" tableOffset="160" uncompressedSize="33312" /><lzss dataOffset="70196" fileName="S06_M02A.PAC.168.lzss" size="7949" tableOffset="168" uncompressedSize="33312" /><lzss dataOffset="78148" fileName="S06_M02A.PAC.176.lzss" size="4384" tableOffset="176" uncompressedSize="33312" /><lzss dataOffset="82532" fileName="S06_M02A.PAC.184.lzss" size="7173" tableOffset="184" uncompressedSize="33312" /><lzss dataOffset="89708" fileName="S06_M02A.PAC.192.lzss" size="6322" tableOffset="192" uncompressedSize="66080" /><lzss dataOffset="96032" fileName="S06_M02A.PAC.200.lzss" size="577" tableOffset="200" uncompressedSize="2652" /><lzss dataOffset="96612" fileName="S06_M02A.PAC.224.lzss" size="1589" tableOffset="224" uncompressedSize="5354" /><lzss dataOffset="98204" fileName="S06_M02A.PAC.232.lzss" size="1252" tableOffset="232" uncompressedSize="3008" /><pac dataOffset="99456" fileName="S06_M02A.PAC.256.pac" size="11320" tableOffset="256"><lzss dataOffset="128" fileName="S06_M02A.PAC.256.pac.0.lzss" size="4310" tableOffset="0" uncompressedSize="9012" /><lzss dataOffset="4440" fileName="S06_M02A.PAC.256.pac.16.lzss" size="1609" tableOffset="16" uncompressedSize="5292" /><lzss dataOffset="6052" fileName="S06_M02A.PAC.256.pac.64.lzss" size="5266" tableOffset="64" uncompressedSize="33312" /></pac><pac dataOffset="110776" fileName="S06_M02A.PAC.264.pac" size="480" tableOffset="264"><lzss dataOffset="128" fileName="S06_M02A.PAC.264.pac.16.lzss" size="351" tableOffset="16" uncompressedSize="706" /></pac><pac dataOffset="111256" fileName="S06_M02A.PAC.272.pac" size="13808" tableOffset="272"><lzss dataOffset="128" fileName="S06_M02A.PAC.272.pac.0.lzss" size="5106" tableOffset="0" uncompressedSize="9916" /><lzss dataOffset="5236" fileName="S06_M02A.PAC.272.pac.16.lzss" size="2706" tableOffset="16" uncompressedSize="5782" /><lzss dataOffset="7944" fileName="S06_M02A.PAC.272.pac.64.lzss" size="5862" tableOffset="64" uncompressedSize="33312" /></pac><pac dataOffset="125064" fileName="S06_M02A.PAC.280.pac" size="13704" tableOffset="280"><lzss dataOffset="128" fileName="S06_M02A.PAC.280.pac.0.lzss" size="5905" tableOffset="0" uncompressedSize="12028" /><lzss dataOffset="6036" fileName="S06_M02A.PAC.280.pac.16.lzss" size="1165" tableOffset="16" uncompressedSize="2994" /><lzss dataOffset="7204" fileName="S06_M02A.PAC.280.pac.64.lzss" size="6497" tableOffset="64" uncompressedSize="33312" /></pac></source>