<source fileName="S06_M10A.PAC" size="188296" tableOffset="0"><lzss dataOffset="384" fileName="S06_M10A.PAC.40.lzss" size="4711" tableOffset="40" uncompressedSize="11120" /><lzss dataOffset="5096" fileName="S06_M10A.PAC.128.lzss" size="40000" tableOffset="128" uncompressedSize="82812" /><lzss dataOffset="45096" fileName="S06_M10A.PAC.136.lzss" size="37470" tableOffset="136" uncompressedSize="127048" /><lzss dataOffset="82568" fileName="S06_M10A.PAC.144.lzss" size="70" tableOffset="144" uncompressedSize="144" /><lzss dataOffset="82640" fileName="S06_M10A.PAC.152.lzss" size="412" tableOffset="152" uncompressedSize="1888" /><lzss dataOffset="83052" fileName="S06_M10A.PAC.160.lzss" size="9327" tableOffset="160" uncompressedSize="33312" /><lzss dataOffset="92380" fileName="S06_M10A.PAC.168.lzss" size="13757" tableOffset="168" uncompressedSize="33312" /><lzss dataOffset="106140" fileName="S06_M10A.PAC.176.lzss" size="7481" tableOffset="176" uncompressedSize="33312" /><lzss dataOffset="113624" fileName="S06_M10A.PAC.184.lzss" size="8902" tableOffset="184" uncompressedSize="33312" /><lzss dataOffset="122528" fileName="S06_M10A.PAC.192.lzss" size="8564" tableOffset="192" uncompressedSize="66080" /><lzss dataOffset="131092" fileName="S06_M10A.PAC.200.lzss" size="577" tableOffset="200" uncompressedSize="2652" /><lzss dataOffset="131672" fileName="S06_M10A.PAC.224.lzss" size="2683" tableOffset="224" uncompressedSize="11330" /><lzss dataOffset="134356" fileName="S06_M10A.PAC.232.lzss" size="2476" tableOffset="232" uncompressedSize="6204" /><pac dataOffset="136832" fileName="S06_M10A.PAC.256.pac" size="11320" tableOffset="256"><lzss dataOffset="128" fileName="S06_M10A.PAC.256.pac.0.lzss" size="4310" tableOffset="0" uncompressedSize="9012" /><lzss dataOffset="4440" fileName="S06_M10A.PAC.256.pac.16.lzss" size="1609" tableOffset="16" uncompressedSize="5292" /><lzss dataOffset="6052" fileName="S06_M10A.PAC.256.pac.64.lzss" size="5266" tableOffset="64" uncompressedSize="33312" /></pac><pac dataOffset="148152" fileName="S06_M10A.PAC.264.pac" size="480" tableOffset="264"><lzss dataOffset="128" fileName="S06_M10A.PAC.264.pac.16.lzss" size="351" tableOffset="16" uncompressedSize="706" /></pac><pac dataOffset="148632" fileName="S06_M10A.PAC.272.pac" size="7720" tableOffset="272"><lzss dataOffset="128" fileName="S06_M10A.PAC.272.pac.0.lzss" size="3873" tableOffset="0" uncompressedSize="7824" /><lzss dataOffset="4004" fileName="S06_M10A.PAC.272.pac.16.lzss" size="1078" tableOffset="16" uncompressedSize="2842" /><lzss dataOffset="5084" fileName="S06_M10A.PAC.272.pac.64.lzss" size="2636" tableOffset="64" uncompressedSize="33312" /></pac><pac dataOffset="156352" fileName="S06_M10A.PAC.280.pac" size="8108" tableOffset="280"><lzss dataOffset="128" fileName="S06_M10A.PAC.280.pac.0.lzss" size="3815" tableOffset="0" uncompressedSize="7576" /><lzss dataOffset="3944" fileName="S06_M10A.PAC.280.pac.16.lzss" size="812" tableOffset="16" uncompressedSize="2082" /><lzss dataOffset="4756" fileName="S06_M10A.PAC.280.pac.64.lzss" size="3352" tableOffset="64" uncompressedSize="33312" /></pac><pac dataOffset="164460" fileName="S06_M10A.PAC.288.pac" size="10132" tableOffset="288"><lzss dataOffset="128" fileName="S06_M10A.PAC.288.pac.0.lzss" size="4406" tableOffset="0" uncompressedSize="8192" /><lzss dataOffset="4536" fileName="S06_M10A.PAC.288.pac.16.lzss" size="598" tableOffset="16" uncompressedSize="1158" /><lzss dataOffset="5136" fileName="S06_M10A.PAC.288.pac.64.lzss" size="4993" tableOffset="64" uncompressedSize="33312" /></pac><pac dataOffset="174592" fileName="S06_M10A.PAC.296.pac" size="13704" tableOffset="296"><lzss dataOffset="128" fileName="S06_M10A.PAC.296.pac.0.lzss" size="5905" tableOffset="0" uncompressedSize="12028" /><lzss dataOffset="6036" fileName="S06_M10A.PAC.296.pac.16.lzss" size="1165" tableOffset="16" uncompressedSize="2994" /><lzss dataOffset="7204" fileName="S06_M10A.PAC.296.pac.64.lzss" size="6497" tableOffset="64" uncompressedSize="33312" /></pac></source>