<source fileName="S06_M00A.PAC" size="229860" tableOffset="0"><lzss dataOffset="384" fileName="S06_M00A.PAC.0.lzss" size="8991" tableOffset="0" uncompressedSize="33312" /><lzss dataOffset="9376" fileName="S06_M00A.PAC.40.lzss" size="4711" tableOffset="40" uncompressedSize="11120" /><lzss dataOffset="14088" fileName="S06_M00A.PAC.128.lzss" size="31887" tableOffset="128" uncompressedSize="56876" /><lzss dataOffset="45976" fileName="S06_M00A.PAC.136.lzss" size="38947" tableOffset="136" uncompressedSize="128596" /><lzss dataOffset="84924" fileName="S06_M00A.PAC.144.lzss" size="118" tableOffset="144" uncompressedSize="192" /><lzss dataOffset="85044" fileName="S06_M00A.PAC.152.lzss" size="647" tableOffset="152" uncompressedSize="2388" /><lzss dataOffset="85692" fileName="S06_M00A.PAC.160.lzss" size="18028" tableOffset="160" uncompressedSize="33312" /><lzss dataOffset="103720" fileName="S06_M00A.PAC.168.lzss" size="8869" tableOffset="168" uncompressedSize="33312" /><lzss dataOffset="112592" fileName="S06_M00A.PAC.176.lzss" size="8205" tableOffset="176" uncompressedSize="33312" /><lzss dataOffset="120800" fileName="S06_M00A.PAC.184.lzss" size="8455" tableOffset="184" uncompressedSize="33312" /><lzss dataOffset="129256" fileName="S06_M00A.PAC.192.lzss" size="6322" tableOffset="192" uncompressedSize="66080" /><lzss dataOffset="135580" fileName="S06_M00A.PAC.200.lzss" size="577" tableOffset="200" uncompressedSize="2652" /><lzss dataOffset="136160" fileName="S06_M00A.PAC.224.lzss" size="3898" tableOffset="224" uncompressedSize="16930" /><lzss dataOffset="140060" fileName="S06_M00A.PAC.232.lzss" size="4547" tableOffset="232" uncompressedSize="10744" /><pac dataOffset="144608" fileName="S06_M00A.PAC.256.pac" size="11320" tableOffset="256"><lzss dataOffset="128" fileName="S06_M00A.PAC.256.pac.0.lzss" size="4310" tableOffset="0" uncompressedSize="9012" /><lzss dataOffset="4440" fileName="S06_M00A.PAC.256.pac.16.lzss" size="1609" tableOffset="16" uncompressedSize="5292" /><lzss dataOffset="6052" fileName="S06_M00A.PAC.256.pac.64.lzss" size="5266" tableOffset="64" uncompressedSize="33312" /></pac><pac dataOffset="155928" fileName="S06_M00A.PAC.264.pac" size="480" tableOffset="264"><lzss dataOffset="128" fileName="S06_M00A.PAC.264.pac.16.lzss" size="351" tableOffset="16" uncompressedSize="706" /></pac><pac dataOffset="156408" fileName="S06_M00A.PAC.272.pac" size="8628" tableOffset="272"><lzss dataOffset="128" fileName="S06_M00A.PAC.272.pac.0.lzss" size="2382" tableOffset="0" uncompressedSize="4792" /><lzss dataOffset="2512" fileName="S06_M00A.PAC.272.pac.16.lzss" size="690" tableOffset="16" uncompressedSize="1266" /><lzss dataOffset="3204" fileName="S06_M00A.PAC.272.pac.64.lzss" size="5422" tableOffset="64" uncompressedSize="33312" /></pac><pac dataOffset="165036" fileName="S06_M00A.PAC.280.pac" size="13540" tableOffset="280"><lzss dataOffset="128" fileName="S06_M00A.PAC.280.pac.0.lzss" size="5317" tableOffset="0" uncompressedSize="10004" /><lzss dataOffset="5448" fileName="S06_M00A.PAC.280.pac.16.lzss" size="1477" tableOffset="16" uncompressedSize="2958" /><lzss dataOffset="6928" fileName="S06_M00A.PAC.280.pac.64.lzss" size="6610" tableOffset="64" uncompressedSize="33312" /></pac><pac dataOffset="178576" fileName="S06_M00A.PAC.288.pac" size="14816" tableOffset="288"><lzss dataOffset="128" fileName="S06_M00A.PAC.288.pac.0.lzss" size="5030" tableOffset="0" uncompressedSize="9396" /><lzss dataOffset="5160" fileName="S06_M00A.PAC.288.pac.16.lzss" size="3164" tableOffset="16" uncompressedSize="8246" /><lzss dataOffset="8324" fileName="S06_M00A.PAC.288.pac.64.lzss" size="6491" tableOffset="64" uncompressedSize="33312" /></pac><pac dataOffset="193392" fileName="S06_M00A.PAC.296.pac" size="10736" tableOffset="296"><lzss dataOffset="128" fileName="S06_M00A.PAC.296.pac.0.lzss" size="4611" tableOffset="0" uncompressedSize="11860" /><lzss dataOffset="4740" fileName="S06_M00A.PAC.296.pac.16.lzss" size="833" tableOffset="16" uncompressedSize="1726" /><lzss dataOffset="5576" fileName="S06_M00A.PAC.296.pac.64.lzss" size="5157" tableOffset="64" uncompressedSize="33312" /></pac><pac dataOffset="204128" fileName="S06_M00A.PAC.304.pac" size="13704" tableOffset="304"><lzss dataOffset="128" fileName="S06_M00A.PAC.304.pac.0.lzss" size="5905" tableOffset="0" uncompressedSize="12028" /><lzss dataOffset="6036" fileName="S06_M00A.PAC.304.pac.16.lzss" size="1165" tableOffset="16" uncompressedSize="2994" /><lzss dataOffset="7204" fileName="S06_M00A.PAC.304.pac.64.lzss" size="6497" tableOffset="64" uncompressedSize="33312" /></pac><pac dataOffset="217832" fileName="S06_M00A.PAC.312.pac" size="12028" tableOffset="312"><lzss dataOffset="128" fileName="S06_M00A.PAC.312.pac.0.lzss" size="5358" tableOffset="0" uncompressedSize="11096" /><lzss dataOffset="5488" fileName="S06_M00A.PAC.312.pac.16.lzss" size="695" tableOffset="16" uncompressedSize="1458" /><lzss dataOffset="6184" fileName="S06_M00A.PAC.312.pac.64.lzss" size="5842" tableOffset="64" uncompressedSize="33312" /></pac></source>