<source fileName="S07_M00B.PAC" size="131628" tableOffset="0"><lzss dataOffset="384" fileName="S07_M00B.PAC.40.lzss" size="4711" tableOffset="40" uncompressedSize="11120" /><lzss dataOffset="5096" fileName="S07_M00B.PAC.128.lzss" size="21333" tableOffset="128" uncompressedSize="41496" /><lzss dataOffset="26432" fileName="S07_M00B.PAC.136.lzss" size="36127" tableOffset="136" uncompressedSize="127604" /><lzss dataOffset="62560" fileName="S07_M00B.PAC.144.lzss" size="92" tableOffset="144" uncompressedSize="112" /><lzss dataOffset="62652" fileName="S07_M00B.PAC.152.lzss" size="337" tableOffset="152" uncompressedSize="1104" /><lzss dataOffset="62992" fileName="S07_M00B.PAC.160.lzss" size="8293" tableOffset="160" uncompressedSize="33312" /><lzss dataOffset="71288" fileName="S07_M00B.PAC.168.lzss" size="5571" tableOffset="168" uncompressedSize="33312" /><lzss dataOffset="76860" fileName="S07_M00B.PAC.200.lzss" size="577" tableOffset="200" uncompressedSize="2652" /><lzss dataOffset="77440" fileName="S07_M00B.PAC.224.lzss" size="1877" tableOffset="224" uncompressedSize="6642" /><lzss dataOffset="79320" fileName="S07_M00B.PAC.232.lzss" size="1415" tableOffset="232" uncompressedSize="3236" /><pac dataOffset="80736" fileName="S07_M00B.PAC.256.pac" size="11320" tableOffset="256"><lzss dataOffset="128" fileName="S07_M00B.PAC.256.pac.0.lzss" size="4310" tableOffset="0" uncompressedSize="9012" /><lzss dataOffset="4440" fileName="S07_M00B.PAC.256.pac.16.lzss" size="1609" tableOffset="16" uncompressedSize="5292" /><lzss dataOffset="6052" fileName="S07_M00B.PAC.256.pac.64.lzss" size="5266" tableOffset="64" uncompressedSize="33312" /></pac><pac dataOffset="92056" fileName="S07_M00B.PAC.264.pac" size="480" tableOffset="264"><lzss dataOffset="128" fileName="S07_M00B.PAC.264.pac.16.lzss" size="351" tableOffset="16" uncompressedSize="706" /></pac><pac dataOffset="92536" fileName="S07_M00B.PAC.272.pac" size="14816" tableOffset="272"><lzss dataOffset="128" fileName="S07_M00B.PAC.272.pac.0.lzss" size="5030" tableOffset="0" uncompressedSize="9396" /><lzss dataOffset="5160" fileName="S07_M00B.PAC.272.pac.16.lzss" size="3164" tableOffset="16" uncompressedSize="8246" /><lzss dataOffset="8324" fileName="S07_M00B.PAC.272.pac.64.lzss" size="6491" tableOffset="64" uncompressedSize="33312" /></pac><pac dataOffset="107352" fileName="S07_M00B.PAC.280.pac" size="13540" tableOffset="280"><lzss dataOffset="128" fileName="S07_M00B.PAC.280.pac.0.lzss" size="5317" tableOffset="0" uncompressedSize="10004" /><lzss dataOffset="5448" fileName="S07_M00B.PAC.280.pac.16.lzss" size="1477" tableOffset="16" uncompressedSize="2958" /><lzss dataOffset="6928" fileName="S07_M00B.PAC.280.pac.64.lzss" size="6610" tableOffset="64" uncompressedSize="33312" /></pac><pac dataOffset="120892" fileName="S07_M00B.PAC.288.pac" size="10736" tableOffset="288"><lzss dataOffset="128" fileName="S07_M00B.PAC.288.pac.0.lzss" size="4611" tableOffset="0" uncompressedSize="11860" /><lzss dataOffset="4740" fileName="S07_M00B.PAC.288.pac.16.lzss" size="833" tableOffset="16" uncompressedSize="1726" /><lzss dataOffset="5576" fileName="S07_M00B.PAC.288.pac.64.lzss" size="5157" tableOffset="64" uncompressedSize="33312" /></pac></source>