<source fileName="S07_M26A.PAC" size="84232" tableOffset="0"><lzss dataOffset="384" fileName="S07_M26A.PAC.40.lzss" size="4711" tableOffset="40" uncompressedSize="11120" /><lzss dataOffset="5096" fileName="S07_M26A.PAC.128.lzss" size="21" tableOffset="128" uncompressedSize="40" /><lzss dataOffset="5120" fileName="S07_M26A.PAC.136.lzss" size="34521" tableOffset="136" uncompressedSize="126996" /><lzss dataOffset="39644" fileName="S07_M26A.PAC.144.lzss" size="29" tableOffset="144" uncompressedSize="112" /><lzss dataOffset="39676" fileName="S07_M26A.PAC.152.lzss" size="159" tableOffset="152" uncompressedSize="388" /><lzss dataOffset="39836" fileName="S07_M26A.PAC.192.lzss" size="13589" tableOffset="192" uncompressedSize="66080" /><lzss dataOffset="53428" fileName="S07_M26A.PAC.200.lzss" size="577" tableOffset="200" uncompressedSize="2652" /><lzss dataOffset="54008" fileName="S07_M26A.PAC.224.lzss" size="900" tableOffset="224" uncompressedSize="2496" /><lzss dataOffset="54908" fileName="S07_M26A.PAC.232.lzss" size="2047" tableOffset="232" uncompressedSize="4336" /><pac dataOffset="56956" fileName="S07_M26A.PAC.256.pac" size="11320" tableOffset="256"><lzss dataOffset="128" fileName="S07_M26A.PAC.256.pac.0.lzss" size="4310" tableOffset="0" uncompressedSize="9012" /><lzss dataOffset="4440" fileName="S07_M26A.PAC.256.pac.16.lzss" size="1609" tableOffset="16" uncompressedSize="5292" /><lzss dataOffset="6052" fileName="S07_M26A.PAC.256.pac.64.lzss" size="5266" tableOffset="64" uncompressedSize="33312" /></pac><pac dataOffset="68276" fileName="S07_M26A.PAC.264.pac" size="480" tableOffset="264"><lzss dataOffset="128" fileName="S07_M26A.PAC.264.pac.16.lzss" size="351" tableOffset="16" uncompressedSize="706" /></pac><pac dataOffset="68756" fileName="S07_M26A.PAC.272.pac" size="15476" tableOffset="272"><lzss dataOffset="128" fileName="S07_M26A.PAC.272.pac.0.lzss" size="6590" tableOffset="0" uncompressedSize="12328" /><lzss dataOffset="6720" fileName="S07_M26A.PAC.272.pac.16.lzss" size="596" tableOffset="16" uncompressedSize="1354" /><lzss dataOffset="7316" fileName="S07_M26A.PAC.272.pac.64.lzss" size="8160" tableOffset="64" uncompressedSize="33312" /></pac></source>