<source fileName="S07_M15A.PAC" size="124664" tableOffset="0"><lzss dataOffset="384" fileName="S07_M15A.PAC.40.lzss" size="4711" tableOffset="40" uncompressedSize="11120" /><lzss dataOffset="5096" fileName="S07_M15A.PAC.128.lzss" size="34102" tableOffset="128" uncompressedSize="72572" /><lzss dataOffset="39200" fileName="S07_M15A.PAC.136.lzss" size="35261" tableOffset="136" uncompressedSize="127140" /><lzss dataOffset="74464" fileName="S07_M15A.PAC.144.lzss" size="60" tableOffset="144" uncompressedSize="112" /><lzss dataOffset="74524" fileName="S07_M15A.PAC.152.lzss" size="185" tableOffset="152" uncompressedSize="376" /><lzss dataOffset="74712" fileName="S07_M15A.PAC.160.lzss" size="12714" tableOffset="160" uncompressedSize="33312" /><lzss dataOffset="87428" fileName="S07_M15A.PAC.168.lzss" size="10326" tableOffset="168" uncompressedSize="33312" /><lzss dataOffset="97756" fileName="S07_M15A.PAC.176.lzss" size="6230" tableOffset="176" uncompressedSize="33312" /><lzss dataOffset="103988" fileName="S07_M15A.PAC.192.lzss" size="6576" tableOffset="192" uncompressedSize="66080" /><lzss dataOffset="110564" fileName="S07_M15A.PAC.200.lzss" size="577" tableOffset="200" uncompressedSize="2652" /><lzss dataOffset="111144" fileName="S07_M15A.PAC.224.lzss" size="1050" tableOffset="224" uncompressedSize="3102" /><lzss dataOffset="112196" fileName="S07_M15A.PAC.232.lzss" size="668" tableOffset="232" uncompressedSize="1840" /><pac dataOffset="112864" fileName="S07_M15A.PAC.256.pac" size="11320" tableOffset="256"><lzss dataOffset="128" fileName="S07_M15A.PAC.256.pac.0.lzss" size="4310" tableOffset="0" uncompressedSize="9012" /><lzss dataOffset="4440" fileName="S07_M15A.PAC.256.pac.16.lzss" size="1609" tableOffset="16" uncompressedSize="5292" /><lzss dataOffset="6052" fileName="S07_M15A.PAC.256.pac.64.lzss" size="5266" tableOffset="64" uncompressedSize="33312" /></pac><pac dataOffset="124184" fileName="S07_M15A.PAC.264.pac" size="480" tableOffset="264"><lzss dataOffset="128" fileName="S07_M15A.PAC.264.pac.16.lzss" size="351" tableOffset="16" uncompressedSize="706" /></pac></source>