<source fileName="S07_M00E.PAC" size="205580" tableOffset="0"><lzss dataOffset="384" fileName="S07_M00E.PAC.0.lzss" size="9643" tableOffset="0" uncompressedSize="33312" /><lzss dataOffset="10028" fileName="S07_M00E.PAC.40.lzss" size="4711" tableOffset="40" uncompressedSize="11120" /><lzss dataOffset="14740" fileName="S07_M00E.PAC.128.lzss" size="31887" tableOffset="128" uncompressedSize="56876" /><lzss dataOffset="46628" fileName="S07_M00E.PAC.136.lzss" size="38947" tableOffset="136" uncompressedSize="128596" /><lzss dataOffset="85576" fileName="S07_M00E.PAC.144.lzss" size="118" tableOffset="144" uncompressedSize="192" /><lzss dataOffset="85696" fileName="S07_M00E.PAC.152.lzss" size="672" tableOffset="152" uncompressedSize="2424" /><lzss dataOffset="86368" fileName="S07_M00E.PAC.160.lzss" size="18028" tableOffset="160" uncompressedSize="33312" /><lzss dataOffset="104396" fileName="S07_M00E.PAC.168.lzss" size="8869" tableOffset="168" uncompressedSize="33312" /><lzss dataOffset="113268" fileName="S07_M00E.PAC.176.lzss" size="8205" tableOffset="176" uncompressedSize="33312" /><lzss dataOffset="121476" fileName="S07_M00E.PAC.184.lzss" size="8455" tableOffset="184" uncompressedSize="33312" /><lzss dataOffset="129932" fileName="S07_M00E.PAC.192.lzss" size="6322" tableOffset="192" uncompressedSize="66080" /><lzss dataOffset="136256" fileName="S07_M00E.PAC.200.lzss" size="577" tableOffset="200" uncompressedSize="2652" /><lzss dataOffset="136836" fileName="S07_M00E.PAC.224.lzss" size="3374" tableOffset="224" uncompressedSize="13268" /><lzss dataOffset="140212" fileName="S07_M00E.PAC.232.lzss" size="3189" tableOffset="232" uncompressedSize="7140" /><pac dataOffset="143404" fileName="S07_M00E.PAC.256.pac" size="11320" tableOffset="256"><lzss dataOffset="128" fileName="S07_M00E.PAC.256.pac.0.lzss" size="4310" tableOffset="0" uncompressedSize="9012" /><lzss dataOffset="4440" fileName="S07_M00E.PAC.256.pac.16.lzss" size="1609" tableOffset="16" uncompressedSize="5292" /><lzss dataOffset="6052" fileName="S07_M00E.PAC.256.pac.64.lzss" size="5266" tableOffset="64" uncompressedSize="33312" /></pac><pac dataOffset="154724" fileName="S07_M00E.PAC.264.pac" size="480" tableOffset="264"><lzss dataOffset="128" fileName="S07_M00E.PAC.264.pac.16.lzss" size="351" tableOffset="16" uncompressedSize="706" /></pac><pac dataOffset="155204" fileName="S07_M00E.PAC.272.pac" size="8628" tableOffset="272"><lzss dataOffset="128" fileName="S07_M00E.PAC.272.pac.0.lzss" size="2382" tableOffset="0" uncompressedSize="4792" /><lzss dataOffset="2512" fileName="S07_M00E.PAC.272.pac.16.lzss" size="690" tableOffset="16" uncompressedSize="1266" /><lzss dataOffset="3204" fileName="S07_M00E.PAC.272.pac.64.lzss" size="5422" tableOffset="64" uncompressedSize="33312" /></pac><pac dataOffset="163832" fileName="S07_M00E.PAC.280.pac" size="14816" tableOffset="280"><lzss dataOffset="128" fileName="S07_M00E.PAC.280.pac.0.lzss" size="5030" tableOffset="0" uncompressedSize="9396" /><lzss dataOffset="5160" fileName="S07_M00E.PAC.280.pac.16.lzss" size="3164" tableOffset="16" uncompressedSize="8246" /><lzss dataOffset="8324" fileName="S07_M00E.PAC.280.pac.64.lzss" size="6491" tableOffset="64" uncompressedSize="33312" /></pac><pac dataOffset="178648" fileName="S07_M00E.PAC.288.pac" size="11104" tableOffset="288"><lzss dataOffset="128" fileName="S07_M00E.PAC.288.pac.0.lzss" size="5516" tableOffset="0" uncompressedSize="11804" /><lzss dataOffset="5644" fileName="S07_M00E.PAC.288.pac.16.lzss" size="327" tableOffset="16" uncompressedSize="650" /><lzss dataOffset="5972" fileName="S07_M00E.PAC.288.pac.64.lzss" size="5130" tableOffset="64" uncompressedSize="33312" /></pac><pac dataOffset="189752" fileName="S07_M00E.PAC.296.pac" size="7720" tableOffset="296"><lzss dataOffset="128" fileName="S07_M00E.PAC.296.pac.0.lzss" size="3873" tableOffset="0" uncompressedSize="7824" /><lzss dataOffset="4004" fileName="S07_M00E.PAC.296.pac.16.lzss" size="1078" tableOffset="16" uncompressedSize="2842" /><lzss dataOffset="5084" fileName="S07_M00E.PAC.296.pac.64.lzss" size="2636" tableOffset="64" uncompressedSize="33312" /></pac><pac dataOffset="197472" fileName="S07_M00E.PAC.304.pac" size="8108" tableOffset="304"><lzss dataOffset="128" fileName="S07_M00E.PAC.304.pac.0.lzss" size="3815" tableOffset="0" uncompressedSize="7576" /><lzss dataOffset="3944" fileName="S07_M00E.PAC.304.pac.16.lzss" size="812" tableOffset="16" uncompressedSize="2082" /><lzss dataOffset="4756" fileName="S07_M00E.PAC.304.pac.64.lzss" size="3352" tableOffset="64" uncompressedSize="33312" /></pac></source>