<source fileName="S07_M14A.PAC" size="181652" tableOffset="0"><lzss dataOffset="384" fileName="S07_M14A.PAC.40.lzss" size="4711" tableOffset="40" uncompressedSize="11120" /><lzss dataOffset="5096" fileName="S07_M14A.PAC.128.lzss" size="19975" tableOffset="128" uncompressedSize="56176" /><lzss dataOffset="25072" fileName="S07_M14A.PAC.136.lzss" size="36912" tableOffset="136" uncompressedSize="127324" /><lzss dataOffset="61984" fileName="S07_M14A.PAC.144.lzss" size="72" tableOffset="144" uncompressedSize="192" /><lzss dataOffset="62056" fileName="S07_M14A.PAC.152.lzss" size="426" tableOffset="152" uncompressedSize="1316" /><lzss dataOffset="62484" fileName="S07_M14A.PAC.160.lzss" size="18112" tableOffset="160" uncompressedSize="33312" /><lzss dataOffset="80596" fileName="S07_M14A.PAC.168.lzss" size="11588" tableOffset="168" uncompressedSize="33312" /><lzss dataOffset="92184" fileName="S07_M14A.PAC.192.lzss" size="6322" tableOffset="192" uncompressedSize="66080" /><lzss dataOffset="98508" fileName="S07_M14A.PAC.200.lzss" size="577" tableOffset="200" uncompressedSize="2652" /><lzss dataOffset="99088" fileName="S07_M14A.PAC.224.lzss" size="2165" tableOffset="224" uncompressedSize="7396" /><lzss dataOffset="101256" fileName="S07_M14A.PAC.232.lzss" size="2058" tableOffset="232" uncompressedSize="4356" /><pac dataOffset="103316" fileName="S07_M14A.PAC.256.pac" size="11320" tableOffset="256"><lzss dataOffset="128" fileName="S07_M14A.PAC.256.pac.0.lzss" size="4310" tableOffset="0" uncompressedSize="9012" /><lzss dataOffset="4440" fileName="S07_M14A.PAC.256.pac.16.lzss" size="1609" tableOffset="16" uncompressedSize="5292" /><lzss dataOffset="6052" fileName="S07_M14A.PAC.256.pac.64.lzss" size="5266" tableOffset="64" uncompressedSize="33312" /></pac><pac dataOffset="114636" fileName="S07_M14A.PAC.264.pac" size="480" tableOffset="264"><lzss dataOffset="128" fileName="S07_M14A.PAC.264.pac.16.lzss" size="351" tableOffset="16" uncompressedSize="706" /></pac><pac dataOffset="115116" fileName="S07_M14A.PAC.272.pac" size="10656" tableOffset="272"><lzss dataOffset="128" fileName="S07_M14A.PAC.272.pac.0.lzss" size="4484" tableOffset="0" uncompressedSize="8900" /><lzss dataOffset="4612" fileName="S07_M14A.PAC.272.pac.16.lzss" size="823" tableOffset="16" uncompressedSize="1978" /><lzss dataOffset="5436" fileName="S07_M14A.PAC.272.pac.64.lzss" size="5219" tableOffset="64" uncompressedSize="33312" /></pac><pac dataOffset="125772" fileName="S07_M14A.PAC.280.pac" size="9760" tableOffset="280"><lzss dataOffset="128" fileName="S07_M14A.PAC.280.pac.0.lzss" size="4461" tableOffset="0" uncompressedSize="10124" /><lzss dataOffset="4592" fileName="S07_M14A.PAC.280.pac.16.lzss" size="838" tableOffset="16" uncompressedSize="1614" /><lzss dataOffset="5432" fileName="S07_M14A.PAC.280.pac.64.lzss" size="4328" tableOffset="64" uncompressedSize="33312" /></pac><pac dataOffset="135532" fileName="S07_M14A.PAC.288.pac" size="14816" tableOffset="288"><lzss dataOffset="128" fileName="S07_M14A.PAC.288.pac.0.lzss" size="5030" tableOffset="0" uncompressedSize="9396" /><lzss dataOffset="5160" fileName="S07_M14A.PAC.288.pac.16.lzss" size="3164" tableOffset="16" uncompressedSize="8246" /><lzss dataOffset="8324" fileName="S07_M14A.PAC.288.pac.64.lzss" size="6491" tableOffset="64" uncompressedSize="33312" /></pac><pac dataOffset="150348" fileName="S07_M14A.PAC.296.pac" size="7720" tableOffset="296"><lzss dataOffset="128" fileName="S07_M14A.PAC.296.pac.0.lzss" size="3873" tableOffset="0" uncompressedSize="7824" /><lzss dataOffset="4004" fileName="S07_M14A.PAC.296.pac.16.lzss" size="1078" tableOffset="16" uncompressedSize="2842" /><lzss dataOffset="5084" fileName="S07_M14A.PAC.296.pac.64.lzss" size="2636" tableOffset="64" uncompressedSize="33312" /></pac><pac dataOffset="158068" fileName="S07_M14A.PAC.304.pac" size="8108" tableOffset="304"><lzss dataOffset="128" fileName="S07_M14A.PAC.304.pac.0.lzss" size="3815" tableOffset="0" uncompressedSize="7576" /><lzss dataOffset="3944" fileName="S07_M14A.PAC.304.pac.16.lzss" size="812" tableOffset="16" uncompressedSize="2082" /><lzss dataOffset="4756" fileName="S07_M14A.PAC.304.pac.64.lzss" size="3352" tableOffset="64" uncompressedSize="33312" /></pac><pac dataOffset="166176" fileName="S07_M14A.PAC.312.pac" size="15476" tableOffset="312"><lzss dataOffset="128" fileName="S07_M14A.PAC.312.pac.0.lzss" size="6590" tableOffset="0" uncompressedSize="12328" /><lzss dataOffset="6720" fileName="S07_M14A.PAC.312.pac.16.lzss" size="596" tableOffset="16" uncompressedSize="1354" /><lzss dataOffset="7316" fileName="S07_M14A.PAC.312.pac.64.lzss" size="8160" tableOffset="64" uncompressedSize="33312" /></pac></source>