<source fileName="S07_M16A.PAC" size="144408" tableOffset="0"><lzss dataOffset="384" fileName="S07_M16A.PAC.40.lzss" size="4711" tableOffset="40" uncompressedSize="11120" /><lzss dataOffset="5096" fileName="S07_M16A.PAC.128.lzss" size="16038" tableOffset="128" uncompressedSize="48368" /><lzss dataOffset="21136" fileName="S07_M16A.PAC.136.lzss" size="38706" tableOffset="136" uncompressedSize="128624" /><lzss dataOffset="59844" fileName="S07_M16A.PAC.144.lzss" size="92" tableOffset="144" uncompressedSize="112" /><lzss dataOffset="59936" fileName="S07_M16A.PAC.152.lzss" size="319" tableOffset="152" uncompressedSize="1296" /><lzss dataOffset="60256" fileName="S07_M16A.PAC.160.lzss" size="12811" tableOffset="160" uncompressedSize="33312" /><lzss dataOffset="73068" fileName="S07_M16A.PAC.192.lzss" size="6322" tableOffset="192" uncompressedSize="66080" /><lzss dataOffset="79392" fileName="S07_M16A.PAC.200.lzss" size="577" tableOffset="200" uncompressedSize="2652" /><lzss dataOffset="79972" fileName="S07_M16A.PAC.224.lzss" size="1075" tableOffset="224" uncompressedSize="3132" /><lzss dataOffset="81048" fileName="S07_M16A.PAC.232.lzss" size="1421" tableOffset="232" uncompressedSize="3264" /><pac dataOffset="82472" fileName="S07_M16A.PAC.256.pac" size="11320" tableOffset="256"><lzss dataOffset="128" fileName="S07_M16A.PAC.256.pac.0.lzss" size="4310" tableOffset="0" uncompressedSize="9012" /><lzss dataOffset="4440" fileName="S07_M16A.PAC.256.pac.16.lzss" size="1609" tableOffset="16" uncompressedSize="5292" /><lzss dataOffset="6052" fileName="S07_M16A.PAC.256.pac.64.lzss" size="5266" tableOffset="64" uncompressedSize="33312" /></pac><pac dataOffset="93792" fileName="S07_M16A.PAC.264.pac" size="480" tableOffset="264"><lzss dataOffset="128" fileName="S07_M16A.PAC.264.pac.16.lzss" size="351" tableOffset="16" uncompressedSize="706" /></pac><pac dataOffset="94272" fileName="S07_M16A.PAC.272.pac" size="35320" tableOffset="272"><lzss dataOffset="128" fileName="S07_M16A.PAC.272.pac.0.lzss" size="17945" tableOffset="0" uncompressedSize="33332" /><lzss dataOffset="18076" fileName="S07_M16A.PAC.272.pac.16.lzss" size="641" tableOffset="16" uncompressedSize="2046" /><lzss dataOffset="18720" fileName="S07_M16A.PAC.272.pac.64.lzss" size="4098" tableOffset="64" uncompressedSize="33312" /><lzss dataOffset="22820" fileName="S07_M16A.PAC.272.pac.72.lzss" size="6372" tableOffset="72" uncompressedSize="33312" /><lzss dataOffset="29192" fileName="S07_M16A.PAC.272.pac.80.lzss" size="6126" tableOffset="80" uncompressedSize="33312" /></pac><pac dataOffset="129592" fileName="S07_M16A.PAC.280.pac" size="14816" tableOffset="280"><lzss dataOffset="128" fileName="S07_M16A.PAC.280.pac.0.lzss" size="5030" tableOffset="0" uncompressedSize="9396" /><lzss dataOffset="5160" fileName="S07_M16A.PAC.280.pac.16.lzss" size="3164" tableOffset="16" uncompressedSize="8246" /><lzss dataOffset="8324" fileName="S07_M16A.PAC.280.pac.64.lzss" size="6491" tableOffset="64" uncompressedSize="33312" /></pac></source>