<source fileName="S07_C.PAC" size="171020" tableOffset="0"><lzss dataOffset="384" fileName="S07_C.PAC.0.lzss" size="9643" tableOffset="0" uncompressedSize="33312" /><lzss dataOffset="10028" fileName="S07_C.PAC.40.lzss" size="4711" tableOffset="40" uncompressedSize="11120" /><lzss dataOffset="14740" fileName="S07_C.PAC.128.lzss" size="27385" tableOffset="128" uncompressedSize="60876" /><lzss dataOffset="42128" fileName="S07_C.PAC.136.lzss" size="36024" tableOffset="136" uncompressedSize="128108" /><lzss dataOffset="78152" fileName="S07_C.PAC.144.lzss" size="93" tableOffset="144" uncompressedSize="112" /><lzss dataOffset="78248" fileName="S07_C.PAC.152.lzss" size="138" tableOffset="152" uncompressedSize="324" /><lzss dataOffset="78388" fileName="S07_C.PAC.160.lzss" size="8298" tableOffset="160" uncompressedSize="33312" /><lzss dataOffset="86688" fileName="S07_C.PAC.168.lzss" size="7818" tableOffset="168" uncompressedSize="33312" /><lzss dataOffset="94508" fileName="S07_C.PAC.176.lzss" size="8961" tableOffset="176" uncompressedSize="33312" /><lzss dataOffset="103472" fileName="S07_C.PAC.184.lzss" size="8045" tableOffset="184" uncompressedSize="33312" /><lzss dataOffset="111520" fileName="S07_C.PAC.224.lzss" size="1548" tableOffset="224" uncompressedSize="4398" /><lzss dataOffset="113068" fileName="S07_C.PAC.232.lzss" size="726" tableOffset="232" uncompressedSize="1112" /><pac dataOffset="113796" fileName="S07_C.PAC.256.pac" size="11320" tableOffset="256"><lzss dataOffset="128" fileName="S07_C.PAC.256.pac.0.lzss" size="4310" tableOffset="0" uncompressedSize="9012" /><lzss dataOffset="4440" fileName="S07_C.PAC.256.pac.16.lzss" size="1609" tableOffset="16" uncompressedSize="5292" /><lzss dataOffset="6052" fileName="S07_C.PAC.256.pac.64.lzss" size="5266" tableOffset="64" uncompressedSize="33312" /></pac><pac dataOffset="125116" fileName="S07_C.PAC.264.pac" size="32440" tableOffset="264"><lzss dataOffset="128" fileName="S07_C.PAC.264.pac.0.lzss" size="10884" tableOffset="0" uncompressedSize="25164" /><lzss dataOffset="11012" fileName="S07_C.PAC.264.pac.16.lzss" size="2899" tableOffset="16" uncompressedSize="8376" /><lzss dataOffset="13912" fileName="S07_C.PAC.264.pac.64.lzss" size="5490" tableOffset="64" uncompressedSize="33312" /><lzss dataOffset="19404" fileName="S07_C.PAC.264.pac.72.lzss" size="7152" tableOffset="72" uncompressedSize="33312" /><lzss dataOffset="26556" fileName="S07_C.PAC.264.pac.80.lzss" size="2938" tableOffset="80" uncompressedSize="33312" /><lzss dataOffset="29496" fileName="S07_C.PAC.264.pac.88.lzss" size="2941" tableOffset="88" uncompressedSize="33312" /></pac><pac dataOffset="157556" fileName="S07_C.PAC.272.pac" size="8528" tableOffset="272"><lzss dataOffset="128" fileName="S07_C.PAC.272.pac.0.lzss" size="1535" tableOffset="0" uncompressedSize="4544" /><lzss dataOffset="1664" fileName="S07_C.PAC.272.pac.16.lzss" size="327" tableOffset="16" uncompressedSize="1136" /><lzss dataOffset="1992" fileName="S07_C.PAC.272.pac.64.lzss" size="6534" tableOffset="64" uncompressedSize="33312" /></pac><pac dataOffset="166084" fileName="S07_C.PAC.368.pac" size="4936" tableOffset="368"><lzss dataOffset="128" fileName="S07_C.PAC.368.pac.0.lzss" size="1480" tableOffset="0" uncompressedSize="3992" /><lzss dataOffset="1608" fileName="S07_C.PAC.368.pac.16.lzss" size="280" tableOffset="16" uncompressedSize="572" /><lzss dataOffset="1888" fileName="S07_C.PAC.368.pac.64.lzss" size="3045" tableOffset="64" uncompressedSize="33312" /></pac></source>