<source fileName="S07_B.PAC" size="197432" tableOffset="0"><lzss dataOffset="384" fileName="S07_B.PAC.0.lzss" size="9643" tableOffset="0" uncompressedSize="33312" /><lzss dataOffset="10028" fileName="S07_B.PAC.40.lzss" size="4711" tableOffset="40" uncompressedSize="11120" /><lzss dataOffset="14740" fileName="S07_B.PAC.128.lzss" size="30713" tableOffset="128" uncompressedSize="82628" /><lzss dataOffset="45456" fileName="S07_B.PAC.136.lzss" size="37219" tableOffset="136" uncompressedSize="127456" /><lzss dataOffset="82676" fileName="S07_B.PAC.144.lzss" size="91" tableOffset="144" uncompressedSize="112" /><lzss dataOffset="82768" fileName="S07_B.PAC.152.lzss" size="402" tableOffset="152" uncompressedSize="996" /><lzss dataOffset="83172" fileName="S07_B.PAC.160.lzss" size="14870" tableOffset="160" uncompressedSize="33312" /><lzss dataOffset="98044" fileName="S07_B.PAC.168.lzss" size="11684" tableOffset="168" uncompressedSize="33312" /><lzss dataOffset="109728" fileName="S07_B.PAC.176.lzss" size="11489" tableOffset="176" uncompressedSize="33312" /><lzss dataOffset="121220" fileName="S07_B.PAC.184.lzss" size="5948" tableOffset="184" uncompressedSize="33312" /><lzss dataOffset="127168" fileName="S07_B.PAC.192.lzss" size="6331" tableOffset="192" uncompressedSize="66080" /><lzss dataOffset="133500" fileName="S07_B.PAC.224.lzss" size="1280" tableOffset="224" uncompressedSize="4146" /><lzss dataOffset="134780" fileName="S07_B.PAC.232.lzss" size="711" tableOffset="232" uncompressedSize="1148" /><pac dataOffset="135492" fileName="S07_B.PAC.256.pac" size="11320" tableOffset="256"><lzss dataOffset="128" fileName="S07_B.PAC.256.pac.0.lzss" size="4310" tableOffset="0" uncompressedSize="9012" /><lzss dataOffset="4440" fileName="S07_B.PAC.256.pac.16.lzss" size="1609" tableOffset="16" uncompressedSize="5292" /><lzss dataOffset="6052" fileName="S07_B.PAC.256.pac.64.lzss" size="5266" tableOffset="64" uncompressedSize="33312" /></pac><pac dataOffset="146812" fileName="S07_B.PAC.264.pac" size="8828" tableOffset="264"><lzss dataOffset="128" fileName="S07_B.PAC.264.pac.0.lzss" size="1856" tableOffset="0" uncompressedSize="3440" /><lzss dataOffset="1984" fileName="S07_B.PAC.264.pac.16.lzss" size="149" tableOffset="16" uncompressedSize="244" /><lzss dataOffset="2136" fileName="S07_B.PAC.264.pac.64.lzss" size="6692" tableOffset="64" uncompressedSize="33312" /></pac><pac dataOffset="155640" fileName="S07_B.PAC.272.pac" size="5444" tableOffset="272"><lzss dataOffset="128" fileName="S07_B.PAC.272.pac.0.lzss" size="4841" tableOffset="0" uncompressedSize="12804" /><lzss dataOffset="4972" fileName="S07_B.PAC.272.pac.16.lzss" size="471" tableOffset="16" uncompressedSize="1234" /><textureSymbol dataOffset="0" size="4294967295" tableOffset="64" /></pac><pac dataOffset="161084" fileName="S07_B.PAC.280.pac" size="8528" tableOffset="280"><lzss dataOffset="128" fileName="S07_B.PAC.280.pac.0.lzss" size="1535" tableOffset="0" uncompressedSize="4544" /><lzss dataOffset="1664" fileName="S07_B.PAC.280.pac.16.lzss" size="327" tableOffset="16" uncompressedSize="1136" /><lzss dataOffset="1992" fileName="S07_B.PAC.280.pac.64.lzss" size="6534" tableOffset="64" uncompressedSize="33312" /></pac><pac dataOffset="169612" fileName="S07_B.PAC.288.pac" size="1896" tableOffset="288"><lzss dataOffset="128" fileName="S07_B.PAC.288.pac.0.lzss" size="1212" tableOffset="0" uncompressedSize="2296" /><lzss dataOffset="1340" fileName="S07_B.PAC.288.pac.16.lzss" size="555" tableOffset="16" uncompressedSize="1178" /><textureSymbol dataOffset="0" size="4294967295" tableOffset="64" /></pac><pac dataOffset="171508" fileName="S07_B.PAC.296.pac" size="4756" tableOffset="296"><lzss dataOffset="128" fileName="S07_B.PAC.296.pac.0.lzss" size="4337" tableOffset="0" uncompressedSize="9340" /><lzss dataOffset="4468" fileName="S07_B.PAC.296.pac.16.lzss" size="285" tableOffset="16" uncompressedSize="666" /><textureSymbol dataOffset="0" size="4294967295" tableOffset="64" /></pac><pac dataOffset="176264" fileName="S07_B.PAC.304.pac" size="5340" tableOffset="304"><lzss dataOffset="128" fileName="S07_B.PAC.304.pac.0.lzss" size="1397" tableOffset="0" uncompressedSize="2688" /><lzss dataOffset="1528" fileName="S07_B.PAC.304.pac.16.lzss" size="149" tableOffset="16" uncompressedSize="248" /><lzss dataOffset="1680" fileName="S07_B.PAC.304.pac.64.lzss" size="3658" tableOffset="64" uncompressedSize="33312" /></pac><pac dataOffset="181604" fileName="S07_B.PAC.312.pac" size="7720" tableOffset="312"><lzss dataOffset="128" fileName="S07_B.PAC.312.pac.0.lzss" size="3873" tableOffset="0" uncompressedSize="7824" /><lzss dataOffset="4004" fileName="S07_B.PAC.312.pac.16.lzss" size="1078" tableOffset="16" uncompressedSize="2842" /><lzss dataOffset="5084" fileName="S07_B.PAC.312.pac.64.lzss" size="2636" tableOffset="64" uncompressedSize="33312" /></pac><pac dataOffset="189324" fileName="S07_B.PAC.320.pac" size="8108" tableOffset="320"><lzss dataOffset="128" fileName="S07_B.PAC.320.pac.0.lzss" size="3815" tableOffset="0" uncompressedSize="7576" /><lzss dataOffset="3944" fileName="S07_B.PAC.320.pac.16.lzss" size="812" tableOffset="16" uncompressedSize="2082" /><lzss dataOffset="4756" fileName="S07_B.PAC.320.pac.64.lzss" size="3352" tableOffset="64" uncompressedSize="33312" /></pac></source>