<source fileName="S07_M06B.PAC" size="169068" tableOffset="0"><lzss dataOffset="384" fileName="S07_M06B.PAC.40.lzss" size="4711" tableOffset="40" uncompressedSize="11120" /><lzss dataOffset="5096" fileName="S07_M06B.PAC.128.lzss" size="24560" tableOffset="128" uncompressedSize="70380" /><lzss dataOffset="29656" fileName="S07_M06B.PAC.136.lzss" size="42446" tableOffset="136" uncompressedSize="127552" /><lzss dataOffset="72104" fileName="S07_M06B.PAC.144.lzss" size="93" tableOffset="144" uncompressedSize="112" /><lzss dataOffset="72200" fileName="S07_M06B.PAC.152.lzss" size="263" tableOffset="152" uncompressedSize="796" /><lzss dataOffset="72464" fileName="S07_M06B.PAC.160.lzss" size="14709" tableOffset="160" uncompressedSize="33312" /><lzss dataOffset="87176" fileName="S07_M06B.PAC.168.lzss" size="6890" tableOffset="168" uncompressedSize="33312" /><lzss dataOffset="94068" fileName="S07_M06B.PAC.176.lzss" size="10216" tableOffset="176" uncompressedSize="33312" /><lzss dataOffset="104284" fileName="S07_M06B.PAC.184.lzss" size="8080" tableOffset="184" uncompressedSize="33312" /><lzss dataOffset="112364" fileName="S07_M06B.PAC.192.lzss" size="7616" tableOffset="192" uncompressedSize="66080" /><lzss dataOffset="119980" fileName="S07_M06B.PAC.200.lzss" size="577" tableOffset="200" uncompressedSize="2652" /><lzss dataOffset="120560" fileName="S07_M06B.PAC.224.lzss" size="1467" tableOffset="224" uncompressedSize="5178" /><lzss dataOffset="122028" fileName="S07_M06B.PAC.232.lzss" size="1277" tableOffset="232" uncompressedSize="2956" /><pac dataOffset="123308" fileName="S07_M06B.PAC.256.pac" size="11320" tableOffset="256"><lzss dataOffset="128" fileName="S07_M06B.PAC.256.pac.0.lzss" size="4310" tableOffset="0" uncompressedSize="9012" /><lzss dataOffset="4440" fileName="S07_M06B.PAC.256.pac.16.lzss" size="1609" tableOffset="16" uncompressedSize="5292" /><lzss dataOffset="6052" fileName="S07_M06B.PAC.256.pac.64.lzss" size="5266" tableOffset="64" uncompressedSize="33312" /></pac><pac dataOffset="134628" fileName="S07_M06B.PAC.264.pac" size="14816" tableOffset="264"><lzss dataOffset="128" fileName="S07_M06B.PAC.264.pac.0.lzss" size="5030" tableOffset="0" uncompressedSize="9396" /><lzss dataOffset="5160" fileName="S07_M06B.PAC.264.pac.16.lzss" size="3164" tableOffset="16" uncompressedSize="8246" /><lzss dataOffset="8324" fileName="S07_M06B.PAC.264.pac.64.lzss" size="6491" tableOffset="64" uncompressedSize="33312" /></pac><pac dataOffset="149444" fileName="S07_M06B.PAC.272.pac" size="11980" tableOffset="272"><lzss dataOffset="128" fileName="S07_M06B.PAC.272.pac.0.lzss" size="5175" tableOffset="0" uncompressedSize="9792" /><lzss dataOffset="5304" fileName="S07_M06B.PAC.272.pac.16.lzss" size="1731" tableOffset="16" uncompressedSize="3250" /><lzss dataOffset="7036" fileName="S07_M06B.PAC.272.pac.64.lzss" size="4944" tableOffset="64" uncompressedSize="33312" /></pac><pac dataOffset="161424" fileName="S07_M06B.PAC.280.pac" size="7644" tableOffset="280"><lzss dataOffset="128" fileName="S07_M06B.PAC.280.pac.0.lzss" size="2897" tableOffset="0" uncompressedSize="5564" /><lzss dataOffset="3028" fileName="S07_M06B.PAC.280.pac.16.lzss" size="375" tableOffset="16" uncompressedSize="940" /><lzss dataOffset="3404" fileName="S07_M06B.PAC.280.pac.64.lzss" size="4240" tableOffset="64" uncompressedSize="33312" /></pac></source>