<source fileName="S07_A.PAC" size="203456" tableOffset="0"><lzss dataOffset="384" fileName="S07_A.PAC.0.lzss" size="9643" tableOffset="0" uncompressedSize="33312" /><lzss dataOffset="10028" fileName="S07_A.PAC.40.lzss" size="4711" tableOffset="40" uncompressedSize="11120" /><lzss dataOffset="14740" fileName="S07_A.PAC.128.lzss" size="29974" tableOffset="128" uncompressedSize="74244" /><lzss dataOffset="44716" fileName="S07_A.PAC.136.lzss" size="38368" tableOffset="136" uncompressedSize="126996" /><lzss dataOffset="83084" fileName="S07_A.PAC.144.lzss" size="91" tableOffset="144" uncompressedSize="112" /><lzss dataOffset="83176" fileName="S07_A.PAC.152.lzss" size="493" tableOffset="152" uncompressedSize="1296" /><lzss dataOffset="83672" fileName="S07_A.PAC.160.lzss" size="12877" tableOffset="160" uncompressedSize="33312" /><lzss dataOffset="96552" fileName="S07_A.PAC.168.lzss" size="12319" tableOffset="168" uncompressedSize="33312" /><lzss dataOffset="108872" fileName="S07_A.PAC.176.lzss" size="11168" tableOffset="176" uncompressedSize="33312" /><lzss dataOffset="120040" fileName="S07_A.PAC.184.lzss" size="6894" tableOffset="184" uncompressedSize="33312" /><lzss dataOffset="126936" fileName="S07_A.PAC.192.lzss" size="13589" tableOffset="192" uncompressedSize="66080" /><lzss dataOffset="140528" fileName="S07_A.PAC.224.lzss" size="1153" tableOffset="224" uncompressedSize="3594" /><lzss dataOffset="141684" fileName="S07_A.PAC.232.lzss" size="753" tableOffset="232" uncompressedSize="1204" /><pac dataOffset="142440" fileName="S07_A.PAC.256.pac" size="11320" tableOffset="256"><lzss dataOffset="128" fileName="S07_A.PAC.256.pac.0.lzss" size="4310" tableOffset="0" uncompressedSize="9012" /><lzss dataOffset="4440" fileName="S07_A.PAC.256.pac.16.lzss" size="1609" tableOffset="16" uncompressedSize="5292" /><lzss dataOffset="6052" fileName="S07_A.PAC.256.pac.64.lzss" size="5266" tableOffset="64" uncompressedSize="33312" /></pac><pac dataOffset="153760" fileName="S07_A.PAC.264.pac" size="8828" tableOffset="264"><lzss dataOffset="128" fileName="S07_A.PAC.264.pac.0.lzss" size="1856" tableOffset="0" uncompressedSize="3440" /><lzss dataOffset="1984" fileName="S07_A.PAC.264.pac.16.lzss" size="149" tableOffset="16" uncompressedSize="244" /><lzss dataOffset="2136" fileName="S07_A.PAC.264.pac.64.lzss" size="6692" tableOffset="64" uncompressedSize="33312" /></pac><pac dataOffset="162588" fileName="S07_A.PAC.272.pac" size="5444" tableOffset="272"><lzss dataOffset="128" fileName="S07_A.PAC.272.pac.0.lzss" size="4841" tableOffset="0" uncompressedSize="12804" /><lzss dataOffset="4972" fileName="S07_A.PAC.272.pac.16.lzss" size="471" tableOffset="16" uncompressedSize="1234" /><textureSymbol dataOffset="0" size="4294967295" tableOffset="64" /></pac><pac dataOffset="168032" fileName="S07_A.PAC.280.pac" size="10276" tableOffset="280"><lzss dataOffset="128" fileName="S07_A.PAC.280.pac.0.lzss" size="2811" tableOffset="0" uncompressedSize="5204" /><lzss dataOffset="2940" fileName="S07_A.PAC.280.pac.16.lzss" size="630" tableOffset="16" uncompressedSize="1466" /><lzss dataOffset="3572" fileName="S07_A.PAC.280.pac.64.lzss" size="6704" tableOffset="64" uncompressedSize="33312" /></pac><pac dataOffset="178308" fileName="S07_A.PAC.288.pac" size="2208" tableOffset="288"><lzss dataOffset="128" fileName="S07_A.PAC.288.pac.0.lzss" size="1834" tableOffset="0" uncompressedSize="4360" /><lzss dataOffset="1964" fileName="S07_A.PAC.288.pac.16.lzss" size="243" tableOffset="16" uncompressedSize="524" /><textureSymbol dataOffset="0" size="4294967295" tableOffset="64" /></pac><pac dataOffset="180516" fileName="S07_A.PAC.296.pac" size="7112" tableOffset="296"><lzss dataOffset="128" fileName="S07_A.PAC.296.pac.0.lzss" size="992" tableOffset="0" uncompressedSize="2376" /><lzss dataOffset="1120" fileName="S07_A.PAC.296.pac.16.lzss" size="165" tableOffset="16" uncompressedSize="304" /><lzss dataOffset="1288" fileName="S07_A.PAC.296.pac.64.lzss" size="5822" tableOffset="64" uncompressedSize="33312" /></pac><pac dataOffset="187628" fileName="S07_A.PAC.304.pac" size="7720" tableOffset="304"><lzss dataOffset="128" fileName="S07_A.PAC.304.pac.0.lzss" size="3873" tableOffset="0" uncompressedSize="7824" /><lzss dataOffset="4004" fileName="S07_A.PAC.304.pac.16.lzss" size="1078" tableOffset="16" uncompressedSize="2842" /><lzss dataOffset="5084" fileName="S07_A.PAC.304.pac.64.lzss" size="2636" tableOffset="64" uncompressedSize="33312" /></pac><pac dataOffset="195348" fileName="S07_A.PAC.312.pac" size="8108" tableOffset="312"><lzss dataOffset="128" fileName="S07_A.PAC.312.pac.0.lzss" size="3815" tableOffset="0" uncompressedSize="7576" /><lzss dataOffset="3944" fileName="S07_A.PAC.312.pac.16.lzss" size="812" tableOffset="16" uncompressedSize="2082" /><lzss dataOffset="4756" fileName="S07_A.PAC.312.pac.64.lzss" size="3352" tableOffset="64" uncompressedSize="33312" /></pac></source>