<source fileName="S07_M08A.PAC" size="151340" tableOffset="0"><lzss dataOffset="384" fileName="S07_M08A.PAC.40.lzss" size="4711" tableOffset="40" uncompressedSize="11120" /><lzss dataOffset="5096" fileName="S07_M08A.PAC.128.lzss" size="26188" tableOffset="128" uncompressedSize="64116" /><lzss dataOffset="31284" fileName="S07_M08A.PAC.136.lzss" size="36734" tableOffset="136" uncompressedSize="126996" /><lzss dataOffset="68020" fileName="S07_M08A.PAC.144.lzss" size="65" tableOffset="144" uncompressedSize="192" /><lzss dataOffset="68088" fileName="S07_M08A.PAC.152.lzss" size="402" tableOffset="152" uncompressedSize="1264" /><lzss dataOffset="68492" fileName="S07_M08A.PAC.160.lzss" size="11851" tableOffset="160" uncompressedSize="33312" /><lzss dataOffset="80344" fileName="S07_M08A.PAC.168.lzss" size="12964" tableOffset="168" uncompressedSize="33312" /><lzss dataOffset="93308" fileName="S07_M08A.PAC.176.lzss" size="7955" tableOffset="176" uncompressedSize="33312" /><lzss dataOffset="101264" fileName="S07_M08A.PAC.184.lzss" size="8738" tableOffset="184" uncompressedSize="33312" /><lzss dataOffset="110004" fileName="S07_M08A.PAC.192.lzss" size="8564" tableOffset="192" uncompressedSize="66080" /><lzss dataOffset="118568" fileName="S07_M08A.PAC.200.lzss" size="577" tableOffset="200" uncompressedSize="2652" /><lzss dataOffset="119148" fileName="S07_M08A.PAC.224.lzss" size="1315" tableOffset="224" uncompressedSize="3894" /><lzss dataOffset="120464" fileName="S07_M08A.PAC.232.lzss" size="776" tableOffset="232" uncompressedSize="1972" /><pac dataOffset="121240" fileName="S07_M08A.PAC.256.pac" size="11320" tableOffset="256"><lzss dataOffset="128" fileName="S07_M08A.PAC.256.pac.0.lzss" size="4310" tableOffset="0" uncompressedSize="9012" /><lzss dataOffset="4440" fileName="S07_M08A.PAC.256.pac.16.lzss" size="1609" tableOffset="16" uncompressedSize="5292" /><lzss dataOffset="6052" fileName="S07_M08A.PAC.256.pac.64.lzss" size="5266" tableOffset="64" uncompressedSize="33312" /></pac><pac dataOffset="132560" fileName="S07_M08A.PAC.264.pac" size="480" tableOffset="264"><lzss dataOffset="128" fileName="S07_M08A.PAC.264.pac.16.lzss" size="351" tableOffset="16" uncompressedSize="706" /></pac><pac dataOffset="133040" fileName="S07_M08A.PAC.272.pac" size="7644" tableOffset="272"><lzss dataOffset="128" fileName="S07_M08A.PAC.272.pac.0.lzss" size="2897" tableOffset="0" uncompressedSize="5564" /><lzss dataOffset="3028" fileName="S07_M08A.PAC.272.pac.16.lzss" size="375" tableOffset="16" uncompressedSize="940" /><lzss dataOffset="3404" fileName="S07_M08A.PAC.272.pac.64.lzss" size="4240" tableOffset="64" uncompressedSize="33312" /></pac><pac dataOffset="140684" fileName="S07_M08A.PAC.280.pac" size="10656" tableOffset="280"><lzss dataOffset="128" fileName="S07_M08A.PAC.280.pac.0.lzss" size="4484" tableOffset="0" uncompressedSize="8900" /><lzss dataOffset="4612" fileName="S07_M08A.PAC.280.pac.16.lzss" size="823" tableOffset="16" uncompressedSize="1978" /><lzss dataOffset="5436" fileName="S07_M08A.PAC.280.pac.64.lzss" size="5219" tableOffset="64" uncompressedSize="33312" /></pac></source>