<source fileName="S07_M02C.PAC" size="123796" tableOffset="0"><lzss dataOffset="384" fileName="S07_M02C.PAC.40.lzss" size="4711" tableOffset="40" uncompressedSize="11120" /><lzss dataOffset="5096" fileName="S07_M02C.PAC.128.lzss" size="31688" tableOffset="128" uncompressedSize="76652" /><lzss dataOffset="36784" fileName="S07_M02C.PAC.136.lzss" size="36362" tableOffset="136" uncompressedSize="127912" /><lzss dataOffset="73148" fileName="S07_M02C.PAC.144.lzss" size="60" tableOffset="144" uncompressedSize="112" /><lzss dataOffset="73208" fileName="S07_M02C.PAC.152.lzss" size="303" tableOffset="152" uncompressedSize="820" /><lzss dataOffset="73512" fileName="S07_M02C.PAC.160.lzss" size="6535" tableOffset="160" uncompressedSize="33312" /><lzss dataOffset="80048" fileName="S07_M02C.PAC.168.lzss" size="5032" tableOffset="168" uncompressedSize="33312" /><lzss dataOffset="85080" fileName="S07_M02C.PAC.176.lzss" size="4756" tableOffset="176" uncompressedSize="33312" /><lzss dataOffset="89836" fileName="S07_M02C.PAC.184.lzss" size="2124" tableOffset="184" uncompressedSize="33312" /><lzss dataOffset="91960" fileName="S07_M02C.PAC.200.lzss" size="577" tableOffset="200" uncompressedSize="2652" /><lzss dataOffset="92540" fileName="S07_M02C.PAC.224.lzss" size="1541" tableOffset="224" uncompressedSize="5326" /><lzss dataOffset="94084" fileName="S07_M02C.PAC.232.lzss" size="1429" tableOffset="232" uncompressedSize="3528" /><pac dataOffset="95516" fileName="S07_M02C.PAC.256.pac" size="11320" tableOffset="256"><lzss dataOffset="128" fileName="S07_M02C.PAC.256.pac.0.lzss" size="4310" tableOffset="0" uncompressedSize="9012" /><lzss dataOffset="4440" fileName="S07_M02C.PAC.256.pac.16.lzss" size="1609" tableOffset="16" uncompressedSize="5292" /><lzss dataOffset="6052" fileName="S07_M02C.PAC.256.pac.64.lzss" size="5266" tableOffset="64" uncompressedSize="33312" /></pac><pac dataOffset="106836" fileName="S07_M02C.PAC.264.pac" size="480" tableOffset="264"><lzss dataOffset="128" fileName="S07_M02C.PAC.264.pac.16.lzss" size="351" tableOffset="16" uncompressedSize="706" /></pac><pac dataOffset="107316" fileName="S07_M02C.PAC.272.pac" size="12380" tableOffset="272"><lzss dataOffset="128" fileName="S07_M02C.PAC.272.pac.0.lzss" size="5054" tableOffset="0" uncompressedSize="10756" /><lzss dataOffset="5184" fileName="S07_M02C.PAC.272.pac.16.lzss" size="712" tableOffset="16" uncompressedSize="1498" /><lzss dataOffset="5896" fileName="S07_M02C.PAC.272.pac.64.lzss" size="6483" tableOffset="64" uncompressedSize="33312" /></pac><pac dataOffset="119696" fileName="S07_M02C.PAC.280.pac" size="4100" tableOffset="280"><lzss dataOffset="128" fileName="S07_M02C.PAC.280.pac.16.lzss" size="351" tableOffset="16" uncompressedSize="706" /><lzss dataOffset="480" fileName="S07_M02C.PAC.280.pac.64.lzss" size="3618" tableOffset="64" uncompressedSize="33312" /></pac></source>