<source fileName="S07_M00A.PAC" size="219992" tableOffset="0"><lzss dataOffset="384" fileName="S07_M00A.PAC.0.lzss" size="9643" tableOffset="0" uncompressedSize="33312" /><lzss dataOffset="10028" fileName="S07_M00A.PAC.40.lzss" size="4711" tableOffset="40" uncompressedSize="11120" /><lzss dataOffset="14740" fileName="S07_M00A.PAC.128.lzss" size="31887" tableOffset="128" uncompressedSize="56876" /><lzss dataOffset="46628" fileName="S07_M00A.PAC.136.lzss" size="38947" tableOffset="136" uncompressedSize="128596" /><lzss dataOffset="85576" fileName="S07_M00A.PAC.144.lzss" size="118" tableOffset="144" uncompressedSize="192" /><lzss dataOffset="85696" fileName="S07_M00A.PAC.152.lzss" size="672" tableOffset="152" uncompressedSize="2424" /><lzss dataOffset="86368" fileName="S07_M00A.PAC.160.lzss" size="18028" tableOffset="160" uncompressedSize="33312" /><lzss dataOffset="104396" fileName="S07_M00A.PAC.168.lzss" size="8869" tableOffset="168" uncompressedSize="33312" /><lzss dataOffset="113268" fileName="S07_M00A.PAC.176.lzss" size="8205" tableOffset="176" uncompressedSize="33312" /><lzss dataOffset="121476" fileName="S07_M00A.PAC.184.lzss" size="8455" tableOffset="184" uncompressedSize="33312" /><lzss dataOffset="129932" fileName="S07_M00A.PAC.192.lzss" size="6322" tableOffset="192" uncompressedSize="66080" /><lzss dataOffset="136256" fileName="S07_M00A.PAC.200.lzss" size="577" tableOffset="200" uncompressedSize="2652" /><lzss dataOffset="136836" fileName="S07_M00A.PAC.224.lzss" size="3374" tableOffset="224" uncompressedSize="13268" /><lzss dataOffset="140212" fileName="S07_M00A.PAC.232.lzss" size="3189" tableOffset="232" uncompressedSize="7140" /><pac dataOffset="143404" fileName="S07_M00A.PAC.256.pac" size="11320" tableOffset="256"><lzss dataOffset="128" fileName="S07_M00A.PAC.256.pac.0.lzss" size="4310" tableOffset="0" uncompressedSize="9012" /><lzss dataOffset="4440" fileName="S07_M00A.PAC.256.pac.16.lzss" size="1609" tableOffset="16" uncompressedSize="5292" /><lzss dataOffset="6052" fileName="S07_M00A.PAC.256.pac.64.lzss" size="5266" tableOffset="64" uncompressedSize="33312" /></pac><pac dataOffset="154724" fileName="S07_M00A.PAC.264.pac" size="480" tableOffset="264"><lzss dataOffset="128" fileName="S07_M00A.PAC.264.pac.16.lzss" size="351" tableOffset="16" uncompressedSize="706" /></pac><pac dataOffset="155204" fileName="S07_M00A.PAC.272.pac" size="8628" tableOffset="272"><lzss dataOffset="128" fileName="S07_M00A.PAC.272.pac.0.lzss" size="2382" tableOffset="0" uncompressedSize="4792" /><lzss dataOffset="2512" fileName="S07_M00A.PAC.272.pac.16.lzss" size="690" tableOffset="16" uncompressedSize="1266" /><lzss dataOffset="3204" fileName="S07_M00A.PAC.272.pac.64.lzss" size="5422" tableOffset="64" uncompressedSize="33312" /></pac><pac dataOffset="163832" fileName="S07_M00A.PAC.280.pac" size="10736" tableOffset="280"><lzss dataOffset="128" fileName="S07_M00A.PAC.280.pac.0.lzss" size="4611" tableOffset="0" uncompressedSize="11860" /><lzss dataOffset="4740" fileName="S07_M00A.PAC.280.pac.16.lzss" size="833" tableOffset="16" uncompressedSize="1726" /><lzss dataOffset="5576" fileName="S07_M00A.PAC.280.pac.64.lzss" size="5157" tableOffset="64" uncompressedSize="33312" /></pac><pac dataOffset="174568" fileName="S07_M00A.PAC.288.pac" size="10656" tableOffset="288"><lzss dataOffset="128" fileName="S07_M00A.PAC.288.pac.0.lzss" size="4484" tableOffset="0" uncompressedSize="8900" /><lzss dataOffset="4612" fileName="S07_M00A.PAC.288.pac.16.lzss" size="823" tableOffset="16" uncompressedSize="1978" /><lzss dataOffset="5436" fileName="S07_M00A.PAC.288.pac.64.lzss" size="5219" tableOffset="64" uncompressedSize="33312" /></pac><pac dataOffset="185224" fileName="S07_M00A.PAC.296.pac" size="14816" tableOffset="296"><lzss dataOffset="128" fileName="S07_M00A.PAC.296.pac.0.lzss" size="5030" tableOffset="0" uncompressedSize="9396" /><lzss dataOffset="5160" fileName="S07_M00A.PAC.296.pac.16.lzss" size="3164" tableOffset="16" uncompressedSize="8246" /><lzss dataOffset="8324" fileName="S07_M00A.PAC.296.pac.64.lzss" size="6491" tableOffset="64" uncompressedSize="33312" /></pac><pac dataOffset="200040" fileName="S07_M00A.PAC.304.pac" size="13540" tableOffset="304"><lzss dataOffset="128" fileName="S07_M00A.PAC.304.pac.0.lzss" size="5317" tableOffset="0" uncompressedSize="10004" /><lzss dataOffset="5448" fileName="S07_M00A.PAC.304.pac.16.lzss" size="1477" tableOffset="16" uncompressedSize="2958" /><lzss dataOffset="6928" fileName="S07_M00A.PAC.304.pac.64.lzss" size="6610" tableOffset="64" uncompressedSize="33312" /></pac><pac dataOffset="213580" fileName="S07_M00A.PAC.312.pac" size="6412" tableOffset="312"><lzss dataOffset="128" fileName="S07_M00A.PAC.312.pac.0.lzss" size="1553" tableOffset="0" uncompressedSize="4016" /><lzss dataOffset="1684" fileName="S07_M00A.PAC.312.pac.16.lzss" size="211" tableOffset="16" uncompressedSize="446" /><lzss dataOffset="1896" fileName="S07_M00A.PAC.312.pac.64.lzss" size="4514" tableOffset="64" uncompressedSize="33312" /></pac></source>