<source fileName="S07_M00F.PAC" size="140528" tableOffset="0"><lzss dataOffset="384" fileName="S07_M00F.PAC.0.lzss" size="15582" tableOffset="0" uncompressedSize="61984" /><lzss dataOffset="15968" fileName="S07_M00F.PAC.8.lzss" size="3487" tableOffset="8" uncompressedSize="33312" /><lzss dataOffset="19456" fileName="S07_M00F.PAC.16.lzss" size="9643" tableOffset="16" uncompressedSize="33312" /><lzss dataOffset="29100" fileName="S07_M00F.PAC.24.lzss" size="6217" tableOffset="24" uncompressedSize="33312" /><lzss dataOffset="35320" fileName="S07_M00F.PAC.40.lzss" size="4711" tableOffset="40" uncompressedSize="11120" /><lzss dataOffset="40032" fileName="S07_M00F.PAC.128.lzss" size="23703" tableOffset="128" uncompressedSize="48176" /><lzss dataOffset="63736" fileName="S07_M00F.PAC.136.lzss" size="36590" tableOffset="136" uncompressedSize="127852" /><lzss dataOffset="100328" fileName="S07_M00F.PAC.144.lzss" size="92" tableOffset="144" uncompressedSize="112" /><lzss dataOffset="100420" fileName="S07_M00F.PAC.152.lzss" size="365" tableOffset="152" uncompressedSize="872" /><lzss dataOffset="100788" fileName="S07_M00F.PAC.160.lzss" size="4220" tableOffset="160" uncompressedSize="33312" /><lzss dataOffset="105008" fileName="S07_M00F.PAC.168.lzss" size="4161" tableOffset="168" uncompressedSize="33312" /><lzss dataOffset="109172" fileName="S07_M00F.PAC.224.lzss" size="3127" tableOffset="224" uncompressedSize="12414" /><lzss dataOffset="112300" fileName="S07_M00F.PAC.232.lzss" size="1611" tableOffset="232" uncompressedSize="3488" /><pac dataOffset="113912" fileName="S07_M00F.PAC.256.pac" size="11320" tableOffset="256"><lzss dataOffset="128" fileName="S07_M00F.PAC.256.pac.0.lzss" size="4310" tableOffset="0" uncompressedSize="9012" /><lzss dataOffset="4440" fileName="S07_M00F.PAC.256.pac.16.lzss" size="1609" tableOffset="16" uncompressedSize="5292" /><lzss dataOffset="6052" fileName="S07_M00F.PAC.256.pac.64.lzss" size="5266" tableOffset="64" uncompressedSize="33312" /></pac><pac dataOffset="125232" fileName="S07_M00F.PAC.264.pac" size="480" tableOffset="264"><lzss dataOffset="128" fileName="S07_M00F.PAC.264.pac.16.lzss" size="351" tableOffset="16" uncompressedSize="706" /></pac><pac dataOffset="125712" fileName="S07_M00F.PAC.272.pac" size="14816" tableOffset="272"><lzss dataOffset="128" fileName="S07_M00F.PAC.272.pac.0.lzss" size="5030" tableOffset="0" uncompressedSize="9396" /><lzss dataOffset="5160" fileName="S07_M00F.PAC.272.pac.16.lzss" size="3164" tableOffset="16" uncompressedSize="8246" /><lzss dataOffset="8324" fileName="S07_M00F.PAC.272.pac.64.lzss" size="6491" tableOffset="64" uncompressedSize="33312" /></pac></source>