<source fileName="S07_M03B.PAC" size="121148" tableOffset="0"><lzss dataOffset="384" fileName="S07_M03B.PAC.40.lzss" size="4711" tableOffset="40" uncompressedSize="11120" /><lzss dataOffset="5096" fileName="S07_M03B.PAC.128.lzss" size="31758" tableOffset="128" uncompressedSize="67332" /><lzss dataOffset="36856" fileName="S07_M03B.PAC.136.lzss" size="35654" tableOffset="136" uncompressedSize="126996" /><lzss dataOffset="72512" fileName="S07_M03B.PAC.144.lzss" size="55" tableOffset="144" uncompressedSize="112" /><lzss dataOffset="72568" fileName="S07_M03B.PAC.152.lzss" size="310" tableOffset="152" uncompressedSize="856" /><lzss dataOffset="72880" fileName="S07_M03B.PAC.160.lzss" size="5545" tableOffset="160" uncompressedSize="33312" /><lzss dataOffset="78428" fileName="S07_M03B.PAC.168.lzss" size="6406" tableOffset="168" uncompressedSize="33312" /><lzss dataOffset="84836" fileName="S07_M03B.PAC.176.lzss" size="3870" tableOffset="176" uncompressedSize="33312" /><lzss dataOffset="88708" fileName="S07_M03B.PAC.184.lzss" size="2860" tableOffset="184" uncompressedSize="33312" /><lzss dataOffset="91568" fileName="S07_M03B.PAC.200.lzss" size="577" tableOffset="200" uncompressedSize="2652" /><lzss dataOffset="92148" fileName="S07_M03B.PAC.224.lzss" size="2108" tableOffset="224" uncompressedSize="9314" /><lzss dataOffset="94256" fileName="S07_M03B.PAC.232.lzss" size="1892" tableOffset="232" uncompressedSize="4448" /><pac dataOffset="96148" fileName="S07_M03B.PAC.256.pac" size="11320" tableOffset="256"><lzss dataOffset="128" fileName="S07_M03B.PAC.256.pac.0.lzss" size="4310" tableOffset="0" uncompressedSize="9012" /><lzss dataOffset="4440" fileName="S07_M03B.PAC.256.pac.16.lzss" size="1609" tableOffset="16" uncompressedSize="5292" /><lzss dataOffset="6052" fileName="S07_M03B.PAC.256.pac.64.lzss" size="5266" tableOffset="64" uncompressedSize="33312" /></pac><pac dataOffset="107468" fileName="S07_M03B.PAC.264.pac" size="480" tableOffset="264"><lzss dataOffset="128" fileName="S07_M03B.PAC.264.pac.16.lzss" size="351" tableOffset="16" uncompressedSize="706" /></pac><pac dataOffset="107948" fileName="S07_M03B.PAC.272.pac" size="13200" tableOffset="272"><lzss dataOffset="128" fileName="S07_M03B.PAC.272.pac.0.lzss" size="5455" tableOffset="0" uncompressedSize="10488" /><lzss dataOffset="5584" fileName="S07_M03B.PAC.272.pac.16.lzss" size="999" tableOffset="16" uncompressedSize="2198" /><lzss dataOffset="6584" fileName="S07_M03B.PAC.272.pac.64.lzss" size="6616" tableOffset="64" uncompressedSize="33312" /></pac></source>