<source fileName="S07_M09A.PAC" size="201440" tableOffset="0"><lzss dataOffset="384" fileName="S07_M09A.PAC.40.lzss" size="4711" tableOffset="40" uncompressedSize="11120" /><lzss dataOffset="5096" fileName="S07_M09A.PAC.128.lzss" size="35746" tableOffset="128" uncompressedSize="74912" /><lzss dataOffset="40844" fileName="S07_M09A.PAC.136.lzss" size="41074" tableOffset="136" uncompressedSize="128624" /><lzss dataOffset="81920" fileName="S07_M09A.PAC.144.lzss" size="93" tableOffset="144" uncompressedSize="112" /><lzss dataOffset="82016" fileName="S07_M09A.PAC.152.lzss" size="308" tableOffset="152" uncompressedSize="1044" /><lzss dataOffset="82324" fileName="S07_M09A.PAC.160.lzss" size="12811" tableOffset="160" uncompressedSize="33312" /><lzss dataOffset="95136" fileName="S07_M09A.PAC.168.lzss" size="6395" tableOffset="168" uncompressedSize="33312" /><lzss dataOffset="101532" fileName="S07_M09A.PAC.176.lzss" size="6261" tableOffset="176" uncompressedSize="33312" /><lzss dataOffset="107796" fileName="S07_M09A.PAC.184.lzss" size="5004" tableOffset="184" uncompressedSize="33312" /><lzss dataOffset="112800" fileName="S07_M09A.PAC.192.lzss" size="6322" tableOffset="192" uncompressedSize="66080" /><lzss dataOffset="119124" fileName="S07_M09A.PAC.200.lzss" size="577" tableOffset="200" uncompressedSize="2652" /><lzss dataOffset="119704" fileName="S07_M09A.PAC.224.lzss" size="1593" tableOffset="224" uncompressedSize="5600" /><lzss dataOffset="121300" fileName="S07_M09A.PAC.232.lzss" size="1424" tableOffset="232" uncompressedSize="3276" /><pac dataOffset="122724" fileName="S07_M09A.PAC.256.pac" size="11320" tableOffset="256"><lzss dataOffset="128" fileName="S07_M09A.PAC.256.pac.0.lzss" size="4310" tableOffset="0" uncompressedSize="9012" /><lzss dataOffset="4440" fileName="S07_M09A.PAC.256.pac.16.lzss" size="1609" tableOffset="16" uncompressedSize="5292" /><lzss dataOffset="6052" fileName="S07_M09A.PAC.256.pac.64.lzss" size="5266" tableOffset="64" uncompressedSize="33312" /></pac><pac dataOffset="134044" fileName="S07_M09A.PAC.264.pac" size="480" tableOffset="264"><lzss dataOffset="128" fileName="S07_M09A.PAC.264.pac.16.lzss" size="351" tableOffset="16" uncompressedSize="706" /></pac><pac dataOffset="134524" fileName="S07_M09A.PAC.272.pac" size="12924" tableOffset="272"><lzss dataOffset="128" fileName="S07_M09A.PAC.272.pac.0.lzss" size="5561" tableOffset="0" uncompressedSize="10620" /><lzss dataOffset="5692" fileName="S07_M09A.PAC.272.pac.16.lzss" size="1969" tableOffset="16" uncompressedSize="5082" /><lzss dataOffset="7664" fileName="S07_M09A.PAC.272.pac.64.lzss" size="5260" tableOffset="64" uncompressedSize="33312" /></pac><pac dataOffset="147448" fileName="S07_M09A.PAC.280.pac" size="13460" tableOffset="280"><lzss dataOffset="128" fileName="S07_M09A.PAC.280.pac.0.lzss" size="5831" tableOffset="0" uncompressedSize="11112" /><lzss dataOffset="5960" fileName="S07_M09A.PAC.280.pac.16.lzss" size="1142" tableOffset="16" uncompressedSize="2854" /><lzss dataOffset="7104" fileName="S07_M09A.PAC.280.pac.64.lzss" size="6354" tableOffset="64" uncompressedSize="33312" /></pac><pac dataOffset="160908" fileName="S07_M09A.PAC.288.pac" size="13680" tableOffset="288"><lzss dataOffset="128" fileName="S07_M09A.PAC.288.pac.0.lzss" size="6118" tableOffset="0" uncompressedSize="11672" /><lzss dataOffset="6248" fileName="S07_M09A.PAC.288.pac.16.lzss" size="1097" tableOffset="16" uncompressedSize="2274" /><lzss dataOffset="7348" fileName="S07_M09A.PAC.288.pac.64.lzss" size="6332" tableOffset="64" uncompressedSize="33312" /></pac><pac dataOffset="174588" fileName="S07_M09A.PAC.296.pac" size="12036" tableOffset="296"><lzss dataOffset="128" fileName="S07_M09A.PAC.296.pac.0.lzss" size="5573" tableOffset="0" uncompressedSize="10912" /><lzss dataOffset="5704" fileName="S07_M09A.PAC.296.pac.16.lzss" size="1027" tableOffset="16" uncompressedSize="2430" /><lzss dataOffset="6732" fileName="S07_M09A.PAC.296.pac.64.lzss" size="5303" tableOffset="64" uncompressedSize="33312" /></pac><pac dataOffset="186624" fileName="S07_M09A.PAC.304.pac" size="14816" tableOffset="304"><lzss dataOffset="128" fileName="S07_M09A.PAC.304.pac.0.lzss" size="5030" tableOffset="0" uncompressedSize="9396" /><lzss dataOffset="5160" fileName="S07_M09A.PAC.304.pac.16.lzss" size="3164" tableOffset="16" uncompressedSize="8246" /><lzss dataOffset="8324" fileName="S07_M09A.PAC.304.pac.64.lzss" size="6491" tableOffset="64" uncompressedSize="33312" /></pac></source>