<source fileName="S07_M02A.PAC" size="167660" tableOffset="0"><lzss dataOffset="384" fileName="S07_M02A.PAC.40.lzss" size="4711" tableOffset="40" uncompressedSize="11120" /><lzss dataOffset="5096" fileName="S07_M02A.PAC.128.lzss" size="24610" tableOffset="128" uncompressedSize="62160" /><lzss dataOffset="29708" fileName="S07_M02A.PAC.136.lzss" size="22606" tableOffset="136" uncompressedSize="72376" /><lzss dataOffset="52316" fileName="S07_M02A.PAC.144.lzss" size="61" tableOffset="144" uncompressedSize="84" /><lzss dataOffset="52380" fileName="S07_M02A.PAC.152.lzss" size="366" tableOffset="152" uncompressedSize="1036" /><lzss dataOffset="52748" fileName="S07_M02A.PAC.160.lzss" size="17483" tableOffset="160" uncompressedSize="33312" /><lzss dataOffset="70232" fileName="S07_M02A.PAC.168.lzss" size="7949" tableOffset="168" uncompressedSize="33312" /><lzss dataOffset="78184" fileName="S07_M02A.PAC.176.lzss" size="4384" tableOffset="176" uncompressedSize="33312" /><lzss dataOffset="82568" fileName="S07_M02A.PAC.184.lzss" size="7173" tableOffset="184" uncompressedSize="33312" /><lzss dataOffset="89744" fileName="S07_M02A.PAC.192.lzss" size="6322" tableOffset="192" uncompressedSize="66080" /><lzss dataOffset="96068" fileName="S07_M02A.PAC.200.lzss" size="577" tableOffset="200" uncompressedSize="2652" /><lzss dataOffset="96648" fileName="S07_M02A.PAC.224.lzss" size="1874" tableOffset="224" uncompressedSize="7430" /><lzss dataOffset="98524" fileName="S07_M02A.PAC.232.lzss" size="1954" tableOffset="232" uncompressedSize="4344" /><pac dataOffset="100480" fileName="S07_M02A.PAC.256.pac" size="11320" tableOffset="256"><lzss dataOffset="128" fileName="S07_M02A.PAC.256.pac.0.lzss" size="4310" tableOffset="0" uncompressedSize="9012" /><lzss dataOffset="4440" fileName="S07_M02A.PAC.256.pac.16.lzss" size="1609" tableOffset="16" uncompressedSize="5292" /><lzss dataOffset="6052" fileName="S07_M02A.PAC.256.pac.64.lzss" size="5266" tableOffset="64" uncompressedSize="33312" /></pac><pac dataOffset="111800" fileName="S07_M02A.PAC.264.pac" size="480" tableOffset="264"><lzss dataOffset="128" fileName="S07_M02A.PAC.264.pac.16.lzss" size="351" tableOffset="16" uncompressedSize="706" /></pac><pac dataOffset="112280" fileName="S07_M02A.PAC.272.pac" size="7720" tableOffset="272"><lzss dataOffset="128" fileName="S07_M02A.PAC.272.pac.0.lzss" size="3873" tableOffset="0" uncompressedSize="7824" /><lzss dataOffset="4004" fileName="S07_M02A.PAC.272.pac.16.lzss" size="1078" tableOffset="16" uncompressedSize="2842" /><lzss dataOffset="5084" fileName="S07_M02A.PAC.272.pac.64.lzss" size="2636" tableOffset="64" uncompressedSize="33312" /></pac><pac dataOffset="120000" fileName="S07_M02A.PAC.280.pac" size="8108" tableOffset="280"><lzss dataOffset="128" fileName="S07_M02A.PAC.280.pac.0.lzss" size="3815" tableOffset="0" uncompressedSize="7576" /><lzss dataOffset="3944" fileName="S07_M02A.PAC.280.pac.16.lzss" size="812" tableOffset="16" uncompressedSize="2082" /><lzss dataOffset="4756" fileName="S07_M02A.PAC.280.pac.64.lzss" size="3352" tableOffset="64" uncompressedSize="33312" /></pac><pac dataOffset="128108" fileName="S07_M02A.PAC.288.pac" size="13808" tableOffset="288"><lzss dataOffset="128" fileName="S07_M02A.PAC.288.pac.0.lzss" size="5106" tableOffset="0" uncompressedSize="9916" /><lzss dataOffset="5236" fileName="S07_M02A.PAC.288.pac.16.lzss" size="2706" tableOffset="16" uncompressedSize="5782" /><lzss dataOffset="7944" fileName="S07_M02A.PAC.288.pac.64.lzss" size="5862" tableOffset="64" uncompressedSize="33312" /></pac><pac dataOffset="141916" fileName="S07_M02A.PAC.296.pac" size="12964" tableOffset="296"><lzss dataOffset="128" fileName="S07_M02A.PAC.296.pac.0.lzss" size="4885" tableOffset="0" uncompressedSize="9192" /><lzss dataOffset="5016" fileName="S07_M02A.PAC.296.pac.16.lzss" size="2654" tableOffset="16" uncompressedSize="8162" /><lzss dataOffset="7672" fileName="S07_M02A.PAC.296.pac.64.lzss" size="5290" tableOffset="64" uncompressedSize="33312" /></pac><pac dataOffset="154880" fileName="S07_M02A.PAC.304.pac" size="12780" tableOffset="304"><lzss dataOffset="128" fileName="S07_M02A.PAC.304.pac.0.lzss" size="4876" tableOffset="0" uncompressedSize="9304" /><lzss dataOffset="5004" fileName="S07_M02A.PAC.304.pac.16.lzss" size="2078" tableOffset="16" uncompressedSize="5802" /><lzss dataOffset="7084" fileName="S07_M02A.PAC.304.pac.64.lzss" size="5696" tableOffset="64" uncompressedSize="33312" /></pac></source>