<source fileName="S07_M03A.PAC" size="143760" tableOffset="0"><lzss dataOffset="384" fileName="S07_M03A.PAC.40.lzss" size="4711" tableOffset="40" uncompressedSize="11120" /><lzss dataOffset="5096" fileName="S07_M03A.PAC.128.lzss" size="23473" tableOffset="128" uncompressedSize="54348" /><lzss dataOffset="28572" fileName="S07_M03A.PAC.136.lzss" size="34296" tableOffset="136" uncompressedSize="127056" /><lzss dataOffset="62868" fileName="S07_M03A.PAC.144.lzss" size="71" tableOffset="144" uncompressedSize="112" /><lzss dataOffset="62940" fileName="S07_M03A.PAC.152.lzss" size="288" tableOffset="152" uncompressedSize="660" /><lzss dataOffset="63228" fileName="S07_M03A.PAC.160.lzss" size="6879" tableOffset="160" uncompressedSize="33312" /><lzss dataOffset="70108" fileName="S07_M03A.PAC.168.lzss" size="11980" tableOffset="168" uncompressedSize="33312" /><lzss dataOffset="82088" fileName="S07_M03A.PAC.176.lzss" size="5997" tableOffset="176" uncompressedSize="33312" /><lzss dataOffset="88088" fileName="S07_M03A.PAC.184.lzss" size="6849" tableOffset="184" uncompressedSize="33312" /><lzss dataOffset="94940" fileName="S07_M03A.PAC.192.lzss" size="8564" tableOffset="192" uncompressedSize="66080" /><lzss dataOffset="103504" fileName="S07_M03A.PAC.200.lzss" size="577" tableOffset="200" uncompressedSize="2652" /><lzss dataOffset="104084" fileName="S07_M03A.PAC.224.lzss" size="1234" tableOffset="224" uncompressedSize="3900" /><lzss dataOffset="105320" fileName="S07_M03A.PAC.232.lzss" size="895" tableOffset="232" uncompressedSize="2240" /><pac dataOffset="106216" fileName="S07_M03A.PAC.256.pac" size="11320" tableOffset="256"><lzss dataOffset="128" fileName="S07_M03A.PAC.256.pac.0.lzss" size="4310" tableOffset="0" uncompressedSize="9012" /><lzss dataOffset="4440" fileName="S07_M03A.PAC.256.pac.16.lzss" size="1609" tableOffset="16" uncompressedSize="5292" /><lzss dataOffset="6052" fileName="S07_M03A.PAC.256.pac.64.lzss" size="5266" tableOffset="64" uncompressedSize="33312" /></pac><pac dataOffset="117536" fileName="S07_M03A.PAC.264.pac" size="480" tableOffset="264"><lzss dataOffset="128" fileName="S07_M03A.PAC.264.pac.16.lzss" size="351" tableOffset="16" uncompressedSize="706" /></pac><pac dataOffset="118016" fileName="S07_M03A.PAC.272.pac" size="12780" tableOffset="272"><lzss dataOffset="128" fileName="S07_M03A.PAC.272.pac.0.lzss" size="4876" tableOffset="0" uncompressedSize="9304" /><lzss dataOffset="5004" fileName="S07_M03A.PAC.272.pac.16.lzss" size="2078" tableOffset="16" uncompressedSize="5802" /><lzss dataOffset="7084" fileName="S07_M03A.PAC.272.pac.64.lzss" size="5696" tableOffset="64" uncompressedSize="33312" /></pac><pac dataOffset="130796" fileName="S07_M03A.PAC.280.pac" size="12964" tableOffset="280"><lzss dataOffset="128" fileName="S07_M03A.PAC.280.pac.0.lzss" size="4885" tableOffset="0" uncompressedSize="9192" /><lzss dataOffset="5016" fileName="S07_M03A.PAC.280.pac.16.lzss" size="2654" tableOffset="16" uncompressedSize="8162" /><lzss dataOffset="7672" fileName="S07_M03A.PAC.280.pac.64.lzss" size="5290" tableOffset="64" uncompressedSize="33312" /></pac></source>