<source fileName="S08_50B.PAC" size="144112" tableOffset="0"><lzss dataOffset="416" fileName="S08_50B.PAC.0.lzss" size="11224" tableOffset="0" uncompressedSize="33312" /><lzss dataOffset="11640" fileName="S08_50B.PAC.40.lzss" size="4711" tableOffset="40" uncompressedSize="11120" /><lzss dataOffset="16352" fileName="S08_50B.PAC.128.lzss" size="13013" tableOffset="128" uncompressedSize="34132" /><lzss dataOffset="29368" fileName="S08_50B.PAC.136.lzss" size="36955" tableOffset="136" uncompressedSize="127860" /><lzss dataOffset="66324" fileName="S08_50B.PAC.144.lzss" size="86" tableOffset="144" uncompressedSize="112" /><lzss dataOffset="66412" fileName="S08_50B.PAC.152.lzss" size="249" tableOffset="152" uncompressedSize="616" /><lzss dataOffset="66664" fileName="S08_50B.PAC.160.lzss" size="7119" tableOffset="160" uncompressedSize="33312" /><lzss dataOffset="73784" fileName="S08_50B.PAC.168.lzss" size="7259" tableOffset="168" uncompressedSize="33312" /><lzss dataOffset="81044" fileName="S08_50B.PAC.176.lzss" size="3051" tableOffset="176" uncompressedSize="33312" /><lzss dataOffset="84096" fileName="S08_50B.PAC.184.lzss" size="8738" tableOffset="184" uncompressedSize="33312" /><lzss dataOffset="92836" fileName="S08_50B.PAC.192.lzss" size="6322" tableOffset="192" uncompressedSize="66080" /><lzss dataOffset="99160" fileName="S08_50B.PAC.224.lzss" size="925" tableOffset="224" uncompressedSize="2472" /><lzss dataOffset="100088" fileName="S08_50B.PAC.232.lzss" size="117" tableOffset="232" uncompressedSize="124" /><pac dataOffset="100208" fileName="S08_50B.PAC.256.pac" size="11320" tableOffset="256"><lzss dataOffset="128" fileName="S08_50B.PAC.256.pac.0.lzss" size="4310" tableOffset="0" uncompressedSize="9012" /><lzss dataOffset="4440" fileName="S08_50B.PAC.256.pac.16.lzss" size="1609" tableOffset="16" uncompressedSize="5292" /><lzss dataOffset="6052" fileName="S08_50B.PAC.256.pac.64.lzss" size="5266" tableOffset="64" uncompressedSize="33312" /></pac><pac dataOffset="111528" fileName="S08_50B.PAC.264.pac" size="11944" tableOffset="264"><lzss dataOffset="128" fileName="S08_50B.PAC.264.pac.0.lzss" size="2447" tableOffset="0" uncompressedSize="5304" /><lzss dataOffset="2576" fileName="S08_50B.PAC.264.pac.16.lzss" size="678" tableOffset="16" uncompressedSize="1266" /><lzss dataOffset="3256" fileName="S08_50B.PAC.264.pac.64.lzss" size="8686" tableOffset="64" uncompressedSize="33312" /></pac><pac dataOffset="123472" fileName="S08_50B.PAC.272.pac" size="9232" tableOffset="272"><lzss dataOffset="128" fileName="S08_50B.PAC.272.pac.0.lzss" size="1021" tableOffset="0" uncompressedSize="2424" /><lzss dataOffset="1152" fileName="S08_50B.PAC.272.pac.16.lzss" size="105" tableOffset="16" uncompressedSize="190" /><lzss dataOffset="1260" fileName="S08_50B.PAC.272.pac.64.lzss" size="7970" tableOffset="64" uncompressedSize="33312" /></pac><pac dataOffset="132704" fileName="S08_50B.PAC.280.pac" size="11408" tableOffset="280"><lzss dataOffset="128" fileName="S08_50B.PAC.280.pac.0.lzss" size="2041" tableOffset="0" uncompressedSize="4040" /><lzss dataOffset="2172" fileName="S08_50B.PAC.280.pac.16.lzss" size="290" tableOffset="16" uncompressedSize="608" /><lzss dataOffset="2464" fileName="S08_50B.PAC.280.pac.64.lzss" size="8941" tableOffset="64" uncompressedSize="33312" /></pac></source>