<source fileName="S08_M02A.PAC" size="210080" tableOffset="0"><lzss dataOffset="384" fileName="S08_M02A.PAC.40.lzss" size="4711" tableOffset="40" uncompressedSize="11120" /><lzss dataOffset="5096" fileName="S08_M02A.PAC.128.lzss" size="24610" tableOffset="128" uncompressedSize="62160" /><lzss dataOffset="29708" fileName="S08_M02A.PAC.136.lzss" size="22606" tableOffset="136" uncompressedSize="72376" /><lzss dataOffset="52316" fileName="S08_M02A.PAC.144.lzss" size="61" tableOffset="144" uncompressedSize="84" /><lzss dataOffset="52380" fileName="S08_M02A.PAC.152.lzss" size="467" tableOffset="152" uncompressedSize="1820" /><lzss dataOffset="52848" fileName="S08_M02A.PAC.160.lzss" size="17483" tableOffset="160" uncompressedSize="33312" /><lzss dataOffset="70332" fileName="S08_M02A.PAC.168.lzss" size="7949" tableOffset="168" uncompressedSize="33312" /><lzss dataOffset="78284" fileName="S08_M02A.PAC.176.lzss" size="4384" tableOffset="176" uncompressedSize="33312" /><lzss dataOffset="82668" fileName="S08_M02A.PAC.184.lzss" size="7173" tableOffset="184" uncompressedSize="33312" /><lzss dataOffset="89844" fileName="S08_M02A.PAC.192.lzss" size="6322" tableOffset="192" uncompressedSize="66080" /><lzss dataOffset="96168" fileName="S08_M02A.PAC.200.lzss" size="577" tableOffset="200" uncompressedSize="2652" /><lzss dataOffset="96748" fileName="S08_M02A.PAC.224.lzss" size="1279" tableOffset="224" uncompressedSize="4112" /><lzss dataOffset="98028" fileName="S08_M02A.PAC.232.lzss" size="1467" tableOffset="232" uncompressedSize="3172" /><pac dataOffset="99496" fileName="S08_M02A.PAC.256.pac" size="11320" tableOffset="256"><lzss dataOffset="128" fileName="S08_M02A.PAC.256.pac.0.lzss" size="4310" tableOffset="0" uncompressedSize="9012" /><lzss dataOffset="4440" fileName="S08_M02A.PAC.256.pac.16.lzss" size="1609" tableOffset="16" uncompressedSize="5292" /><lzss dataOffset="6052" fileName="S08_M02A.PAC.256.pac.64.lzss" size="5266" tableOffset="64" uncompressedSize="33312" /></pac><pac dataOffset="110816" fileName="S08_M02A.PAC.264.pac" size="480" tableOffset="264"><lzss dataOffset="128" fileName="S08_M02A.PAC.264.pac.16.lzss" size="351" tableOffset="16" uncompressedSize="706" /></pac><pac dataOffset="111296" fileName="S08_M02A.PAC.272.pac" size="20456" tableOffset="272"><lzss dataOffset="128" fileName="S08_M02A.PAC.272.pac.0.lzss" size="6887" tableOffset="0" uncompressedSize="13360" /><lzss dataOffset="7016" fileName="S08_M02A.PAC.272.pac.16.lzss" size="2671" tableOffset="16" uncompressedSize="6502" /><lzss dataOffset="9688" fileName="S08_M02A.PAC.272.pac.64.lzss" size="6525" tableOffset="64" uncompressedSize="33312" /><lzss dataOffset="16216" fileName="S08_M02A.PAC.272.pac.72.lzss" size="4237" tableOffset="72" uncompressedSize="33312" /></pac><pac dataOffset="131752" fileName="S08_M02A.PAC.280.pac" size="13808" tableOffset="280"><lzss dataOffset="128" fileName="S08_M02A.PAC.280.pac.0.lzss" size="5106" tableOffset="0" uncompressedSize="9916" /><lzss dataOffset="5236" fileName="S08_M02A.PAC.280.pac.16.lzss" size="2706" tableOffset="16" uncompressedSize="5782" /><lzss dataOffset="7944" fileName="S08_M02A.PAC.280.pac.64.lzss" size="5862" tableOffset="64" uncompressedSize="33312" /></pac><pac dataOffset="145560" fileName="S08_M02A.PAC.288.pac" size="12780" tableOffset="288"><lzss dataOffset="128" fileName="S08_M02A.PAC.288.pac.0.lzss" size="4876" tableOffset="0" uncompressedSize="9304" /><lzss dataOffset="5004" fileName="S08_M02A.PAC.288.pac.16.lzss" size="2078" tableOffset="16" uncompressedSize="5802" /><lzss dataOffset="7084" fileName="S08_M02A.PAC.288.pac.64.lzss" size="5696" tableOffset="64" uncompressedSize="33312" /></pac><pac dataOffset="158340" fileName="S08_M02A.PAC.296.pac" size="12964" tableOffset="296"><lzss dataOffset="128" fileName="S08_M02A.PAC.296.pac.0.lzss" size="4885" tableOffset="0" uncompressedSize="9192" /><lzss dataOffset="5016" fileName="S08_M02A.PAC.296.pac.16.lzss" size="2654" tableOffset="16" uncompressedSize="8162" /><lzss dataOffset="7672" fileName="S08_M02A.PAC.296.pac.64.lzss" size="5290" tableOffset="64" uncompressedSize="33312" /></pac><pac dataOffset="171304" fileName="S08_M02A.PAC.304.pac" size="12924" tableOffset="304"><lzss dataOffset="128" fileName="S08_M02A.PAC.304.pac.0.lzss" size="5561" tableOffset="0" uncompressedSize="10620" /><lzss dataOffset="5692" fileName="S08_M02A.PAC.304.pac.16.lzss" size="1969" tableOffset="16" uncompressedSize="5082" /><lzss dataOffset="7664" fileName="S08_M02A.PAC.304.pac.64.lzss" size="5260" tableOffset="64" uncompressedSize="33312" /></pac><pac dataOffset="184228" fileName="S08_M02A.PAC.312.pac" size="13472" tableOffset="312"><lzss dataOffset="128" fileName="S08_M02A.PAC.312.pac.0.lzss" size="5669" tableOffset="0" uncompressedSize="10440" /><lzss dataOffset="5800" fileName="S08_M02A.PAC.312.pac.16.lzss" size="1653" tableOffset="16" uncompressedSize="3698" /><lzss dataOffset="7456" fileName="S08_M02A.PAC.312.pac.64.lzss" size="6015" tableOffset="64" uncompressedSize="33312" /></pac><pac dataOffset="197700" fileName="S08_M02A.PAC.320.pac" size="12380" tableOffset="320"><lzss dataOffset="128" fileName="S08_M02A.PAC.320.pac.0.lzss" size="5054" tableOffset="0" uncompressedSize="10756" /><lzss dataOffset="5184" fileName="S08_M02A.PAC.320.pac.16.lzss" size="712" tableOffset="16" uncompressedSize="1498" /><lzss dataOffset="5896" fileName="S08_M02A.PAC.320.pac.64.lzss" size="6483" tableOffset="64" uncompressedSize="33312" /></pac></source>