<source fileName="S08_M14A.PAC" size="186820" tableOffset="0"><lzss dataOffset="392" fileName="S08_M14A.PAC.40.lzss" size="4711" tableOffset="40" uncompressedSize="11120" /><lzss dataOffset="5104" fileName="S08_M14A.PAC.128.lzss" size="19975" tableOffset="128" uncompressedSize="56176" /><lzss dataOffset="25080" fileName="S08_M14A.PAC.136.lzss" size="36912" tableOffset="136" uncompressedSize="127324" /><lzss dataOffset="61992" fileName="S08_M14A.PAC.144.lzss" size="72" tableOffset="144" uncompressedSize="192" /><lzss dataOffset="62064" fileName="S08_M14A.PAC.152.lzss" size="478" tableOffset="152" uncompressedSize="1328" /><lzss dataOffset="62544" fileName="S08_M14A.PAC.160.lzss" size="18112" tableOffset="160" uncompressedSize="33312" /><lzss dataOffset="80656" fileName="S08_M14A.PAC.168.lzss" size="11588" tableOffset="168" uncompressedSize="33312" /><lzss dataOffset="92244" fileName="S08_M14A.PAC.192.lzss" size="6322" tableOffset="192" uncompressedSize="66080" /><lzss dataOffset="98568" fileName="S08_M14A.PAC.200.lzss" size="577" tableOffset="200" uncompressedSize="2652" /><lzss dataOffset="99148" fileName="S08_M14A.PAC.224.lzss" size="1799" tableOffset="224" uncompressedSize="7046" /><lzss dataOffset="100948" fileName="S08_M14A.PAC.232.lzss" size="1403" tableOffset="232" uncompressedSize="3504" /><pac dataOffset="102352" fileName="S08_M14A.PAC.256.pac" size="11320" tableOffset="256"><lzss dataOffset="128" fileName="S08_M14A.PAC.256.pac.0.lzss" size="4310" tableOffset="0" uncompressedSize="9012" /><lzss dataOffset="4440" fileName="S08_M14A.PAC.256.pac.16.lzss" size="1609" tableOffset="16" uncompressedSize="5292" /><lzss dataOffset="6052" fileName="S08_M14A.PAC.256.pac.64.lzss" size="5266" tableOffset="64" uncompressedSize="33312" /></pac><pac dataOffset="113672" fileName="S08_M14A.PAC.264.pac" size="480" tableOffset="264"><lzss dataOffset="128" fileName="S08_M14A.PAC.264.pac.16.lzss" size="351" tableOffset="16" uncompressedSize="706" /></pac><pac dataOffset="114152" fileName="S08_M14A.PAC.272.pac" size="12516" tableOffset="272"><lzss dataOffset="128" fileName="S08_M14A.PAC.272.pac.0.lzss" size="5016" tableOffset="0" uncompressedSize="9636" /><lzss dataOffset="5144" fileName="S08_M14A.PAC.272.pac.16.lzss" size="332" tableOffset="16" uncompressedSize="666" /><lzss dataOffset="5476" fileName="S08_M14A.PAC.272.pac.64.lzss" size="7039" tableOffset="64" uncompressedSize="33312" /></pac><pac dataOffset="126668" fileName="S08_M14A.PAC.280.pac" size="12924" tableOffset="280"><lzss dataOffset="128" fileName="S08_M14A.PAC.280.pac.0.lzss" size="5561" tableOffset="0" uncompressedSize="10620" /><lzss dataOffset="5692" fileName="S08_M14A.PAC.280.pac.16.lzss" size="1969" tableOffset="16" uncompressedSize="5082" /><lzss dataOffset="7664" fileName="S08_M14A.PAC.280.pac.64.lzss" size="5260" tableOffset="64" uncompressedSize="33312" /></pac><pac dataOffset="139592" fileName="S08_M14A.PAC.288.pac" size="20456" tableOffset="288"><lzss dataOffset="128" fileName="S08_M14A.PAC.288.pac.0.lzss" size="6887" tableOffset="0" uncompressedSize="13360" /><lzss dataOffset="7016" fileName="S08_M14A.PAC.288.pac.16.lzss" size="2671" tableOffset="16" uncompressedSize="6502" /><lzss dataOffset="9688" fileName="S08_M14A.PAC.288.pac.64.lzss" size="6525" tableOffset="64" uncompressedSize="33312" /><lzss dataOffset="16216" fileName="S08_M14A.PAC.288.pac.72.lzss" size="4237" tableOffset="72" uncompressedSize="33312" /></pac><pac dataOffset="160048" fileName="S08_M14A.PAC.296.pac" size="12964" tableOffset="296"><lzss dataOffset="128" fileName="S08_M14A.PAC.296.pac.0.lzss" size="4885" tableOffset="0" uncompressedSize="9192" /><lzss dataOffset="5016" fileName="S08_M14A.PAC.296.pac.16.lzss" size="2654" tableOffset="16" uncompressedSize="8162" /><lzss dataOffset="7672" fileName="S08_M14A.PAC.296.pac.64.lzss" size="5290" tableOffset="64" uncompressedSize="33312" /></pac><pac dataOffset="173012" fileName="S08_M14A.PAC.304.pac" size="13808" tableOffset="304"><lzss dataOffset="128" fileName="S08_M14A.PAC.304.pac.0.lzss" size="5106" tableOffset="0" uncompressedSize="9916" /><lzss dataOffset="5236" fileName="S08_M14A.PAC.304.pac.16.lzss" size="2706" tableOffset="16" uncompressedSize="5782" /><lzss dataOffset="7944" fileName="S08_M14A.PAC.304.pac.64.lzss" size="5862" tableOffset="64" uncompressedSize="33312" /></pac></source>