<source fileName="S08_00A.PAC" size="129192" tableOffset="0"><lzss dataOffset="384" fileName="S08_00A.PAC.0.lzss" size="11224" tableOffset="0" uncompressedSize="33312" /><lzss dataOffset="11608" fileName="S08_00A.PAC.40.lzss" size="4711" tableOffset="40" uncompressedSize="11120" /><lzss dataOffset="16320" fileName="S08_00A.PAC.128.lzss" size="8226" tableOffset="128" uncompressedSize="32172" /><lzss dataOffset="24548" fileName="S08_00A.PAC.136.lzss" size="35201" tableOffset="136" uncompressedSize="126996" /><lzss dataOffset="59752" fileName="S08_00A.PAC.144.lzss" size="86" tableOffset="144" uncompressedSize="112" /><lzss dataOffset="59840" fileName="S08_00A.PAC.152.lzss" size="242" tableOffset="152" uncompressedSize="588" /><lzss dataOffset="60084" fileName="S08_00A.PAC.160.lzss" size="6385" tableOffset="160" uncompressedSize="33312" /><lzss dataOffset="66472" fileName="S08_00A.PAC.168.lzss" size="3926" tableOffset="168" uncompressedSize="33312" /><lzss dataOffset="70400" fileName="S08_00A.PAC.176.lzss" size="7955" tableOffset="176" uncompressedSize="33312" /><lzss dataOffset="78356" fileName="S08_00A.PAC.184.lzss" size="8738" tableOffset="184" uncompressedSize="33312" /><lzss dataOffset="87096" fileName="S08_00A.PAC.192.lzss" size="6322" tableOffset="192" uncompressedSize="66080" /><lzss dataOffset="93420" fileName="S08_00A.PAC.224.lzss" size="977" tableOffset="224" uncompressedSize="2596" /><lzss dataOffset="94400" fileName="S08_00A.PAC.232.lzss" size="117" tableOffset="232" uncompressedSize="124" /><pac dataOffset="94520" fileName="S08_00A.PAC.256.pac" size="11320" tableOffset="256"><lzss dataOffset="128" fileName="S08_00A.PAC.256.pac.0.lzss" size="4310" tableOffset="0" uncompressedSize="9012" /><lzss dataOffset="4440" fileName="S08_00A.PAC.256.pac.16.lzss" size="1609" tableOffset="16" uncompressedSize="5292" /><lzss dataOffset="6052" fileName="S08_00A.PAC.256.pac.64.lzss" size="5266" tableOffset="64" uncompressedSize="33312" /></pac><pac dataOffset="105840" fileName="S08_00A.PAC.264.pac" size="11944" tableOffset="264"><lzss dataOffset="128" fileName="S08_00A.PAC.264.pac.0.lzss" size="2447" tableOffset="0" uncompressedSize="5304" /><lzss dataOffset="2576" fileName="S08_00A.PAC.264.pac.16.lzss" size="678" tableOffset="16" uncompressedSize="1266" /><lzss dataOffset="3256" fileName="S08_00A.PAC.264.pac.64.lzss" size="8686" tableOffset="64" uncompressedSize="33312" /></pac><pac dataOffset="117784" fileName="S08_00A.PAC.272.pac" size="11408" tableOffset="272"><lzss dataOffset="128" fileName="S08_00A.PAC.272.pac.0.lzss" size="2041" tableOffset="0" uncompressedSize="4040" /><lzss dataOffset="2172" fileName="S08_00A.PAC.272.pac.16.lzss" size="290" tableOffset="16" uncompressedSize="608" /><lzss dataOffset="2464" fileName="S08_00A.PAC.272.pac.64.lzss" size="8941" tableOffset="64" uncompressedSize="33312" /></pac></source>