<source fileName="S08_J.PAC" size="173156" tableOffset="0"><lzss dataOffset="384" fileName="S08_J.PAC.0.lzss" size="11224" tableOffset="0" uncompressedSize="33312" /><lzss dataOffset="11608" fileName="S08_J.PAC.40.lzss" size="4711" tableOffset="40" uncompressedSize="11120" /><lzss dataOffset="16320" fileName="S08_J.PAC.128.lzss" size="17137" tableOffset="128" uncompressedSize="40620" /><lzss dataOffset="33460" fileName="S08_J.PAC.136.lzss" size="36410" tableOffset="136" uncompressedSize="128660" /><lzss dataOffset="69872" fileName="S08_J.PAC.144.lzss" size="84" tableOffset="144" uncompressedSize="112" /><lzss dataOffset="69956" fileName="S08_J.PAC.152.lzss" size="158" tableOffset="152" uncompressedSize="412" /><lzss dataOffset="70116" fileName="S08_J.PAC.160.lzss" size="6931" tableOffset="160" uncompressedSize="33312" /><lzss dataOffset="77048" fileName="S08_J.PAC.168.lzss" size="8694" tableOffset="168" uncompressedSize="33312" /><lzss dataOffset="85744" fileName="S08_J.PAC.176.lzss" size="6360" tableOffset="176" uncompressedSize="33312" /><lzss dataOffset="92104" fileName="S08_J.PAC.184.lzss" size="8738" tableOffset="184" uncompressedSize="33312" /><lzss dataOffset="100844" fileName="S08_J.PAC.192.lzss" size="6322" tableOffset="192" uncompressedSize="66080" /><lzss dataOffset="107168" fileName="S08_J.PAC.224.lzss" size="1518" tableOffset="224" uncompressedSize="4570" /><lzss dataOffset="108688" fileName="S08_J.PAC.232.lzss" size="1088" tableOffset="232" uncompressedSize="1804" /><pac dataOffset="109776" fileName="S08_J.PAC.256.pac" size="11320" tableOffset="256"><lzss dataOffset="128" fileName="S08_J.PAC.256.pac.0.lzss" size="4310" tableOffset="0" uncompressedSize="9012" /><lzss dataOffset="4440" fileName="S08_J.PAC.256.pac.16.lzss" size="1609" tableOffset="16" uncompressedSize="5292" /><lzss dataOffset="6052" fileName="S08_J.PAC.256.pac.64.lzss" size="5266" tableOffset="64" uncompressedSize="33312" /></pac><pac dataOffset="121096" fileName="S08_J.PAC.264.pac" size="39032" tableOffset="264"><lzss dataOffset="128" fileName="S08_J.PAC.264.pac.0.lzss" size="12919" tableOffset="0" uncompressedSize="25100" /><lzss dataOffset="13048" fileName="S08_J.PAC.264.pac.16.lzss" size="4028" tableOffset="16" uncompressedSize="12950" /><lzss dataOffset="17076" fileName="S08_J.PAC.264.pac.64.lzss" size="6194" tableOffset="64" uncompressedSize="33312" /><lzss dataOffset="23272" fileName="S08_J.PAC.264.pac.72.lzss" size="6182" tableOffset="72" uncompressedSize="33312" /><lzss dataOffset="29456" fileName="S08_J.PAC.264.pac.80.lzss" size="6692" tableOffset="80" uncompressedSize="33312" /><lzss dataOffset="36148" fileName="S08_J.PAC.264.pac.88.lzss" size="2884" tableOffset="88" uncompressedSize="33312" /></pac><pac dataOffset="160128" fileName="S08_J.PAC.280.pac" size="8092" tableOffset="280"><lzss dataOffset="128" fileName="S08_J.PAC.280.pac.0.lzss" size="2112" tableOffset="0" uncompressedSize="3776" /><lzss dataOffset="2240" fileName="S08_J.PAC.280.pac.16.lzss" size="1107" tableOffset="16" uncompressedSize="2162" /><lzss dataOffset="3348" fileName="S08_J.PAC.280.pac.64.lzss" size="4744" tableOffset="64" uncompressedSize="33312" /></pac><pac dataOffset="168220" fileName="S08_J.PAC.368.pac" size="4936" tableOffset="368"><lzss dataOffset="128" fileName="S08_J.PAC.368.pac.0.lzss" size="1480" tableOffset="0" uncompressedSize="3992" /><lzss dataOffset="1608" fileName="S08_J.PAC.368.pac.16.lzss" size="280" tableOffset="16" uncompressedSize="572" /><lzss dataOffset="1888" fileName="S08_J.PAC.368.pac.64.lzss" size="3045" tableOffset="64" uncompressedSize="33312" /></pac></source>