<source fileName="S08_11C.PAC" size="126176" tableOffset="0"><lzss dataOffset="384" fileName="S08_11C.PAC.0.lzss" size="11224" tableOffset="0" uncompressedSize="33312" /><lzss dataOffset="11608" fileName="S08_11C.PAC.40.lzss" size="4711" tableOffset="40" uncompressedSize="11120" /><lzss dataOffset="16320" fileName="S08_11C.PAC.128.lzss" size="5312" tableOffset="128" uncompressedSize="17092" /><lzss dataOffset="21632" fileName="S08_11C.PAC.136.lzss" size="36476" tableOffset="136" uncompressedSize="126996" /><lzss dataOffset="58108" fileName="S08_11C.PAC.144.lzss" size="57" tableOffset="144" uncompressedSize="144" /><lzss dataOffset="58168" fileName="S08_11C.PAC.152.lzss" size="273" tableOffset="152" uncompressedSize="796" /><lzss dataOffset="58444" fileName="S08_11C.PAC.160.lzss" size="6160" tableOffset="160" uncompressedSize="33312" /><lzss dataOffset="64604" fileName="S08_11C.PAC.168.lzss" size="5920" tableOffset="168" uncompressedSize="33312" /><lzss dataOffset="70524" fileName="S08_11C.PAC.176.lzss" size="7955" tableOffset="176" uncompressedSize="33312" /><lzss dataOffset="78480" fileName="S08_11C.PAC.184.lzss" size="8738" tableOffset="184" uncompressedSize="33312" /><lzss dataOffset="87220" fileName="S08_11C.PAC.192.lzss" size="6322" tableOffset="192" uncompressedSize="66080" /><lzss dataOffset="93544" fileName="S08_11C.PAC.224.lzss" size="914" tableOffset="224" uncompressedSize="2440" /><lzss dataOffset="94460" fileName="S08_11C.PAC.232.lzss" size="117" tableOffset="232" uncompressedSize="124" /><pac dataOffset="94580" fileName="S08_11C.PAC.256.pac" size="11320" tableOffset="256"><lzss dataOffset="128" fileName="S08_11C.PAC.256.pac.0.lzss" size="4310" tableOffset="0" uncompressedSize="9012" /><lzss dataOffset="4440" fileName="S08_11C.PAC.256.pac.16.lzss" size="1609" tableOffset="16" uncompressedSize="5292" /><lzss dataOffset="6052" fileName="S08_11C.PAC.256.pac.64.lzss" size="5266" tableOffset="64" uncompressedSize="33312" /></pac><pac dataOffset="105900" fileName="S08_11C.PAC.264.pac" size="8868" tableOffset="264"><lzss dataOffset="128" fileName="S08_11C.PAC.264.pac.0.lzss" size="592" tableOffset="0" uncompressedSize="1416" /><lzss dataOffset="720" fileName="S08_11C.PAC.264.pac.16.lzss" size="173" tableOffset="16" uncompressedSize="270" /><lzss dataOffset="896" fileName="S08_11C.PAC.264.pac.64.lzss" size="7970" tableOffset="64" uncompressedSize="33312" /></pac><pac dataOffset="114768" fileName="S08_11C.PAC.272.pac" size="11408" tableOffset="272"><lzss dataOffset="128" fileName="S08_11C.PAC.272.pac.0.lzss" size="2041" tableOffset="0" uncompressedSize="4040" /><lzss dataOffset="2172" fileName="S08_11C.PAC.272.pac.16.lzss" size="290" tableOffset="16" uncompressedSize="608" /><lzss dataOffset="2464" fileName="S08_11C.PAC.272.pac.64.lzss" size="8941" tableOffset="64" uncompressedSize="33312" /></pac></source>