<source fileName="S08_21D.PAC" size="127820" tableOffset="0"><lzss dataOffset="384" fileName="S08_21D.PAC.0.lzss" size="11224" tableOffset="0" uncompressedSize="33312" /><lzss dataOffset="11608" fileName="S08_21D.PAC.40.lzss" size="4711" tableOffset="40" uncompressedSize="11120" /><lzss dataOffset="16320" fileName="S08_21D.PAC.128.lzss" size="6958" tableOffset="128" uncompressedSize="26156" /><lzss dataOffset="23280" fileName="S08_21D.PAC.136.lzss" size="36212" tableOffset="136" uncompressedSize="127024" /><lzss dataOffset="59492" fileName="S08_21D.PAC.144.lzss" size="71" tableOffset="144" uncompressedSize="112" /><lzss dataOffset="59564" fileName="S08_21D.PAC.152.lzss" size="255" tableOffset="152" uncompressedSize="568" /><lzss dataOffset="59820" fileName="S08_21D.PAC.160.lzss" size="5660" tableOffset="160" uncompressedSize="33312" /><lzss dataOffset="65480" fileName="S08_21D.PAC.168.lzss" size="6172" tableOffset="168" uncompressedSize="33312" /><lzss dataOffset="71652" fileName="S08_21D.PAC.176.lzss" size="7955" tableOffset="176" uncompressedSize="33312" /><lzss dataOffset="79608" fileName="S08_21D.PAC.184.lzss" size="8738" tableOffset="184" uncompressedSize="33312" /><lzss dataOffset="88348" fileName="S08_21D.PAC.192.lzss" size="6322" tableOffset="192" uncompressedSize="66080" /><lzss dataOffset="94672" fileName="S08_21D.PAC.224.lzss" size="915" tableOffset="224" uncompressedSize="2440" /><lzss dataOffset="95588" fileName="S08_21D.PAC.232.lzss" size="117" tableOffset="232" uncompressedSize="124" /><pac dataOffset="95708" fileName="S08_21D.PAC.256.pac" size="11320" tableOffset="256"><lzss dataOffset="128" fileName="S08_21D.PAC.256.pac.0.lzss" size="4310" tableOffset="0" uncompressedSize="9012" /><lzss dataOffset="4440" fileName="S08_21D.PAC.256.pac.16.lzss" size="1609" tableOffset="16" uncompressedSize="5292" /><lzss dataOffset="6052" fileName="S08_21D.PAC.256.pac.64.lzss" size="5266" tableOffset="64" uncompressedSize="33312" /></pac><pac dataOffset="107028" fileName="S08_21D.PAC.264.pac" size="9384" tableOffset="264"><lzss dataOffset="128" fileName="S08_21D.PAC.264.pac.0.lzss" size="1037" tableOffset="0" uncompressedSize="2536" /><lzss dataOffset="1168" fileName="S08_21D.PAC.264.pac.16.lzss" size="242" tableOffset="16" uncompressedSize="494" /><lzss dataOffset="1412" fileName="S08_21D.PAC.264.pac.64.lzss" size="7970" tableOffset="64" uncompressedSize="33312" /></pac><pac dataOffset="116412" fileName="S08_21D.PAC.272.pac" size="11408" tableOffset="272"><lzss dataOffset="128" fileName="S08_21D.PAC.272.pac.0.lzss" size="2041" tableOffset="0" uncompressedSize="4040" /><lzss dataOffset="2172" fileName="S08_21D.PAC.272.pac.16.lzss" size="290" tableOffset="16" uncompressedSize="608" /><lzss dataOffset="2464" fileName="S08_21D.PAC.272.pac.64.lzss" size="8941" tableOffset="64" uncompressedSize="33312" /></pac></source>