<source fileName="S08_M08B.PAC" size="106536" tableOffset="0"><lzss dataOffset="384" fileName="S08_M08B.PAC.40.lzss" size="4711" tableOffset="40" uncompressedSize="11120" /><lzss dataOffset="5096" fileName="S08_M08B.PAC.128.lzss" size="26400" tableOffset="128" uncompressedSize="63132" /><lzss dataOffset="31496" fileName="S08_M08B.PAC.136.lzss" size="36209" tableOffset="136" uncompressedSize="127044" /><lzss dataOffset="67708" fileName="S08_M08B.PAC.144.lzss" size="59" tableOffset="144" uncompressedSize="112" /><lzss dataOffset="67768" fileName="S08_M08B.PAC.152.lzss" size="157" tableOffset="152" uncompressedSize="312" /><lzss dataOffset="67928" fileName="S08_M08B.PAC.160.lzss" size="5424" tableOffset="160" uncompressedSize="33312" /><lzss dataOffset="73352" fileName="S08_M08B.PAC.168.lzss" size="6850" tableOffset="168" uncompressedSize="33312" /><lzss dataOffset="80204" fileName="S08_M08B.PAC.200.lzss" size="577" tableOffset="200" uncompressedSize="2652" /><lzss dataOffset="80784" fileName="S08_M08B.PAC.224.lzss" size="1608" tableOffset="224" uncompressedSize="5786" /><lzss dataOffset="82392" fileName="S08_M08B.PAC.232.lzss" size="1063" tableOffset="232" uncompressedSize="3040" /><pac dataOffset="83456" fileName="S08_M08B.PAC.256.pac" size="11320" tableOffset="256"><lzss dataOffset="128" fileName="S08_M08B.PAC.256.pac.0.lzss" size="4310" tableOffset="0" uncompressedSize="9012" /><lzss dataOffset="4440" fileName="S08_M08B.PAC.256.pac.16.lzss" size="1609" tableOffset="16" uncompressedSize="5292" /><lzss dataOffset="6052" fileName="S08_M08B.PAC.256.pac.64.lzss" size="5266" tableOffset="64" uncompressedSize="33312" /></pac><pac dataOffset="94776" fileName="S08_M08B.PAC.264.pac" size="480" tableOffset="264"><lzss dataOffset="128" fileName="S08_M08B.PAC.264.pac.16.lzss" size="351" tableOffset="16" uncompressedSize="706" /></pac><pac dataOffset="95256" fileName="S08_M08B.PAC.272.pac" size="11280" tableOffset="272"><lzss dataOffset="128" fileName="S08_M08B.PAC.272.pac.0.lzss" size="5356" tableOffset="0" uncompressedSize="10344" /><lzss dataOffset="5484" fileName="S08_M08B.PAC.272.pac.16.lzss" size="596" tableOffset="16" uncompressedSize="1358" /><lzss dataOffset="6080" fileName="S08_M08B.PAC.272.pac.64.lzss" size="5200" tableOffset="64" uncompressedSize="33312" /></pac></source>