<source fileName="S08_M15B.PAC" size="130112" tableOffset="0"><lzss dataOffset="384" fileName="S08_M15B.PAC.40.lzss" size="4711" tableOffset="40" uncompressedSize="11120" /><lzss dataOffset="5096" fileName="S08_M15B.PAC.128.lzss" size="39361" tableOffset="128" uncompressedSize="75072" /><lzss dataOffset="44460" fileName="S08_M15B.PAC.136.lzss" size="34903" tableOffset="136" uncompressedSize="127216" /><lzss dataOffset="79364" fileName="S08_M15B.PAC.144.lzss" size="60" tableOffset="144" uncompressedSize="112" /><lzss dataOffset="79424" fileName="S08_M15B.PAC.152.lzss" size="182" tableOffset="152" uncompressedSize="492" /><lzss dataOffset="79608" fileName="S08_M15B.PAC.160.lzss" size="8650" tableOffset="160" uncompressedSize="33312" /><lzss dataOffset="88260" fileName="S08_M15B.PAC.168.lzss" size="7410" tableOffset="168" uncompressedSize="33312" /><lzss dataOffset="95672" fileName="S08_M15B.PAC.176.lzss" size="6794" tableOffset="176" uncompressedSize="33312" /><lzss dataOffset="102468" fileName="S08_M15B.PAC.200.lzss" size="577" tableOffset="200" uncompressedSize="2652" /><lzss dataOffset="103048" fileName="S08_M15B.PAC.224.lzss" size="1057" tableOffset="224" uncompressedSize="2936" /><lzss dataOffset="104108" fileName="S08_M15B.PAC.232.lzss" size="951" tableOffset="232" uncompressedSize="2328" /><pac dataOffset="105060" fileName="S08_M15B.PAC.256.pac" size="11320" tableOffset="256"><lzss dataOffset="128" fileName="S08_M15B.PAC.256.pac.0.lzss" size="4310" tableOffset="0" uncompressedSize="9012" /><lzss dataOffset="4440" fileName="S08_M15B.PAC.256.pac.16.lzss" size="1609" tableOffset="16" uncompressedSize="5292" /><lzss dataOffset="6052" fileName="S08_M15B.PAC.256.pac.64.lzss" size="5266" tableOffset="64" uncompressedSize="33312" /></pac><pac dataOffset="116380" fileName="S08_M15B.PAC.264.pac" size="480" tableOffset="264"><lzss dataOffset="128" fileName="S08_M15B.PAC.264.pac.16.lzss" size="351" tableOffset="16" uncompressedSize="706" /></pac><pac dataOffset="116860" fileName="S08_M15B.PAC.272.pac" size="13252" tableOffset="272"><lzss dataOffset="128" fileName="S08_M15B.PAC.272.pac.0.lzss" size="4938" tableOffset="0" uncompressedSize="9624" /><lzss dataOffset="5068" fileName="S08_M15B.PAC.272.pac.16.lzss" size="1085" tableOffset="16" uncompressedSize="2482" /><lzss dataOffset="6156" fileName="S08_M15B.PAC.272.pac.64.lzss" size="7094" tableOffset="64" uncompressedSize="33312" /></pac></source>