<source fileName="S08_M02C.PAC" size="179652" tableOffset="0"><lzss dataOffset="384" fileName="S08_M02C.PAC.40.lzss" size="4711" tableOffset="40" uncompressedSize="11120" /><lzss dataOffset="5096" fileName="S08_M02C.PAC.128.lzss" size="31688" tableOffset="128" uncompressedSize="76652" /><lzss dataOffset="36784" fileName="S08_M02C.PAC.136.lzss" size="36362" tableOffset="136" uncompressedSize="127912" /><lzss dataOffset="73148" fileName="S08_M02C.PAC.144.lzss" size="60" tableOffset="144" uncompressedSize="112" /><lzss dataOffset="73208" fileName="S08_M02C.PAC.152.lzss" size="340" tableOffset="152" uncompressedSize="964" /><lzss dataOffset="73548" fileName="S08_M02C.PAC.160.lzss" size="6535" tableOffset="160" uncompressedSize="33312" /><lzss dataOffset="80084" fileName="S08_M02C.PAC.168.lzss" size="5032" tableOffset="168" uncompressedSize="33312" /><lzss dataOffset="85116" fileName="S08_M02C.PAC.176.lzss" size="4756" tableOffset="176" uncompressedSize="33312" /><lzss dataOffset="89872" fileName="S08_M02C.PAC.184.lzss" size="2124" tableOffset="184" uncompressedSize="33312" /><lzss dataOffset="91996" fileName="S08_M02C.PAC.200.lzss" size="577" tableOffset="200" uncompressedSize="2652" /><lzss dataOffset="92576" fileName="S08_M02C.PAC.224.lzss" size="1564" tableOffset="224" uncompressedSize="4580" /><lzss dataOffset="94140" fileName="S08_M02C.PAC.232.lzss" size="778" tableOffset="232" uncompressedSize="1940" /><pac dataOffset="94920" fileName="S08_M02C.PAC.256.pac" size="11320" tableOffset="256"><lzss dataOffset="128" fileName="S08_M02C.PAC.256.pac.0.lzss" size="4310" tableOffset="0" uncompressedSize="9012" /><lzss dataOffset="4440" fileName="S08_M02C.PAC.256.pac.16.lzss" size="1609" tableOffset="16" uncompressedSize="5292" /><lzss dataOffset="6052" fileName="S08_M02C.PAC.256.pac.64.lzss" size="5266" tableOffset="64" uncompressedSize="33312" /></pac><pac dataOffset="106240" fileName="S08_M02C.PAC.264.pac" size="480" tableOffset="264"><lzss dataOffset="128" fileName="S08_M02C.PAC.264.pac.16.lzss" size="351" tableOffset="16" uncompressedSize="706" /></pac><pac dataOffset="106720" fileName="S08_M02C.PAC.272.pac" size="20456" tableOffset="272"><lzss dataOffset="128" fileName="S08_M02C.PAC.272.pac.0.lzss" size="6887" tableOffset="0" uncompressedSize="13360" /><lzss dataOffset="7016" fileName="S08_M02C.PAC.272.pac.16.lzss" size="2671" tableOffset="16" uncompressedSize="6502" /><lzss dataOffset="9688" fileName="S08_M02C.PAC.272.pac.64.lzss" size="6525" tableOffset="64" uncompressedSize="33312" /><lzss dataOffset="16216" fileName="S08_M02C.PAC.272.pac.72.lzss" size="4237" tableOffset="72" uncompressedSize="33312" /></pac><pac dataOffset="127176" fileName="S08_M02C.PAC.280.pac" size="13808" tableOffset="280"><lzss dataOffset="128" fileName="S08_M02C.PAC.280.pac.0.lzss" size="5106" tableOffset="0" uncompressedSize="9916" /><lzss dataOffset="5236" fileName="S08_M02C.PAC.280.pac.16.lzss" size="2706" tableOffset="16" uncompressedSize="5782" /><lzss dataOffset="7944" fileName="S08_M02C.PAC.280.pac.64.lzss" size="5862" tableOffset="64" uncompressedSize="33312" /></pac><pac dataOffset="140984" fileName="S08_M02C.PAC.288.pac" size="12780" tableOffset="288"><lzss dataOffset="128" fileName="S08_M02C.PAC.288.pac.0.lzss" size="4876" tableOffset="0" uncompressedSize="9304" /><lzss dataOffset="5004" fileName="S08_M02C.PAC.288.pac.16.lzss" size="2078" tableOffset="16" uncompressedSize="5802" /><lzss dataOffset="7084" fileName="S08_M02C.PAC.288.pac.64.lzss" size="5696" tableOffset="64" uncompressedSize="33312" /></pac><pac dataOffset="153764" fileName="S08_M02C.PAC.296.pac" size="12964" tableOffset="296"><lzss dataOffset="128" fileName="S08_M02C.PAC.296.pac.0.lzss" size="4885" tableOffset="0" uncompressedSize="9192" /><lzss dataOffset="5016" fileName="S08_M02C.PAC.296.pac.16.lzss" size="2654" tableOffset="16" uncompressedSize="8162" /><lzss dataOffset="7672" fileName="S08_M02C.PAC.296.pac.64.lzss" size="5290" tableOffset="64" uncompressedSize="33312" /></pac><pac dataOffset="166728" fileName="S08_M02C.PAC.304.pac" size="12924" tableOffset="304"><lzss dataOffset="128" fileName="S08_M02C.PAC.304.pac.0.lzss" size="5561" tableOffset="0" uncompressedSize="10620" /><lzss dataOffset="5692" fileName="S08_M02C.PAC.304.pac.16.lzss" size="1969" tableOffset="16" uncompressedSize="5082" /><lzss dataOffset="7664" fileName="S08_M02C.PAC.304.pac.64.lzss" size="5260" tableOffset="64" uncompressedSize="33312" /></pac></source>