<source fileName="S08_M02E.PAC" size="200572" tableOffset="0"><lzss dataOffset="384" fileName="S08_M02E.PAC.40.lzss" size="4711" tableOffset="40" uncompressedSize="11120" /><lzss dataOffset="5096" fileName="S08_M02E.PAC.128.lzss" size="24610" tableOffset="128" uncompressedSize="62160" /><lzss dataOffset="29708" fileName="S08_M02E.PAC.136.lzss" size="22606" tableOffset="136" uncompressedSize="72376" /><lzss dataOffset="52316" fileName="S08_M02E.PAC.144.lzss" size="61" tableOffset="144" uncompressedSize="84" /><lzss dataOffset="52380" fileName="S08_M02E.PAC.152.lzss" size="467" tableOffset="152" uncompressedSize="1820" /><lzss dataOffset="52848" fileName="S08_M02E.PAC.160.lzss" size="17483" tableOffset="160" uncompressedSize="33312" /><lzss dataOffset="70332" fileName="S08_M02E.PAC.168.lzss" size="7949" tableOffset="168" uncompressedSize="33312" /><lzss dataOffset="78284" fileName="S08_M02E.PAC.176.lzss" size="4384" tableOffset="176" uncompressedSize="33312" /><lzss dataOffset="82668" fileName="S08_M02E.PAC.184.lzss" size="7173" tableOffset="184" uncompressedSize="33312" /><lzss dataOffset="89844" fileName="S08_M02E.PAC.192.lzss" size="6322" tableOffset="192" uncompressedSize="66080" /><lzss dataOffset="96168" fileName="S08_M02E.PAC.200.lzss" size="577" tableOffset="200" uncompressedSize="2652" /><lzss dataOffset="96748" fileName="S08_M02E.PAC.224.lzss" size="3238" tableOffset="224" uncompressedSize="18008" /><lzss dataOffset="99988" fileName="S08_M02E.PAC.232.lzss" size="4893" tableOffset="232" uncompressedSize="14300" /><pac dataOffset="104884" fileName="S08_M02E.PAC.256.pac" size="11320" tableOffset="256"><lzss dataOffset="128" fileName="S08_M02E.PAC.256.pac.0.lzss" size="4310" tableOffset="0" uncompressedSize="9012" /><lzss dataOffset="4440" fileName="S08_M02E.PAC.256.pac.16.lzss" size="1609" tableOffset="16" uncompressedSize="5292" /><lzss dataOffset="6052" fileName="S08_M02E.PAC.256.pac.64.lzss" size="5266" tableOffset="64" uncompressedSize="33312" /></pac><pac dataOffset="116204" fileName="S08_M02E.PAC.264.pac" size="480" tableOffset="264"><lzss dataOffset="128" fileName="S08_M02E.PAC.264.pac.16.lzss" size="351" tableOffset="16" uncompressedSize="706" /></pac><pac dataOffset="116684" fileName="S08_M02E.PAC.272.pac" size="12296" tableOffset="272"><lzss dataOffset="128" fileName="S08_M02E.PAC.272.pac.0.lzss" size="5036" tableOffset="0" uncompressedSize="9352" /><lzss dataOffset="5164" fileName="S08_M02E.PAC.272.pac.16.lzss" size="680" tableOffset="16" uncompressedSize="1498" /><lzss dataOffset="5844" fileName="S08_M02E.PAC.272.pac.64.lzss" size="6452" tableOffset="64" uncompressedSize="33312" /></pac><pac dataOffset="128980" fileName="S08_M02E.PAC.280.pac" size="7720" tableOffset="280"><lzss dataOffset="128" fileName="S08_M02E.PAC.280.pac.0.lzss" size="3873" tableOffset="0" uncompressedSize="7824" /><lzss dataOffset="4004" fileName="S08_M02E.PAC.280.pac.16.lzss" size="1078" tableOffset="16" uncompressedSize="2842" /><lzss dataOffset="5084" fileName="S08_M02E.PAC.280.pac.64.lzss" size="2636" tableOffset="64" uncompressedSize="33312" /></pac><pac dataOffset="136700" fileName="S08_M02E.PAC.288.pac" size="8108" tableOffset="288"><lzss dataOffset="128" fileName="S08_M02E.PAC.288.pac.0.lzss" size="3815" tableOffset="0" uncompressedSize="7576" /><lzss dataOffset="3944" fileName="S08_M02E.PAC.288.pac.16.lzss" size="812" tableOffset="16" uncompressedSize="2082" /><lzss dataOffset="4756" fileName="S08_M02E.PAC.288.pac.64.lzss" size="3352" tableOffset="64" uncompressedSize="33312" /></pac><pac dataOffset="144808" fileName="S08_M02E.PAC.296.pac" size="20456" tableOffset="296"><lzss dataOffset="128" fileName="S08_M02E.PAC.296.pac.0.lzss" size="6887" tableOffset="0" uncompressedSize="13360" /><lzss dataOffset="7016" fileName="S08_M02E.PAC.296.pac.16.lzss" size="2671" tableOffset="16" uncompressedSize="6502" /><lzss dataOffset="9688" fileName="S08_M02E.PAC.296.pac.64.lzss" size="6525" tableOffset="64" uncompressedSize="33312" /><lzss dataOffset="16216" fileName="S08_M02E.PAC.296.pac.72.lzss" size="4237" tableOffset="72" uncompressedSize="33312" /></pac><pac dataOffset="165264" fileName="S08_M02E.PAC.304.pac" size="12964" tableOffset="304"><lzss dataOffset="128" fileName="S08_M02E.PAC.304.pac.0.lzss" size="4885" tableOffset="0" uncompressedSize="9192" /><lzss dataOffset="5016" fileName="S08_M02E.PAC.304.pac.16.lzss" size="2654" tableOffset="16" uncompressedSize="8162" /><lzss dataOffset="7672" fileName="S08_M02E.PAC.304.pac.64.lzss" size="5290" tableOffset="64" uncompressedSize="33312" /></pac><pac dataOffset="178228" fileName="S08_M02E.PAC.312.pac" size="14816" tableOffset="312"><lzss dataOffset="128" fileName="S08_M02E.PAC.312.pac.0.lzss" size="5030" tableOffset="0" uncompressedSize="9396" /><lzss dataOffset="5160" fileName="S08_M02E.PAC.312.pac.16.lzss" size="3164" tableOffset="16" uncompressedSize="8246" /><lzss dataOffset="8324" fileName="S08_M02E.PAC.312.pac.64.lzss" size="6491" tableOffset="64" uncompressedSize="33312" /></pac><pac dataOffset="193044" fileName="S08_M02E.PAC.320.pac" size="7528" tableOffset="320"><lzss dataOffset="128" fileName="S08_M02E.PAC.320.pac.0.lzss" size="3236" tableOffset="0" uncompressedSize="6540" /><lzss dataOffset="3364" fileName="S08_M02E.PAC.320.pac.16.lzss" size="297" tableOffset="16" uncompressedSize="702" /><lzss dataOffset="3664" fileName="S08_M02E.PAC.320.pac.64.lzss" size="3863" tableOffset="64" uncompressedSize="33312" /></pac></source>