<source fileName="S08_30I.PAC" size="155464" tableOffset="0"><lzss dataOffset="384" fileName="S08_30I.PAC.0.lzss" size="11224" tableOffset="0" uncompressedSize="33312" /><lzss dataOffset="11608" fileName="S08_30I.PAC.40.lzss" size="4711" tableOffset="40" uncompressedSize="11120" /><lzss dataOffset="16320" fileName="S08_30I.PAC.128.lzss" size="21456" tableOffset="128" uncompressedSize="51824" /><lzss dataOffset="37776" fileName="S08_30I.PAC.136.lzss" size="35977" tableOffset="136" uncompressedSize="127024" /><lzss dataOffset="73756" fileName="S08_30I.PAC.144.lzss" size="71" tableOffset="144" uncompressedSize="112" /><lzss dataOffset="73828" fileName="S08_30I.PAC.152.lzss" size="254" tableOffset="152" uncompressedSize="588" /><lzss dataOffset="74084" fileName="S08_30I.PAC.160.lzss" size="5861" tableOffset="160" uncompressedSize="33312" /><lzss dataOffset="79948" fileName="S08_30I.PAC.168.lzss" size="4862" tableOffset="168" uncompressedSize="33312" /><lzss dataOffset="84812" fileName="S08_30I.PAC.176.lzss" size="11759" tableOffset="176" uncompressedSize="33312" /><lzss dataOffset="96572" fileName="S08_30I.PAC.184.lzss" size="8738" tableOffset="184" uncompressedSize="33312" /><lzss dataOffset="105312" fileName="S08_30I.PAC.192.lzss" size="6322" tableOffset="192" uncompressedSize="66080" /><lzss dataOffset="111636" fileName="S08_30I.PAC.224.lzss" size="924" tableOffset="224" uncompressedSize="2472" /><lzss dataOffset="112560" fileName="S08_30I.PAC.232.lzss" size="117" tableOffset="232" uncompressedSize="124" /><pac dataOffset="112680" fileName="S08_30I.PAC.256.pac" size="11320" tableOffset="256"><lzss dataOffset="128" fileName="S08_30I.PAC.256.pac.0.lzss" size="4310" tableOffset="0" uncompressedSize="9012" /><lzss dataOffset="4440" fileName="S08_30I.PAC.256.pac.16.lzss" size="1609" tableOffset="16" uncompressedSize="5292" /><lzss dataOffset="6052" fileName="S08_30I.PAC.256.pac.64.lzss" size="5266" tableOffset="64" uncompressedSize="33312" /></pac><pac dataOffset="124000" fileName="S08_30I.PAC.264.pac" size="11944" tableOffset="264"><lzss dataOffset="128" fileName="S08_30I.PAC.264.pac.0.lzss" size="2447" tableOffset="0" uncompressedSize="5304" /><lzss dataOffset="2576" fileName="S08_30I.PAC.264.pac.16.lzss" size="678" tableOffset="16" uncompressedSize="1266" /><lzss dataOffset="3256" fileName="S08_30I.PAC.264.pac.64.lzss" size="8686" tableOffset="64" uncompressedSize="33312" /></pac><pac dataOffset="135944" fileName="S08_30I.PAC.272.pac" size="3132" tableOffset="272"><lzss dataOffset="128" fileName="S08_30I.PAC.272.pac.0.lzss" size="2452" tableOffset="0" uncompressedSize="5336" /><lzss dataOffset="2580" fileName="S08_30I.PAC.272.pac.16.lzss" size="551" tableOffset="16" uncompressedSize="994" /><textureSymbol dataOffset="0" size="4294967295" tableOffset="64" /></pac><pac dataOffset="139076" fileName="S08_30I.PAC.280.pac" size="3160" tableOffset="280"><lzss dataOffset="128" fileName="S08_30I.PAC.280.pac.0.lzss" size="2355" tableOffset="0" uncompressedSize="5116" /><lzss dataOffset="2484" fileName="S08_30I.PAC.280.pac.16.lzss" size="676" tableOffset="16" uncompressedSize="1466" /><textureSymbol dataOffset="0" size="4294967295" tableOffset="64" /></pac><pac dataOffset="142236" fileName="S08_30I.PAC.288.pac" size="11408" tableOffset="288"><lzss dataOffset="128" fileName="S08_30I.PAC.288.pac.0.lzss" size="2041" tableOffset="0" uncompressedSize="4040" /><lzss dataOffset="2172" fileName="S08_30I.PAC.288.pac.16.lzss" size="290" tableOffset="16" uncompressedSize="608" /><lzss dataOffset="2464" fileName="S08_30I.PAC.288.pac.64.lzss" size="8941" tableOffset="64" uncompressedSize="33312" /></pac><pac dataOffset="153644" fileName="S08_30I.PAC.296.pac" size="1820" tableOffset="296"><lzss dataOffset="128" fileName="S08_30I.PAC.296.pac.0.lzss" size="1295" tableOffset="0" uncompressedSize="2092" /><lzss dataOffset="1424" fileName="S08_30I.PAC.296.pac.16.lzss" size="396" tableOffset="16" uncompressedSize="1414" /><textureSymbol dataOffset="0" size="4294967295" tableOffset="64" /></pac></source>