<source fileName="S08_61H.PAC" size="130136" tableOffset="0"><lzss dataOffset="384" fileName="S08_61H.PAC.0.lzss" size="11224" tableOffset="0" uncompressedSize="33312" /><lzss dataOffset="11608" fileName="S08_61H.PAC.40.lzss" size="4711" tableOffset="40" uncompressedSize="11120" /><lzss dataOffset="16320" fileName="S08_61H.PAC.128.lzss" size="15180" tableOffset="128" uncompressedSize="54460" /><lzss dataOffset="31500" fileName="S08_61H.PAC.136.lzss" size="36066" tableOffset="136" uncompressedSize="127344" /><lzss dataOffset="67568" fileName="S08_61H.PAC.144.lzss" size="90" tableOffset="144" uncompressedSize="112" /><lzss dataOffset="67660" fileName="S08_61H.PAC.152.lzss" size="316" tableOffset="152" uncompressedSize="684" /><lzss dataOffset="67976" fileName="S08_61H.PAC.160.lzss" size="5504" tableOffset="160" uncompressedSize="33312" /><lzss dataOffset="73480" fileName="S08_61H.PAC.168.lzss" size="6147" tableOffset="168" uncompressedSize="33312" /><lzss dataOffset="79628" fileName="S08_61H.PAC.176.lzss" size="7955" tableOffset="176" uncompressedSize="33312" /><lzss dataOffset="87584" fileName="S08_61H.PAC.184.lzss" size="8738" tableOffset="184" uncompressedSize="33312" /><lzss dataOffset="96324" fileName="S08_61H.PAC.192.lzss" size="6322" tableOffset="192" uncompressedSize="66080" /><lzss dataOffset="102648" fileName="S08_61H.PAC.224.lzss" size="915" tableOffset="224" uncompressedSize="2440" /><lzss dataOffset="103564" fileName="S08_61H.PAC.232.lzss" size="117" tableOffset="232" uncompressedSize="124" /><pac dataOffset="103684" fileName="S08_61H.PAC.256.pac" size="11320" tableOffset="256"><lzss dataOffset="128" fileName="S08_61H.PAC.256.pac.0.lzss" size="4310" tableOffset="0" uncompressedSize="9012" /><lzss dataOffset="4440" fileName="S08_61H.PAC.256.pac.16.lzss" size="1609" tableOffset="16" uncompressedSize="5292" /><lzss dataOffset="6052" fileName="S08_61H.PAC.256.pac.64.lzss" size="5266" tableOffset="64" uncompressedSize="33312" /></pac><pac dataOffset="115004" fileName="S08_61H.PAC.264.pac" size="11408" tableOffset="264"><lzss dataOffset="128" fileName="S08_61H.PAC.264.pac.0.lzss" size="2041" tableOffset="0" uncompressedSize="4040" /><lzss dataOffset="2172" fileName="S08_61H.PAC.264.pac.16.lzss" size="290" tableOffset="16" uncompressedSize="608" /><lzss dataOffset="2464" fileName="S08_61H.PAC.264.pac.64.lzss" size="8941" tableOffset="64" uncompressedSize="33312" /></pac><pac dataOffset="126412" fileName="S08_61H.PAC.272.pac" size="3724" tableOffset="272"><lzss dataOffset="128" fileName="S08_61H.PAC.272.pac.0.lzss" size="3153" tableOffset="0" uncompressedSize="6224" /><lzss dataOffset="3284" fileName="S08_61H.PAC.272.pac.16.lzss" size="440" tableOffset="16" uncompressedSize="940" /><textureSymbol dataOffset="0" size="4294967295" tableOffset="64" /></pac></source>