<source fileName="S08_43D.PAC" size="172132" tableOffset="0"><lzss dataOffset="384" fileName="S08_43D.PAC.0.lzss" size="11224" tableOffset="0" uncompressedSize="33312" /><lzss dataOffset="11608" fileName="S08_43D.PAC.40.lzss" size="4711" tableOffset="40" uncompressedSize="11120" /><lzss dataOffset="16320" fileName="S08_43D.PAC.128.lzss" size="6958" tableOffset="128" uncompressedSize="26156" /><lzss dataOffset="23280" fileName="S08_43D.PAC.136.lzss" size="36212" tableOffset="136" uncompressedSize="127024" /><lzss dataOffset="59492" fileName="S08_43D.PAC.144.lzss" size="71" tableOffset="144" uncompressedSize="112" /><lzss dataOffset="59564" fileName="S08_43D.PAC.152.lzss" size="213" tableOffset="152" uncompressedSize="488" /><lzss dataOffset="59780" fileName="S08_43D.PAC.160.lzss" size="5660" tableOffset="160" uncompressedSize="33312" /><lzss dataOffset="65440" fileName="S08_43D.PAC.168.lzss" size="6172" tableOffset="168" uncompressedSize="33312" /><lzss dataOffset="71612" fileName="S08_43D.PAC.176.lzss" size="7955" tableOffset="176" uncompressedSize="33312" /><lzss dataOffset="79568" fileName="S08_43D.PAC.184.lzss" size="8738" tableOffset="184" uncompressedSize="33312" /><lzss dataOffset="88308" fileName="S08_43D.PAC.192.lzss" size="6322" tableOffset="192" uncompressedSize="66080" /><lzss dataOffset="94632" fileName="S08_43D.PAC.224.lzss" size="915" tableOffset="224" uncompressedSize="2440" /><lzss dataOffset="95548" fileName="S08_43D.PAC.232.lzss" size="117" tableOffset="232" uncompressedSize="124" /><pac dataOffset="95668" fileName="S08_43D.PAC.256.pac" size="11320" tableOffset="256"><lzss dataOffset="128" fileName="S08_43D.PAC.256.pac.0.lzss" size="4310" tableOffset="0" uncompressedSize="9012" /><lzss dataOffset="4440" fileName="S08_43D.PAC.256.pac.16.lzss" size="1609" tableOffset="16" uncompressedSize="5292" /><lzss dataOffset="6052" fileName="S08_43D.PAC.256.pac.64.lzss" size="5266" tableOffset="64" uncompressedSize="33312" /></pac><pac dataOffset="106988" fileName="S08_43D.PAC.264.pac" size="11944" tableOffset="264"><lzss dataOffset="128" fileName="S08_43D.PAC.264.pac.0.lzss" size="2447" tableOffset="0" uncompressedSize="5304" /><lzss dataOffset="2576" fileName="S08_43D.PAC.264.pac.16.lzss" size="678" tableOffset="16" uncompressedSize="1266" /><lzss dataOffset="3256" fileName="S08_43D.PAC.264.pac.64.lzss" size="8686" tableOffset="64" uncompressedSize="33312" /></pac><pac dataOffset="118932" fileName="S08_43D.PAC.272.pac" size="3132" tableOffset="272"><lzss dataOffset="128" fileName="S08_43D.PAC.272.pac.0.lzss" size="2452" tableOffset="0" uncompressedSize="5336" /><lzss dataOffset="2580" fileName="S08_43D.PAC.272.pac.16.lzss" size="551" tableOffset="16" uncompressedSize="994" /><textureSymbol dataOffset="0" size="4294967295" tableOffset="64" /></pac><pac dataOffset="122064" fileName="S08_43D.PAC.280.pac" size="3160" tableOffset="280"><lzss dataOffset="128" fileName="S08_43D.PAC.280.pac.0.lzss" size="2355" tableOffset="0" uncompressedSize="5116" /><lzss dataOffset="2484" fileName="S08_43D.PAC.280.pac.16.lzss" size="676" tableOffset="16" uncompressedSize="1466" /><textureSymbol dataOffset="0" size="4294967295" tableOffset="64" /></pac><pac dataOffset="125224" fileName="S08_43D.PAC.288.pac" size="3360" tableOffset="288"><lzss dataOffset="128" fileName="S08_43D.PAC.288.pac.0.lzss" size="2373" tableOffset="0" uncompressedSize="5576" /><lzss dataOffset="2504" fileName="S08_43D.PAC.288.pac.16.lzss" size="854" tableOffset="16" uncompressedSize="1940" /><textureSymbol dataOffset="0" size="4294967295" tableOffset="64" /></pac><pac dataOffset="128584" fileName="S08_43D.PAC.296.pac" size="9384" tableOffset="296"><lzss dataOffset="128" fileName="S08_43D.PAC.296.pac.0.lzss" size="1037" tableOffset="0" uncompressedSize="2536" /><lzss dataOffset="1168" fileName="S08_43D.PAC.296.pac.16.lzss" size="242" tableOffset="16" uncompressedSize="494" /><lzss dataOffset="1412" fileName="S08_43D.PAC.296.pac.64.lzss" size="7970" tableOffset="64" uncompressedSize="33312" /></pac><pac dataOffset="137968" fileName="S08_43D.PAC.304.pac" size="1564" tableOffset="304"><lzss dataOffset="128" fileName="S08_43D.PAC.304.pac.0.lzss" size="1104" tableOffset="0" uncompressedSize="2216" /><lzss dataOffset="1232" fileName="S08_43D.PAC.304.pac.16.lzss" size="330" tableOffset="16" uncompressedSize="838" /><textureSymbol dataOffset="0" size="4294967295" tableOffset="64" /></pac><pac dataOffset="139532" fileName="S08_43D.PAC.312.pac" size="2248" tableOffset="312"><lzss dataOffset="128" fileName="S08_43D.PAC.312.pac.0.lzss" size="1572" tableOffset="0" uncompressedSize="3052" /><lzss dataOffset="1700" fileName="S08_43D.PAC.312.pac.16.lzss" size="545" tableOffset="16" uncompressedSize="1438" /><textureSymbol dataOffset="0" size="4294967295" tableOffset="64" /></pac><pac dataOffset="141780" fileName="S08_43D.PAC.320.pac" size="8868" tableOffset="320"><lzss dataOffset="128" fileName="S08_43D.PAC.320.pac.0.lzss" size="592" tableOffset="0" uncompressedSize="1416" /><lzss dataOffset="720" fileName="S08_43D.PAC.320.pac.16.lzss" size="173" tableOffset="16" uncompressedSize="270" /><lzss dataOffset="896" fileName="S08_43D.PAC.320.pac.64.lzss" size="7970" tableOffset="64" uncompressedSize="33312" /></pac><pac dataOffset="150648" fileName="S08_43D.PAC.328.pac" size="844" tableOffset="328"><lzss dataOffset="128" fileName="S08_43D.PAC.328.pac.0.lzss" size="598" tableOffset="0" uncompressedSize="1440" /><lzss dataOffset="728" fileName="S08_43D.PAC.328.pac.16.lzss" size="113" tableOffset="16" uncompressedSize="308" /><textureSymbol dataOffset="0" size="4294967295" tableOffset="64" /></pac><pac dataOffset="151492" fileName="S08_43D.PAC.336.pac" size="9232" tableOffset="336"><lzss dataOffset="128" fileName="S08_43D.PAC.336.pac.0.lzss" size="1021" tableOffset="0" uncompressedSize="2424" /><lzss dataOffset="1152" fileName="S08_43D.PAC.336.pac.16.lzss" size="105" tableOffset="16" uncompressedSize="190" /><lzss dataOffset="1260" fileName="S08_43D.PAC.336.pac.64.lzss" size="7970" tableOffset="64" uncompressedSize="33312" /></pac><pac dataOffset="160724" fileName="S08_43D.PAC.344.pac" size="11408" tableOffset="344"><lzss dataOffset="128" fileName="S08_43D.PAC.344.pac.0.lzss" size="2041" tableOffset="0" uncompressedSize="4040" /><lzss dataOffset="2172" fileName="S08_43D.PAC.344.pac.16.lzss" size="290" tableOffset="16" uncompressedSize="608" /><lzss dataOffset="2464" fileName="S08_43D.PAC.344.pac.64.lzss" size="8941" tableOffset="64" uncompressedSize="33312" /></pac></source>