<source fileName="S08_M01B.PAC" size="128272" tableOffset="0"><lzss dataOffset="384" fileName="S08_M01B.PAC.40.lzss" size="4711" tableOffset="40" uncompressedSize="11120" /><lzss dataOffset="5096" fileName="S08_M01B.PAC.128.lzss" size="36825" tableOffset="128" uncompressedSize="70724" /><lzss dataOffset="41924" fileName="S08_M01B.PAC.136.lzss" size="36938" tableOffset="136" uncompressedSize="128076" /><lzss dataOffset="78864" fileName="S08_M01B.PAC.144.lzss" size="61" tableOffset="144" uncompressedSize="112" /><lzss dataOffset="78928" fileName="S08_M01B.PAC.152.lzss" size="306" tableOffset="152" uncompressedSize="924" /><lzss dataOffset="79236" fileName="S08_M01B.PAC.160.lzss" size="4820" tableOffset="160" uncompressedSize="33312" /><lzss dataOffset="84056" fileName="S08_M01B.PAC.168.lzss" size="4741" tableOffset="168" uncompressedSize="33312" /><lzss dataOffset="88800" fileName="S08_M01B.PAC.200.lzss" size="577" tableOffset="200" uncompressedSize="2652" /><lzss dataOffset="89380" fileName="S08_M01B.PAC.224.lzss" size="1840" tableOffset="224" uncompressedSize="6586" /><lzss dataOffset="91220" fileName="S08_M01B.PAC.232.lzss" size="1588" tableOffset="232" uncompressedSize="3996" /><pac dataOffset="92808" fileName="S08_M01B.PAC.256.pac" size="11320" tableOffset="256"><lzss dataOffset="128" fileName="S08_M01B.PAC.256.pac.0.lzss" size="4310" tableOffset="0" uncompressedSize="9012" /><lzss dataOffset="4440" fileName="S08_M01B.PAC.256.pac.16.lzss" size="1609" tableOffset="16" uncompressedSize="5292" /><lzss dataOffset="6052" fileName="S08_M01B.PAC.256.pac.64.lzss" size="5266" tableOffset="64" uncompressedSize="33312" /></pac><pac dataOffset="104128" fileName="S08_M01B.PAC.264.pac" size="480" tableOffset="264"><lzss dataOffset="128" fileName="S08_M01B.PAC.264.pac.16.lzss" size="351" tableOffset="16" uncompressedSize="706" /></pac><pac dataOffset="104608" fileName="S08_M01B.PAC.272.pac" size="10700" tableOffset="272"><lzss dataOffset="128" fileName="S08_M01B.PAC.272.pac.0.lzss" size="4845" tableOffset="0" uncompressedSize="9588" /><lzss dataOffset="4976" fileName="S08_M01B.PAC.272.pac.16.lzss" size="708" tableOffset="16" uncompressedSize="1358" /><lzss dataOffset="5684" fileName="S08_M01B.PAC.272.pac.64.lzss" size="5015" tableOffset="64" uncompressedSize="33312" /></pac><pac dataOffset="115308" fileName="S08_M01B.PAC.280.pac" size="12964" tableOffset="280"><lzss dataOffset="128" fileName="S08_M01B.PAC.280.pac.0.lzss" size="4885" tableOffset="0" uncompressedSize="9192" /><lzss dataOffset="5016" fileName="S08_M01B.PAC.280.pac.16.lzss" size="2654" tableOffset="16" uncompressedSize="8162" /><lzss dataOffset="7672" fileName="S08_M01B.PAC.280.pac.64.lzss" size="5290" tableOffset="64" uncompressedSize="33312" /></pac></source>