<source fileName="S08_M00B.PAC" size="155356" tableOffset="0"><lzss dataOffset="384" fileName="S08_M00B.PAC.0.lzss" size="15582" tableOffset="0" uncompressedSize="61984" /><lzss dataOffset="15968" fileName="S08_M00B.PAC.8.lzss" size="3686" tableOffset="8" uncompressedSize="33312" /><lzss dataOffset="19656" fileName="S08_M00B.PAC.16.lzss" size="11224" tableOffset="16" uncompressedSize="33312" /><lzss dataOffset="30880" fileName="S08_M00B.PAC.24.lzss" size="6217" tableOffset="24" uncompressedSize="33312" /><lzss dataOffset="37100" fileName="S08_M00B.PAC.40.lzss" size="4711" tableOffset="40" uncompressedSize="11120" /><lzss dataOffset="41812" fileName="S08_M00B.PAC.128.lzss" size="21333" tableOffset="128" uncompressedSize="41496" /><lzss dataOffset="63148" fileName="S08_M00B.PAC.136.lzss" size="36127" tableOffset="136" uncompressedSize="127604" /><lzss dataOffset="99276" fileName="S08_M00B.PAC.144.lzss" size="92" tableOffset="144" uncompressedSize="112" /><lzss dataOffset="99368" fileName="S08_M00B.PAC.152.lzss" size="278" tableOffset="152" uncompressedSize="920" /><lzss dataOffset="99648" fileName="S08_M00B.PAC.160.lzss" size="8293" tableOffset="160" uncompressedSize="33312" /><lzss dataOffset="107944" fileName="S08_M00B.PAC.168.lzss" size="5571" tableOffset="168" uncompressedSize="33312" /><lzss dataOffset="113516" fileName="S08_M00B.PAC.200.lzss" size="577" tableOffset="200" uncompressedSize="2652" /><lzss dataOffset="114096" fileName="S08_M00B.PAC.224.lzss" size="2400" tableOffset="224" uncompressedSize="8170" /><lzss dataOffset="116496" fileName="S08_M00B.PAC.232.lzss" size="1505" tableOffset="232" uncompressedSize="4256" /><pac dataOffset="118004" fileName="S08_M00B.PAC.256.pac" size="11320" tableOffset="256"><lzss dataOffset="128" fileName="S08_M00B.PAC.256.pac.0.lzss" size="4310" tableOffset="0" uncompressedSize="9012" /><lzss dataOffset="4440" fileName="S08_M00B.PAC.256.pac.16.lzss" size="1609" tableOffset="16" uncompressedSize="5292" /><lzss dataOffset="6052" fileName="S08_M00B.PAC.256.pac.64.lzss" size="5266" tableOffset="64" uncompressedSize="33312" /></pac><pac dataOffset="129324" fileName="S08_M00B.PAC.264.pac" size="480" tableOffset="264"><lzss dataOffset="128" fileName="S08_M00B.PAC.264.pac.16.lzss" size="351" tableOffset="16" uncompressedSize="706" /></pac><pac dataOffset="129804" fileName="S08_M00B.PAC.272.pac" size="14816" tableOffset="272"><lzss dataOffset="128" fileName="S08_M00B.PAC.272.pac.0.lzss" size="5030" tableOffset="0" uncompressedSize="9396" /><lzss dataOffset="5160" fileName="S08_M00B.PAC.272.pac.16.lzss" size="3164" tableOffset="16" uncompressedSize="8246" /><lzss dataOffset="8324" fileName="S08_M00B.PAC.272.pac.64.lzss" size="6491" tableOffset="64" uncompressedSize="33312" /></pac><pac dataOffset="144620" fileName="S08_M00B.PAC.280.pac" size="10736" tableOffset="280"><lzss dataOffset="128" fileName="S08_M00B.PAC.280.pac.0.lzss" size="4611" tableOffset="0" uncompressedSize="11860" /><lzss dataOffset="4740" fileName="S08_M00B.PAC.280.pac.16.lzss" size="833" tableOffset="16" uncompressedSize="1726" /><lzss dataOffset="5576" fileName="S08_M00B.PAC.280.pac.64.lzss" size="5157" tableOffset="64" uncompressedSize="33312" /></pac></source>