<source fileName="S08_31F.PAC" size="177984" tableOffset="0"><lzss dataOffset="384" fileName="S08_31F.PAC.0.lzss" size="11224" tableOffset="0" uncompressedSize="33312" /><lzss dataOffset="11608" fileName="S08_31F.PAC.40.lzss" size="4711" tableOffset="40" uncompressedSize="11120" /><lzss dataOffset="16320" fileName="S08_31F.PAC.128.lzss" size="20510" tableOffset="128" uncompressedSize="69368" /><lzss dataOffset="36832" fileName="S08_31F.PAC.136.lzss" size="35681" tableOffset="136" uncompressedSize="126996" /><lzss dataOffset="72516" fileName="S08_31F.PAC.144.lzss" size="57" tableOffset="144" uncompressedSize="112" /><lzss dataOffset="72576" fileName="S08_31F.PAC.152.lzss" size="576" tableOffset="152" uncompressedSize="1524" /><lzss dataOffset="73152" fileName="S08_31F.PAC.160.lzss" size="6147" tableOffset="160" uncompressedSize="33312" /><lzss dataOffset="79300" fileName="S08_31F.PAC.168.lzss" size="4624" tableOffset="168" uncompressedSize="33312" /><lzss dataOffset="83924" fileName="S08_31F.PAC.176.lzss" size="7955" tableOffset="176" uncompressedSize="33312" /><lzss dataOffset="91880" fileName="S08_31F.PAC.184.lzss" size="8738" tableOffset="184" uncompressedSize="33312" /><lzss dataOffset="100620" fileName="S08_31F.PAC.192.lzss" size="6322" tableOffset="192" uncompressedSize="66080" /><lzss dataOffset="106944" fileName="S08_31F.PAC.224.lzss" size="925" tableOffset="224" uncompressedSize="2472" /><lzss dataOffset="107872" fileName="S08_31F.PAC.232.lzss" size="117" tableOffset="232" uncompressedSize="124" /><pac dataOffset="107992" fileName="S08_31F.PAC.256.pac" size="11320" tableOffset="256"><lzss dataOffset="128" fileName="S08_31F.PAC.256.pac.0.lzss" size="4310" tableOffset="0" uncompressedSize="9012" /><lzss dataOffset="4440" fileName="S08_31F.PAC.256.pac.16.lzss" size="1609" tableOffset="16" uncompressedSize="5292" /><lzss dataOffset="6052" fileName="S08_31F.PAC.256.pac.64.lzss" size="5266" tableOffset="64" uncompressedSize="33312" /></pac><pac dataOffset="119312" fileName="S08_31F.PAC.264.pac" size="11944" tableOffset="264"><lzss dataOffset="128" fileName="S08_31F.PAC.264.pac.0.lzss" size="2447" tableOffset="0" uncompressedSize="5304" /><lzss dataOffset="2576" fileName="S08_31F.PAC.264.pac.16.lzss" size="678" tableOffset="16" uncompressedSize="1266" /><lzss dataOffset="3256" fileName="S08_31F.PAC.264.pac.64.lzss" size="8686" tableOffset="64" uncompressedSize="33312" /></pac><pac dataOffset="131256" fileName="S08_31F.PAC.272.pac" size="3132" tableOffset="272"><lzss dataOffset="128" fileName="S08_31F.PAC.272.pac.0.lzss" size="2452" tableOffset="0" uncompressedSize="5336" /><lzss dataOffset="2580" fileName="S08_31F.PAC.272.pac.16.lzss" size="551" tableOffset="16" uncompressedSize="994" /><textureSymbol dataOffset="0" size="4294967295" tableOffset="64" /></pac><pac dataOffset="134388" fileName="S08_31F.PAC.280.pac" size="3160" tableOffset="280"><lzss dataOffset="128" fileName="S08_31F.PAC.280.pac.0.lzss" size="2355" tableOffset="0" uncompressedSize="5116" /><lzss dataOffset="2484" fileName="S08_31F.PAC.280.pac.16.lzss" size="676" tableOffset="16" uncompressedSize="1466" /><textureSymbol dataOffset="0" size="4294967295" tableOffset="64" /></pac><pac dataOffset="137548" fileName="S08_31F.PAC.288.pac" size="3360" tableOffset="288"><lzss dataOffset="128" fileName="S08_31F.PAC.288.pac.0.lzss" size="2373" tableOffset="0" uncompressedSize="5576" /><lzss dataOffset="2504" fileName="S08_31F.PAC.288.pac.16.lzss" size="854" tableOffset="16" uncompressedSize="1940" /><textureSymbol dataOffset="0" size="4294967295" tableOffset="64" /></pac><pac dataOffset="140908" fileName="S08_31F.PAC.296.pac" size="9384" tableOffset="296"><lzss dataOffset="128" fileName="S08_31F.PAC.296.pac.0.lzss" size="1037" tableOffset="0" uncompressedSize="2536" /><lzss dataOffset="1168" fileName="S08_31F.PAC.296.pac.16.lzss" size="242" tableOffset="16" uncompressedSize="494" /><lzss dataOffset="1412" fileName="S08_31F.PAC.296.pac.64.lzss" size="7970" tableOffset="64" uncompressedSize="33312" /></pac><pac dataOffset="150292" fileName="S08_31F.PAC.304.pac" size="1564" tableOffset="304"><lzss dataOffset="128" fileName="S08_31F.PAC.304.pac.0.lzss" size="1104" tableOffset="0" uncompressedSize="2216" /><lzss dataOffset="1232" fileName="S08_31F.PAC.304.pac.16.lzss" size="330" tableOffset="16" uncompressedSize="838" /><textureSymbol dataOffset="0" size="4294967295" tableOffset="64" /></pac><pac dataOffset="151856" fileName="S08_31F.PAC.312.pac" size="2248" tableOffset="312"><lzss dataOffset="128" fileName="S08_31F.PAC.312.pac.0.lzss" size="1572" tableOffset="0" uncompressedSize="3052" /><lzss dataOffset="1700" fileName="S08_31F.PAC.312.pac.16.lzss" size="545" tableOffset="16" uncompressedSize="1438" /><textureSymbol dataOffset="0" size="4294967295" tableOffset="64" /></pac><pac dataOffset="154104" fileName="S08_31F.PAC.320.pac" size="1396" tableOffset="320"><lzss dataOffset="128" fileName="S08_31F.PAC.320.pac.0.lzss" size="1037" tableOffset="0" uncompressedSize="2536" /><lzss dataOffset="1168" fileName="S08_31F.PAC.320.pac.16.lzss" size="227" tableOffset="16" uncompressedSize="470" /><textureSymbol dataOffset="0" size="4294967295" tableOffset="64" /></pac><pac dataOffset="155500" fileName="S08_31F.PAC.328.pac" size="11408" tableOffset="328"><lzss dataOffset="128" fileName="S08_31F.PAC.328.pac.0.lzss" size="2041" tableOffset="0" uncompressedSize="4040" /><lzss dataOffset="2172" fileName="S08_31F.PAC.328.pac.16.lzss" size="290" tableOffset="16" uncompressedSize="608" /><lzss dataOffset="2464" fileName="S08_31F.PAC.328.pac.64.lzss" size="8941" tableOffset="64" uncompressedSize="33312" /></pac><pac dataOffset="166908" fileName="S08_31F.PAC.336.pac" size="3724" tableOffset="336"><lzss dataOffset="128" fileName="S08_31F.PAC.336.pac.0.lzss" size="3153" tableOffset="0" uncompressedSize="6224" /><lzss dataOffset="3284" fileName="S08_31F.PAC.336.pac.16.lzss" size="440" tableOffset="16" uncompressedSize="940" /><textureSymbol dataOffset="0" size="4294967295" tableOffset="64" /></pac><pac dataOffset="170632" fileName="S08_31F.PAC.344.pac" size="7352" tableOffset="344"><lzss dataOffset="128" fileName="S08_31F.PAC.344.pac.0.lzss" size="540" tableOffset="0" uncompressedSize="1008" /><lzss dataOffset="668" fileName="S08_31F.PAC.344.pac.16.lzss" size="272" tableOffset="16" uncompressedSize="870" /><lzss dataOffset="940" fileName="S08_31F.PAC.344.pac.64.lzss" size="6410" tableOffset="64" uncompressedSize="33312" /></pac></source>