<source fileName="S08_63E.PAC" size="135628" tableOffset="0"><lzss dataOffset="384" fileName="S08_63E.PAC.0.lzss" size="11224" tableOffset="0" uncompressedSize="33312" /><lzss dataOffset="11608" fileName="S08_63E.PAC.40.lzss" size="4711" tableOffset="40" uncompressedSize="11120" /><lzss dataOffset="16320" fileName="S08_63E.PAC.128.lzss" size="12463" tableOffset="128" uncompressedSize="43108" /><lzss dataOffset="28784" fileName="S08_63E.PAC.136.lzss" size="36212" tableOffset="136" uncompressedSize="126996" /><lzss dataOffset="64996" fileName="S08_63E.PAC.144.lzss" size="75" tableOffset="144" uncompressedSize="112" /><lzss dataOffset="65072" fileName="S08_63E.PAC.152.lzss" size="287" tableOffset="152" uncompressedSize="604" /><lzss dataOffset="65360" fileName="S08_63E.PAC.160.lzss" size="5608" tableOffset="160" uncompressedSize="33312" /><lzss dataOffset="70968" fileName="S08_63E.PAC.168.lzss" size="5943" tableOffset="168" uncompressedSize="33312" /><lzss dataOffset="76912" fileName="S08_63E.PAC.176.lzss" size="7955" tableOffset="176" uncompressedSize="33312" /><lzss dataOffset="84868" fileName="S08_63E.PAC.184.lzss" size="8738" tableOffset="184" uncompressedSize="33312" /><lzss dataOffset="93608" fileName="S08_63E.PAC.192.lzss" size="6322" tableOffset="192" uncompressedSize="66080" /><lzss dataOffset="99932" fileName="S08_63E.PAC.224.lzss" size="915" tableOffset="224" uncompressedSize="2440" /><lzss dataOffset="100848" fileName="S08_63E.PAC.232.lzss" size="117" tableOffset="232" uncompressedSize="124" /><pac dataOffset="100968" fileName="S08_63E.PAC.256.pac" size="11320" tableOffset="256"><lzss dataOffset="128" fileName="S08_63E.PAC.256.pac.0.lzss" size="4310" tableOffset="0" uncompressedSize="9012" /><lzss dataOffset="4440" fileName="S08_63E.PAC.256.pac.16.lzss" size="1609" tableOffset="16" uncompressedSize="5292" /><lzss dataOffset="6052" fileName="S08_63E.PAC.256.pac.64.lzss" size="5266" tableOffset="64" uncompressedSize="33312" /></pac><pac dataOffset="112288" fileName="S08_63E.PAC.264.pac" size="11408" tableOffset="264"><lzss dataOffset="128" fileName="S08_63E.PAC.264.pac.0.lzss" size="2041" tableOffset="0" uncompressedSize="4040" /><lzss dataOffset="2172" fileName="S08_63E.PAC.264.pac.16.lzss" size="290" tableOffset="16" uncompressedSize="608" /><lzss dataOffset="2464" fileName="S08_63E.PAC.264.pac.64.lzss" size="8941" tableOffset="64" uncompressedSize="33312" /></pac><pac dataOffset="123696" fileName="S08_63E.PAC.272.pac" size="3724" tableOffset="272"><lzss dataOffset="128" fileName="S08_63E.PAC.272.pac.0.lzss" size="3153" tableOffset="0" uncompressedSize="6224" /><lzss dataOffset="3284" fileName="S08_63E.PAC.272.pac.16.lzss" size="440" tableOffset="16" uncompressedSize="940" /><textureSymbol dataOffset="0" size="4294967295" tableOffset="64" /></pac><pac dataOffset="127420" fileName="S08_63E.PAC.280.pac" size="7352" tableOffset="280"><lzss dataOffset="128" fileName="S08_63E.PAC.280.pac.0.lzss" size="540" tableOffset="0" uncompressedSize="1008" /><lzss dataOffset="668" fileName="S08_63E.PAC.280.pac.16.lzss" size="272" tableOffset="16" uncompressedSize="870" /><lzss dataOffset="940" fileName="S08_63E.PAC.280.pac.64.lzss" size="6410" tableOffset="64" uncompressedSize="33312" /></pac><pac dataOffset="134772" fileName="S08_63E.PAC.288.pac" size="856" tableOffset="288"><lzss dataOffset="128" fileName="S08_63E.PAC.288.pac.0.lzss" size="457" tableOffset="0" uncompressedSize="1152" /><lzss dataOffset="588" fileName="S08_63E.PAC.288.pac.16.lzss" size="267" tableOffset="16" uncompressedSize="610" /><textureSymbol dataOffset="0" size="4294967295" tableOffset="64" /></pac></source>