<source fileName="S08_M04A.PAC" size="188080" tableOffset="0"><lzss dataOffset="392" fileName="S08_M04A.PAC.40.lzss" size="4711" tableOffset="40" uncompressedSize="11120" /><lzss dataOffset="5104" fileName="S08_M04A.PAC.128.lzss" size="23430" tableOffset="128" uncompressedSize="50840" /><lzss dataOffset="28536" fileName="S08_M04A.PAC.136.lzss" size="34811" tableOffset="136" uncompressedSize="127348" /><lzss dataOffset="63348" fileName="S08_M04A.PAC.144.lzss" size="80" tableOffset="144" uncompressedSize="112" /><lzss dataOffset="63428" fileName="S08_M04A.PAC.152.lzss" size="376" tableOffset="152" uncompressedSize="1224" /><lzss dataOffset="63804" fileName="S08_M04A.PAC.160.lzss" size="6102" tableOffset="160" uncompressedSize="33312" /><lzss dataOffset="69908" fileName="S08_M04A.PAC.168.lzss" size="11550" tableOffset="168" uncompressedSize="33312" /><lzss dataOffset="81460" fileName="S08_M04A.PAC.176.lzss" size="5013" tableOffset="176" uncompressedSize="33312" /><lzss dataOffset="86476" fileName="S08_M04A.PAC.184.lzss" size="3892" tableOffset="184" uncompressedSize="33312" /><lzss dataOffset="90368" fileName="S08_M04A.PAC.192.lzss" size="8564" tableOffset="192" uncompressedSize="66080" /><lzss dataOffset="98932" fileName="S08_M04A.PAC.200.lzss" size="577" tableOffset="200" uncompressedSize="2652" /><lzss dataOffset="99512" fileName="S08_M04A.PAC.224.lzss" size="1894" tableOffset="224" uncompressedSize="6040" /><lzss dataOffset="101408" fileName="S08_M04A.PAC.232.lzss" size="1525" tableOffset="232" uncompressedSize="3376" /><pac dataOffset="102936" fileName="S08_M04A.PAC.256.pac" size="11320" tableOffset="256"><lzss dataOffset="128" fileName="S08_M04A.PAC.256.pac.0.lzss" size="4310" tableOffset="0" uncompressedSize="9012" /><lzss dataOffset="4440" fileName="S08_M04A.PAC.256.pac.16.lzss" size="1609" tableOffset="16" uncompressedSize="5292" /><lzss dataOffset="6052" fileName="S08_M04A.PAC.256.pac.64.lzss" size="5266" tableOffset="64" uncompressedSize="33312" /></pac><pac dataOffset="114256" fileName="S08_M04A.PAC.264.pac" size="480" tableOffset="264"><lzss dataOffset="128" fileName="S08_M04A.PAC.264.pac.16.lzss" size="351" tableOffset="16" uncompressedSize="706" /></pac><pac dataOffset="114736" fileName="S08_M04A.PAC.272.pac" size="13808" tableOffset="272"><lzss dataOffset="128" fileName="S08_M04A.PAC.272.pac.0.lzss" size="5106" tableOffset="0" uncompressedSize="9916" /><lzss dataOffset="5236" fileName="S08_M04A.PAC.272.pac.16.lzss" size="2706" tableOffset="16" uncompressedSize="5782" /><lzss dataOffset="7944" fileName="S08_M04A.PAC.272.pac.64.lzss" size="5862" tableOffset="64" uncompressedSize="33312" /></pac><pac dataOffset="128544" fileName="S08_M04A.PAC.280.pac" size="12380" tableOffset="280"><lzss dataOffset="128" fileName="S08_M04A.PAC.280.pac.0.lzss" size="5054" tableOffset="0" uncompressedSize="10756" /><lzss dataOffset="5184" fileName="S08_M04A.PAC.280.pac.16.lzss" size="712" tableOffset="16" uncompressedSize="1498" /><lzss dataOffset="5896" fileName="S08_M04A.PAC.280.pac.64.lzss" size="6483" tableOffset="64" uncompressedSize="33312" /></pac><pac dataOffset="140924" fileName="S08_M04A.PAC.288.pac" size="20456" tableOffset="288"><lzss dataOffset="128" fileName="S08_M04A.PAC.288.pac.0.lzss" size="6887" tableOffset="0" uncompressedSize="13360" /><lzss dataOffset="7016" fileName="S08_M04A.PAC.288.pac.16.lzss" size="2671" tableOffset="16" uncompressedSize="6502" /><lzss dataOffset="9688" fileName="S08_M04A.PAC.288.pac.64.lzss" size="6525" tableOffset="64" uncompressedSize="33312" /><lzss dataOffset="16216" fileName="S08_M04A.PAC.288.pac.72.lzss" size="4237" tableOffset="72" uncompressedSize="33312" /></pac><pac dataOffset="161380" fileName="S08_M04A.PAC.296.pac" size="12964" tableOffset="296"><lzss dataOffset="128" fileName="S08_M04A.PAC.296.pac.0.lzss" size="4885" tableOffset="0" uncompressedSize="9192" /><lzss dataOffset="5016" fileName="S08_M04A.PAC.296.pac.16.lzss" size="2654" tableOffset="16" uncompressedSize="8162" /><lzss dataOffset="7672" fileName="S08_M04A.PAC.296.pac.64.lzss" size="5290" tableOffset="64" uncompressedSize="33312" /></pac><pac dataOffset="174344" fileName="S08_M04A.PAC.304.pac" size="13736" tableOffset="304"><lzss dataOffset="128" fileName="S08_M04A.PAC.304.pac.0.lzss" size="5158" tableOffset="0" uncompressedSize="10168" /><lzss dataOffset="5288" fileName="S08_M04A.PAC.304.pac.16.lzss" size="574" tableOffset="16" uncompressedSize="1324" /><lzss dataOffset="5864" fileName="S08_M04A.PAC.304.pac.64.lzss" size="7869" tableOffset="64" uncompressedSize="33312" /></pac></source>