<source fileName="S09_M10A.PAC" size="197576" tableOffset="0"><lzss dataOffset="384" fileName="S09_M10A.PAC.40.lzss" size="4711" tableOffset="40" uncompressedSize="11120" /><lzss dataOffset="5096" fileName="S09_M10A.PAC.128.lzss" size="40000" tableOffset="128" uncompressedSize="82812" /><lzss dataOffset="45096" fileName="S09_M10A.PAC.136.lzss" size="37470" tableOffset="136" uncompressedSize="127048" /><lzss dataOffset="82568" fileName="S09_M10A.PAC.144.lzss" size="70" tableOffset="144" uncompressedSize="144" /><lzss dataOffset="82640" fileName="S09_M10A.PAC.152.lzss" size="337" tableOffset="152" uncompressedSize="1248" /><lzss dataOffset="82980" fileName="S09_M10A.PAC.160.lzss" size="9327" tableOffset="160" uncompressedSize="33312" /><lzss dataOffset="92308" fileName="S09_M10A.PAC.168.lzss" size="13757" tableOffset="168" uncompressedSize="33312" /><lzss dataOffset="106068" fileName="S09_M10A.PAC.176.lzss" size="7481" tableOffset="176" uncompressedSize="33312" /><lzss dataOffset="113552" fileName="S09_M10A.PAC.184.lzss" size="8902" tableOffset="184" uncompressedSize="33312" /><lzss dataOffset="122456" fileName="S09_M10A.PAC.192.lzss" size="8564" tableOffset="192" uncompressedSize="66080" /><lzss dataOffset="131020" fileName="S09_M10A.PAC.200.lzss" size="577" tableOffset="200" uncompressedSize="2652" /><lzss dataOffset="131600" fileName="S09_M10A.PAC.224.lzss" size="1296" tableOffset="224" uncompressedSize="3984" /><lzss dataOffset="132896" fileName="S09_M10A.PAC.232.lzss" size="832" tableOffset="232" uncompressedSize="2068" /><pac dataOffset="133728" fileName="S09_M10A.PAC.256.pac" size="11320" tableOffset="256"><lzss dataOffset="128" fileName="S09_M10A.PAC.256.pac.0.lzss" size="4310" tableOffset="0" uncompressedSize="9012" /><lzss dataOffset="4440" fileName="S09_M10A.PAC.256.pac.16.lzss" size="1609" tableOffset="16" uncompressedSize="5292" /><lzss dataOffset="6052" fileName="S09_M10A.PAC.256.pac.64.lzss" size="5266" tableOffset="64" uncompressedSize="33312" /></pac><pac dataOffset="145048" fileName="S09_M10A.PAC.264.pac" size="480" tableOffset="264"><lzss dataOffset="128" fileName="S09_M10A.PAC.264.pac.16.lzss" size="351" tableOffset="16" uncompressedSize="706" /></pac><pac dataOffset="145528" fileName="S09_M10A.PAC.272.pac" size="13540" tableOffset="272"><lzss dataOffset="128" fileName="S09_M10A.PAC.272.pac.0.lzss" size="5317" tableOffset="0" uncompressedSize="10004" /><lzss dataOffset="5448" fileName="S09_M10A.PAC.272.pac.16.lzss" size="1477" tableOffset="16" uncompressedSize="2958" /><lzss dataOffset="6928" fileName="S09_M10A.PAC.272.pac.64.lzss" size="6610" tableOffset="64" uncompressedSize="33312" /></pac><pac dataOffset="159068" fileName="S09_M10A.PAC.280.pac" size="13736" tableOffset="280"><lzss dataOffset="128" fileName="S09_M10A.PAC.280.pac.0.lzss" size="5158" tableOffset="0" uncompressedSize="10168" /><lzss dataOffset="5288" fileName="S09_M10A.PAC.280.pac.16.lzss" size="574" tableOffset="16" uncompressedSize="1324" /><lzss dataOffset="5864" fileName="S09_M10A.PAC.280.pac.64.lzss" size="7869" tableOffset="64" uncompressedSize="33312" /></pac><pac dataOffset="172804" fileName="S09_M10A.PAC.288.pac" size="11772" tableOffset="288"><lzss dataOffset="128" fileName="S09_M10A.PAC.288.pac.0.lzss" size="5297" tableOffset="0" uncompressedSize="9892" /><lzss dataOffset="5428" fileName="S09_M10A.PAC.288.pac.16.lzss" size="650" tableOffset="16" uncompressedSize="1130" /><lzss dataOffset="6080" fileName="S09_M10A.PAC.288.pac.64.lzss" size="5690" tableOffset="64" uncompressedSize="33312" /></pac><pac dataOffset="184576" fileName="S09_M10A.PAC.296.pac" size="13000" tableOffset="296"><lzss dataOffset="128" fileName="S09_M10A.PAC.296.pac.0.lzss" size="5671" tableOffset="0" uncompressedSize="10392" /><lzss dataOffset="5800" fileName="S09_M10A.PAC.296.pac.16.lzss" size="784" tableOffset="16" uncompressedSize="1710" /><lzss dataOffset="6584" fileName="S09_M10A.PAC.296.pac.64.lzss" size="6416" tableOffset="64" uncompressedSize="33312" /></pac></source>