<source fileName="S09_M05A.PAC" size="144744" tableOffset="0"><lzss dataOffset="384" fileName="S09_M05A.PAC.40.lzss" size="4711" tableOffset="40" uncompressedSize="11120" /><lzss dataOffset="5096" fileName="S09_M05A.PAC.128.lzss" size="32633" tableOffset="128" uncompressedSize="79220" /><lzss dataOffset="37732" fileName="S09_M05A.PAC.136.lzss" size="39717" tableOffset="136" uncompressedSize="129924" /><lzss dataOffset="77452" fileName="S09_M05A.PAC.144.lzss" size="114" tableOffset="144" uncompressedSize="192" /><lzss dataOffset="77568" fileName="S09_M05A.PAC.152.lzss" size="193" tableOffset="152" uncompressedSize="456" /><lzss dataOffset="77764" fileName="S09_M05A.PAC.160.lzss" size="14977" tableOffset="160" uncompressedSize="33312" /><lzss dataOffset="92744" fileName="S09_M05A.PAC.168.lzss" size="6506" tableOffset="168" uncompressedSize="33312" /><lzss dataOffset="99252" fileName="S09_M05A.PAC.176.lzss" size="7507" tableOffset="176" uncompressedSize="33312" /><lzss dataOffset="106760" fileName="S09_M05A.PAC.184.lzss" size="3765" tableOffset="184" uncompressedSize="33312" /><lzss dataOffset="110528" fileName="S09_M05A.PAC.192.lzss" size="6322" tableOffset="192" uncompressedSize="66080" /><lzss dataOffset="116852" fileName="S09_M05A.PAC.200.lzss" size="577" tableOffset="200" uncompressedSize="2652" /><lzss dataOffset="117432" fileName="S09_M05A.PAC.224.lzss" size="1208" tableOffset="224" uncompressedSize="3864" /><lzss dataOffset="118640" fileName="S09_M05A.PAC.232.lzss" size="831" tableOffset="232" uncompressedSize="2016" /><pac dataOffset="119472" fileName="S09_M05A.PAC.256.pac" size="11320" tableOffset="256"><lzss dataOffset="128" fileName="S09_M05A.PAC.256.pac.0.lzss" size="4310" tableOffset="0" uncompressedSize="9012" /><lzss dataOffset="4440" fileName="S09_M05A.PAC.256.pac.16.lzss" size="1609" tableOffset="16" uncompressedSize="5292" /><lzss dataOffset="6052" fileName="S09_M05A.PAC.256.pac.64.lzss" size="5266" tableOffset="64" uncompressedSize="33312" /></pac><pac dataOffset="130792" fileName="S09_M05A.PAC.264.pac" size="480" tableOffset="264"><lzss dataOffset="128" fileName="S09_M05A.PAC.264.pac.16.lzss" size="351" tableOffset="16" uncompressedSize="706" /></pac><pac dataOffset="131272" fileName="S09_M05A.PAC.272.pac" size="13472" tableOffset="272"><lzss dataOffset="128" fileName="S09_M05A.PAC.272.pac.0.lzss" size="5669" tableOffset="0" uncompressedSize="10440" /><lzss dataOffset="5800" fileName="S09_M05A.PAC.272.pac.16.lzss" size="1653" tableOffset="16" uncompressedSize="3698" /><lzss dataOffset="7456" fileName="S09_M05A.PAC.272.pac.64.lzss" size="6015" tableOffset="64" uncompressedSize="33312" /></pac></source>