<source fileName="S09_M09B.PAC" size="130524" tableOffset="0"><lzss dataOffset="384" fileName="S09_M09B.PAC.40.lzss" size="4711" tableOffset="40" uncompressedSize="11120" /><lzss dataOffset="5096" fileName="S09_M09B.PAC.128.lzss" size="38891" tableOffset="128" uncompressedSize="76220" /><lzss dataOffset="43988" fileName="S09_M09B.PAC.136.lzss" size="37197" tableOffset="136" uncompressedSize="128876" /><lzss dataOffset="81188" fileName="S09_M09B.PAC.144.lzss" size="60" tableOffset="144" uncompressedSize="112" /><lzss dataOffset="81248" fileName="S09_M09B.PAC.152.lzss" size="186" tableOffset="152" uncompressedSize="456" /><lzss dataOffset="81436" fileName="S09_M09B.PAC.160.lzss" size="5019" tableOffset="160" uncompressedSize="33312" /><lzss dataOffset="86456" fileName="S09_M09B.PAC.168.lzss" size="4259" tableOffset="168" uncompressedSize="33312" /><lzss dataOffset="90716" fileName="S09_M09B.PAC.200.lzss" size="577" tableOffset="200" uncompressedSize="2652" /><lzss dataOffset="91296" fileName="S09_M09B.PAC.224.lzss" size="1050" tableOffset="224" uncompressedSize="3116" /><lzss dataOffset="92348" fileName="S09_M09B.PAC.232.lzss" size="660" tableOffset="232" uncompressedSize="1800" /><pac dataOffset="93008" fileName="S09_M09B.PAC.256.pac" size="11320" tableOffset="256"><lzss dataOffset="128" fileName="S09_M09B.PAC.256.pac.0.lzss" size="4310" tableOffset="0" uncompressedSize="9012" /><lzss dataOffset="4440" fileName="S09_M09B.PAC.256.pac.16.lzss" size="1609" tableOffset="16" uncompressedSize="5292" /><lzss dataOffset="6052" fileName="S09_M09B.PAC.256.pac.64.lzss" size="5266" tableOffset="64" uncompressedSize="33312" /></pac><pac dataOffset="104328" fileName="S09_M09B.PAC.264.pac" size="480" tableOffset="264"><lzss dataOffset="128" fileName="S09_M09B.PAC.264.pac.16.lzss" size="351" tableOffset="16" uncompressedSize="706" /></pac><pac dataOffset="104808" fileName="S09_M09B.PAC.272.pac" size="13680" tableOffset="272"><lzss dataOffset="128" fileName="S09_M09B.PAC.272.pac.0.lzss" size="6118" tableOffset="0" uncompressedSize="11672" /><lzss dataOffset="6248" fileName="S09_M09B.PAC.272.pac.16.lzss" size="1097" tableOffset="16" uncompressedSize="2274" /><lzss dataOffset="7348" fileName="S09_M09B.PAC.272.pac.64.lzss" size="6332" tableOffset="64" uncompressedSize="33312" /></pac><pac dataOffset="118488" fileName="S09_M09B.PAC.280.pac" size="12036" tableOffset="280"><lzss dataOffset="128" fileName="S09_M09B.PAC.280.pac.0.lzss" size="5573" tableOffset="0" uncompressedSize="10912" /><lzss dataOffset="5704" fileName="S09_M09B.PAC.280.pac.16.lzss" size="1027" tableOffset="16" uncompressedSize="2430" /><lzss dataOffset="6732" fileName="S09_M09B.PAC.280.pac.64.lzss" size="5303" tableOffset="64" uncompressedSize="33312" /></pac></source>