<source fileName="S09_M09A.PAC" size="159732" tableOffset="0"><lzss dataOffset="384" fileName="S09_M09A.PAC.40.lzss" size="4711" tableOffset="40" uncompressedSize="11120" /><lzss dataOffset="5096" fileName="S09_M09A.PAC.128.lzss" size="35746" tableOffset="128" uncompressedSize="74912" /><lzss dataOffset="40844" fileName="S09_M09A.PAC.136.lzss" size="41074" tableOffset="136" uncompressedSize="128624" /><lzss dataOffset="81920" fileName="S09_M09A.PAC.144.lzss" size="93" tableOffset="144" uncompressedSize="112" /><lzss dataOffset="82016" fileName="S09_M09A.PAC.152.lzss" size="221" tableOffset="152" uncompressedSize="548" /><lzss dataOffset="82240" fileName="S09_M09A.PAC.160.lzss" size="12811" tableOffset="160" uncompressedSize="33312" /><lzss dataOffset="95052" fileName="S09_M09A.PAC.168.lzss" size="6395" tableOffset="168" uncompressedSize="33312" /><lzss dataOffset="101448" fileName="S09_M09A.PAC.176.lzss" size="6261" tableOffset="176" uncompressedSize="33312" /><lzss dataOffset="107712" fileName="S09_M09A.PAC.184.lzss" size="5004" tableOffset="184" uncompressedSize="33312" /><lzss dataOffset="112716" fileName="S09_M09A.PAC.192.lzss" size="6322" tableOffset="192" uncompressedSize="66080" /><lzss dataOffset="119040" fileName="S09_M09A.PAC.200.lzss" size="577" tableOffset="200" uncompressedSize="2652" /><lzss dataOffset="119620" fileName="S09_M09A.PAC.224.lzss" size="1153" tableOffset="224" uncompressedSize="3592" /><lzss dataOffset="120776" fileName="S09_M09A.PAC.232.lzss" size="772" tableOffset="232" uncompressedSize="1960" /><pac dataOffset="121548" fileName="S09_M09A.PAC.256.pac" size="11320" tableOffset="256"><lzss dataOffset="128" fileName="S09_M09A.PAC.256.pac.0.lzss" size="4310" tableOffset="0" uncompressedSize="9012" /><lzss dataOffset="4440" fileName="S09_M09A.PAC.256.pac.16.lzss" size="1609" tableOffset="16" uncompressedSize="5292" /><lzss dataOffset="6052" fileName="S09_M09A.PAC.256.pac.64.lzss" size="5266" tableOffset="64" uncompressedSize="33312" /></pac><pac dataOffset="132868" fileName="S09_M09A.PAC.264.pac" size="480" tableOffset="264"><lzss dataOffset="128" fileName="S09_M09A.PAC.264.pac.16.lzss" size="351" tableOffset="16" uncompressedSize="706" /></pac><pac dataOffset="133348" fileName="S09_M09A.PAC.272.pac" size="12924" tableOffset="272"><lzss dataOffset="128" fileName="S09_M09A.PAC.272.pac.0.lzss" size="5561" tableOffset="0" uncompressedSize="10620" /><lzss dataOffset="5692" fileName="S09_M09A.PAC.272.pac.16.lzss" size="1969" tableOffset="16" uncompressedSize="5082" /><lzss dataOffset="7664" fileName="S09_M09A.PAC.272.pac.64.lzss" size="5260" tableOffset="64" uncompressedSize="33312" /></pac><pac dataOffset="146272" fileName="S09_M09A.PAC.280.pac" size="13460" tableOffset="280"><lzss dataOffset="128" fileName="S09_M09A.PAC.280.pac.0.lzss" size="5831" tableOffset="0" uncompressedSize="11112" /><lzss dataOffset="5960" fileName="S09_M09A.PAC.280.pac.16.lzss" size="1142" tableOffset="16" uncompressedSize="2854" /><lzss dataOffset="7104" fileName="S09_M09A.PAC.280.pac.64.lzss" size="6354" tableOffset="64" uncompressedSize="33312" /></pac></source>