<source fileName="S09_M14A.PAC" size="136320" tableOffset="0"><lzss dataOffset="384" fileName="S09_M14A.PAC.40.lzss" size="4711" tableOffset="40" uncompressedSize="11120" /><lzss dataOffset="5096" fileName="S09_M14A.PAC.128.lzss" size="19975" tableOffset="128" uncompressedSize="56176" /><lzss dataOffset="25072" fileName="S09_M14A.PAC.136.lzss" size="36912" tableOffset="136" uncompressedSize="127324" /><lzss dataOffset="61984" fileName="S09_M14A.PAC.144.lzss" size="72" tableOffset="144" uncompressedSize="192" /><lzss dataOffset="62056" fileName="S09_M14A.PAC.152.lzss" size="354" tableOffset="152" uncompressedSize="1384" /><lzss dataOffset="62412" fileName="S09_M14A.PAC.160.lzss" size="18112" tableOffset="160" uncompressedSize="33312" /><lzss dataOffset="80524" fileName="S09_M14A.PAC.168.lzss" size="11588" tableOffset="168" uncompressedSize="33312" /><lzss dataOffset="92112" fileName="S09_M14A.PAC.192.lzss" size="6322" tableOffset="192" uncompressedSize="66080" /><lzss dataOffset="98436" fileName="S09_M14A.PAC.200.lzss" size="577" tableOffset="200" uncompressedSize="2652" /><lzss dataOffset="99016" fileName="S09_M14A.PAC.224.lzss" size="1363" tableOffset="224" uncompressedSize="3944" /><lzss dataOffset="100380" fileName="S09_M14A.PAC.232.lzss" size="679" tableOffset="232" uncompressedSize="1848" /><pac dataOffset="101060" fileName="S09_M14A.PAC.256.pac" size="11320" tableOffset="256"><lzss dataOffset="128" fileName="S09_M14A.PAC.256.pac.0.lzss" size="4310" tableOffset="0" uncompressedSize="9012" /><lzss dataOffset="4440" fileName="S09_M14A.PAC.256.pac.16.lzss" size="1609" tableOffset="16" uncompressedSize="5292" /><lzss dataOffset="6052" fileName="S09_M14A.PAC.256.pac.64.lzss" size="5266" tableOffset="64" uncompressedSize="33312" /></pac><pac dataOffset="112380" fileName="S09_M14A.PAC.264.pac" size="480" tableOffset="264"><lzss dataOffset="128" fileName="S09_M14A.PAC.264.pac.16.lzss" size="351" tableOffset="16" uncompressedSize="706" /></pac><pac dataOffset="112860" fileName="S09_M14A.PAC.272.pac" size="12964" tableOffset="272"><lzss dataOffset="128" fileName="S09_M14A.PAC.272.pac.0.lzss" size="4885" tableOffset="0" uncompressedSize="9192" /><lzss dataOffset="5016" fileName="S09_M14A.PAC.272.pac.16.lzss" size="2654" tableOffset="16" uncompressedSize="8162" /><lzss dataOffset="7672" fileName="S09_M14A.PAC.272.pac.64.lzss" size="5290" tableOffset="64" uncompressedSize="33312" /></pac><pac dataOffset="125824" fileName="S09_M14A.PAC.280.pac" size="10496" tableOffset="280"><lzss dataOffset="128" fileName="S09_M14A.PAC.280.pac.0.lzss" size="2423" tableOffset="0" uncompressedSize="5024" /><lzss dataOffset="2552" fileName="S09_M14A.PAC.280.pac.16.lzss" size="1124" tableOffset="16" uncompressedSize="2242" /><lzss dataOffset="3676" fileName="S09_M14A.PAC.280.pac.64.lzss" size="6818" tableOffset="64" uncompressedSize="33312" /></pac></source>