<source fileName="S09_M00A.PAC" size="174952" tableOffset="0"><lzss dataOffset="384" fileName="S09_M00A.PAC.40.lzss" size="4711" tableOffset="40" uncompressedSize="11120" /><lzss dataOffset="5096" fileName="S09_M00A.PAC.128.lzss" size="31887" tableOffset="128" uncompressedSize="56876" /><lzss dataOffset="36984" fileName="S09_M00A.PAC.136.lzss" size="38947" tableOffset="136" uncompressedSize="128596" /><lzss dataOffset="75932" fileName="S09_M00A.PAC.144.lzss" size="118" tableOffset="144" uncompressedSize="192" /><lzss dataOffset="76052" fileName="S09_M00A.PAC.152.lzss" size="504" tableOffset="152" uncompressedSize="1360" /><lzss dataOffset="76556" fileName="S09_M00A.PAC.160.lzss" size="18028" tableOffset="160" uncompressedSize="33312" /><lzss dataOffset="94584" fileName="S09_M00A.PAC.168.lzss" size="8869" tableOffset="168" uncompressedSize="33312" /><lzss dataOffset="103456" fileName="S09_M00A.PAC.176.lzss" size="8205" tableOffset="176" uncompressedSize="33312" /><lzss dataOffset="111664" fileName="S09_M00A.PAC.184.lzss" size="8455" tableOffset="184" uncompressedSize="33312" /><lzss dataOffset="120120" fileName="S09_M00A.PAC.192.lzss" size="6322" tableOffset="192" uncompressedSize="66080" /><lzss dataOffset="126444" fileName="S09_M00A.PAC.200.lzss" size="577" tableOffset="200" uncompressedSize="2652" /><lzss dataOffset="127024" fileName="S09_M00A.PAC.224.lzss" size="1850" tableOffset="224" uncompressedSize="6802" /><lzss dataOffset="128876" fileName="S09_M00A.PAC.232.lzss" size="1370" tableOffset="232" uncompressedSize="3600" /><pac dataOffset="130248" fileName="S09_M00A.PAC.256.pac" size="11320" tableOffset="256"><lzss dataOffset="128" fileName="S09_M00A.PAC.256.pac.0.lzss" size="4310" tableOffset="0" uncompressedSize="9012" /><lzss dataOffset="4440" fileName="S09_M00A.PAC.256.pac.16.lzss" size="1609" tableOffset="16" uncompressedSize="5292" /><lzss dataOffset="6052" fileName="S09_M00A.PAC.256.pac.64.lzss" size="5266" tableOffset="64" uncompressedSize="33312" /></pac><pac dataOffset="141568" fileName="S09_M00A.PAC.264.pac" size="480" tableOffset="264"><lzss dataOffset="128" fileName="S09_M00A.PAC.264.pac.16.lzss" size="351" tableOffset="16" uncompressedSize="706" /></pac><pac dataOffset="142048" fileName="S09_M00A.PAC.272.pac" size="8628" tableOffset="272"><lzss dataOffset="128" fileName="S09_M00A.PAC.272.pac.0.lzss" size="2382" tableOffset="0" uncompressedSize="4792" /><lzss dataOffset="2512" fileName="S09_M00A.PAC.272.pac.16.lzss" size="690" tableOffset="16" uncompressedSize="1266" /><lzss dataOffset="3204" fileName="S09_M00A.PAC.272.pac.64.lzss" size="5422" tableOffset="64" uncompressedSize="33312" /></pac><pac dataOffset="150676" fileName="S09_M00A.PAC.280.pac" size="10736" tableOffset="280"><lzss dataOffset="128" fileName="S09_M00A.PAC.280.pac.0.lzss" size="4611" tableOffset="0" uncompressedSize="11860" /><lzss dataOffset="4740" fileName="S09_M00A.PAC.280.pac.16.lzss" size="833" tableOffset="16" uncompressedSize="1726" /><lzss dataOffset="5576" fileName="S09_M00A.PAC.280.pac.64.lzss" size="5157" tableOffset="64" uncompressedSize="33312" /></pac><pac dataOffset="161412" fileName="S09_M00A.PAC.288.pac" size="13540" tableOffset="288"><lzss dataOffset="128" fileName="S09_M00A.PAC.288.pac.0.lzss" size="5317" tableOffset="0" uncompressedSize="10004" /><lzss dataOffset="5448" fileName="S09_M00A.PAC.288.pac.16.lzss" size="1477" tableOffset="16" uncompressedSize="2958" /><lzss dataOffset="6928" fileName="S09_M00A.PAC.288.pac.64.lzss" size="6610" tableOffset="64" uncompressedSize="33312" /></pac></source>