<source fileName="S09_M00C.PAC" size="134172" tableOffset="0"><lzss dataOffset="384" fileName="S09_M00C.PAC.0.lzss" size="15582" tableOffset="0" uncompressedSize="61984" /><lzss dataOffset="15968" fileName="S09_M00C.PAC.8.lzss" size="3487" tableOffset="8" uncompressedSize="33312" /><lzss dataOffset="19456" fileName="S09_M00C.PAC.16.lzss" size="9643" tableOffset="16" uncompressedSize="33312" /><lzss dataOffset="29100" fileName="S09_M00C.PAC.40.lzss" size="4711" tableOffset="40" uncompressedSize="11120" /><lzss dataOffset="33812" fileName="S09_M00C.PAC.128.lzss" size="23703" tableOffset="128" uncompressedSize="48176" /><lzss dataOffset="57516" fileName="S09_M00C.PAC.136.lzss" size="36590" tableOffset="136" uncompressedSize="127852" /><lzss dataOffset="94108" fileName="S09_M00C.PAC.144.lzss" size="92" tableOffset="144" uncompressedSize="112" /><lzss dataOffset="94200" fileName="S09_M00C.PAC.152.lzss" size="365" tableOffset="152" uncompressedSize="872" /><lzss dataOffset="94568" fileName="S09_M00C.PAC.160.lzss" size="4220" tableOffset="160" uncompressedSize="33312" /><lzss dataOffset="98788" fileName="S09_M00C.PAC.168.lzss" size="4161" tableOffset="168" uncompressedSize="33312" /><lzss dataOffset="102952" fileName="S09_M00C.PAC.224.lzss" size="2059" tableOffset="224" uncompressedSize="8462" /><lzss dataOffset="105012" fileName="S09_M00C.PAC.232.lzss" size="2544" tableOffset="232" uncompressedSize="6648" /><pac dataOffset="107556" fileName="S09_M00C.PAC.256.pac" size="11320" tableOffset="256"><lzss dataOffset="128" fileName="S09_M00C.PAC.256.pac.0.lzss" size="4310" tableOffset="0" uncompressedSize="9012" /><lzss dataOffset="4440" fileName="S09_M00C.PAC.256.pac.16.lzss" size="1609" tableOffset="16" uncompressedSize="5292" /><lzss dataOffset="6052" fileName="S09_M00C.PAC.256.pac.64.lzss" size="5266" tableOffset="64" uncompressedSize="33312" /></pac><pac dataOffset="118876" fileName="S09_M00C.PAC.264.pac" size="480" tableOffset="264"><lzss dataOffset="128" fileName="S09_M00C.PAC.264.pac.16.lzss" size="351" tableOffset="16" uncompressedSize="706" /></pac><pac dataOffset="119356" fileName="S09_M00C.PAC.272.pac" size="14816" tableOffset="272"><lzss dataOffset="128" fileName="S09_M00C.PAC.272.pac.0.lzss" size="5030" tableOffset="0" uncompressedSize="9396" /><lzss dataOffset="5160" fileName="S09_M00C.PAC.272.pac.16.lzss" size="3164" tableOffset="16" uncompressedSize="8246" /><lzss dataOffset="8324" fileName="S09_M00C.PAC.272.pac.64.lzss" size="6491" tableOffset="64" uncompressedSize="33312" /></pac></source>