<source fileName="S09_M00B.PAC" size="91360" tableOffset="0"><lzss dataOffset="384" fileName="S09_M00B.PAC.40.lzss" size="4711" tableOffset="40" uncompressedSize="11120" /><lzss dataOffset="5096" fileName="S09_M00B.PAC.128.lzss" size="21333" tableOffset="128" uncompressedSize="41496" /><lzss dataOffset="26432" fileName="S09_M00B.PAC.136.lzss" size="36127" tableOffset="136" uncompressedSize="127604" /><lzss dataOffset="62560" fileName="S09_M00B.PAC.144.lzss" size="92" tableOffset="144" uncompressedSize="112" /><lzss dataOffset="62652" fileName="S09_M00B.PAC.152.lzss" size="228" tableOffset="152" uncompressedSize="464" /><lzss dataOffset="62880" fileName="S09_M00B.PAC.160.lzss" size="8293" tableOffset="160" uncompressedSize="33312" /><lzss dataOffset="71176" fileName="S09_M00B.PAC.168.lzss" size="5571" tableOffset="168" uncompressedSize="33312" /><lzss dataOffset="76748" fileName="S09_M00B.PAC.200.lzss" size="577" tableOffset="200" uncompressedSize="2652" /><lzss dataOffset="77328" fileName="S09_M00B.PAC.224.lzss" size="1488" tableOffset="224" uncompressedSize="4484" /><lzss dataOffset="78816" fileName="S09_M00B.PAC.232.lzss" size="741" tableOffset="232" uncompressedSize="1924" /><pac dataOffset="79560" fileName="S09_M00B.PAC.256.pac" size="11320" tableOffset="256"><lzss dataOffset="128" fileName="S09_M00B.PAC.256.pac.0.lzss" size="4310" tableOffset="0" uncompressedSize="9012" /><lzss dataOffset="4440" fileName="S09_M00B.PAC.256.pac.16.lzss" size="1609" tableOffset="16" uncompressedSize="5292" /><lzss dataOffset="6052" fileName="S09_M00B.PAC.256.pac.64.lzss" size="5266" tableOffset="64" uncompressedSize="33312" /></pac><pac dataOffset="90880" fileName="S09_M00B.PAC.264.pac" size="480" tableOffset="264"><lzss dataOffset="128" fileName="S09_M00B.PAC.264.pac.16.lzss" size="351" tableOffset="16" uncompressedSize="706" /></pac></source>