<source fileName="S09_M02B.PAC" size="114548" tableOffset="0"><lzss dataOffset="384" fileName="S09_M02B.PAC.40.lzss" size="4711" tableOffset="40" uncompressedSize="11120" /><lzss dataOffset="5096" fileName="S09_M02B.PAC.128.lzss" size="25758" tableOffset="128" uncompressedSize="57492" /><lzss dataOffset="30856" fileName="S09_M02B.PAC.136.lzss" size="36735" tableOffset="136" uncompressedSize="127140" /><lzss dataOffset="67592" fileName="S09_M02B.PAC.144.lzss" size="60" tableOffset="144" uncompressedSize="112" /><lzss dataOffset="67652" fileName="S09_M02B.PAC.152.lzss" size="291" tableOffset="152" uncompressedSize="536" /><lzss dataOffset="67944" fileName="S09_M02B.PAC.160.lzss" size="8191" tableOffset="160" uncompressedSize="33312" /><lzss dataOffset="76136" fileName="S09_M02B.PAC.168.lzss" size="5007" tableOffset="168" uncompressedSize="33312" /><lzss dataOffset="81144" fileName="S09_M02B.PAC.176.lzss" size="4942" tableOffset="176" uncompressedSize="33312" /><lzss dataOffset="86088" fileName="S09_M02B.PAC.184.lzss" size="2124" tableOffset="184" uncompressedSize="33312" /><lzss dataOffset="88212" fileName="S09_M02B.PAC.200.lzss" size="577" tableOffset="200" uncompressedSize="2652" /><lzss dataOffset="88792" fileName="S09_M02B.PAC.224.lzss" size="1199" tableOffset="224" uncompressedSize="3498" /><lzss dataOffset="89992" fileName="S09_M02B.PAC.232.lzss" size="691" tableOffset="232" uncompressedSize="1792" /><pac dataOffset="90684" fileName="S09_M02B.PAC.256.pac" size="11320" tableOffset="256"><lzss dataOffset="128" fileName="S09_M02B.PAC.256.pac.0.lzss" size="4310" tableOffset="0" uncompressedSize="9012" /><lzss dataOffset="4440" fileName="S09_M02B.PAC.256.pac.16.lzss" size="1609" tableOffset="16" uncompressedSize="5292" /><lzss dataOffset="6052" fileName="S09_M02B.PAC.256.pac.64.lzss" size="5266" tableOffset="64" uncompressedSize="33312" /></pac><pac dataOffset="102004" fileName="S09_M02B.PAC.264.pac" size="480" tableOffset="264"><lzss dataOffset="128" fileName="S09_M02B.PAC.264.pac.16.lzss" size="351" tableOffset="16" uncompressedSize="706" /></pac><pac dataOffset="102484" fileName="S09_M02B.PAC.272.pac" size="12064" tableOffset="272"><lzss dataOffset="128" fileName="S09_M02B.PAC.272.pac.0.lzss" size="5189" tableOffset="0" uncompressedSize="9816" /><lzss dataOffset="5320" fileName="S09_M02B.PAC.272.pac.16.lzss" size="550" tableOffset="16" uncompressedSize="1494" /><lzss dataOffset="5872" fileName="S09_M02B.PAC.272.pac.64.lzss" size="6190" tableOffset="64" uncompressedSize="33312" /></pac></source>