<source fileName="S09_M03A.PAC" size="130492" tableOffset="0"><lzss dataOffset="384" fileName="S09_M03A.PAC.40.lzss" size="4711" tableOffset="40" uncompressedSize="11120" /><lzss dataOffset="5096" fileName="S09_M03A.PAC.128.lzss" size="23473" tableOffset="128" uncompressedSize="54348" /><lzss dataOffset="28572" fileName="S09_M03A.PAC.136.lzss" size="34296" tableOffset="136" uncompressedSize="127056" /><lzss dataOffset="62868" fileName="S09_M03A.PAC.144.lzss" size="71" tableOffset="144" uncompressedSize="112" /><lzss dataOffset="62940" fileName="S09_M03A.PAC.152.lzss" size="273" tableOffset="152" uncompressedSize="624" /><lzss dataOffset="63216" fileName="S09_M03A.PAC.160.lzss" size="6879" tableOffset="160" uncompressedSize="33312" /><lzss dataOffset="70096" fileName="S09_M03A.PAC.168.lzss" size="11980" tableOffset="168" uncompressedSize="33312" /><lzss dataOffset="82076" fileName="S09_M03A.PAC.176.lzss" size="5997" tableOffset="176" uncompressedSize="33312" /><lzss dataOffset="88076" fileName="S09_M03A.PAC.184.lzss" size="6849" tableOffset="184" uncompressedSize="33312" /><lzss dataOffset="94928" fileName="S09_M03A.PAC.192.lzss" size="8564" tableOffset="192" uncompressedSize="66080" /><lzss dataOffset="103492" fileName="S09_M03A.PAC.200.lzss" size="577" tableOffset="200" uncompressedSize="2652" /><lzss dataOffset="104072" fileName="S09_M03A.PAC.224.lzss" size="1141" tableOffset="224" uncompressedSize="3502" /><lzss dataOffset="105216" fileName="S09_M03A.PAC.232.lzss" size="695" tableOffset="232" uncompressedSize="1884" /><pac dataOffset="105912" fileName="S09_M03A.PAC.256.pac" size="11320" tableOffset="256"><lzss dataOffset="128" fileName="S09_M03A.PAC.256.pac.0.lzss" size="4310" tableOffset="0" uncompressedSize="9012" /><lzss dataOffset="4440" fileName="S09_M03A.PAC.256.pac.16.lzss" size="1609" tableOffset="16" uncompressedSize="5292" /><lzss dataOffset="6052" fileName="S09_M03A.PAC.256.pac.64.lzss" size="5266" tableOffset="64" uncompressedSize="33312" /></pac><pac dataOffset="117232" fileName="S09_M03A.PAC.264.pac" size="480" tableOffset="264"><lzss dataOffset="128" fileName="S09_M03A.PAC.264.pac.16.lzss" size="351" tableOffset="16" uncompressedSize="706" /></pac><pac dataOffset="117712" fileName="S09_M03A.PAC.272.pac" size="12780" tableOffset="272"><lzss dataOffset="128" fileName="S09_M03A.PAC.272.pac.0.lzss" size="4876" tableOffset="0" uncompressedSize="9304" /><lzss dataOffset="5004" fileName="S09_M03A.PAC.272.pac.16.lzss" size="2078" tableOffset="16" uncompressedSize="5802" /><lzss dataOffset="7084" fileName="S09_M03A.PAC.272.pac.64.lzss" size="5696" tableOffset="64" uncompressedSize="33312" /></pac></source>