<source fileName="S_STAGE.PAC" size="214292" tableOffset="0"><lzss dataOffset="128" fileName="S_STAGE.PAC.0.lzss" size="1721" tableOffset="0" uncompressedSize="16928" /><raw dataOffset="1852" fileName="S_STAGE.PAC.8.raw" size="157392" tableOffset="8" /><lzss dataOffset="159244" fileName="S_STAGE.PAC.16.lzss" size="15352" tableOffset="16" uncompressedSize="30877" /><lzss dataOffset="174596" fileName="S_STAGE.PAC.32.lzss" size="117" tableOffset="32" uncompressedSize="216" /><lzss dataOffset="174716" fileName="S_STAGE.PAC.40.lzss" size="78" tableOffset="40" uncompressedSize="112" /><lzss dataOffset="174796" fileName="S_STAGE.PAC.64.lzss" size="15582" tableOffset="64" uncompressedSize="61984" /><lzss dataOffset="190380" fileName="S_STAGE.PAC.72.lzss" size="3368" tableOffset="72" uncompressedSize="33312" /><lzss dataOffset="193748" fileName="S_STAGE.PAC.80.lzss" size="3196" tableOffset="80" uncompressedSize="33312" /><lzss dataOffset="196944" fileName="S_STAGE.PAC.88.lzss" size="3339" tableOffset="88" uncompressedSize="33312" /><lzss dataOffset="200284" fileName="S_STAGE.PAC.96.lzss" size="3474" tableOffset="96" uncompressedSize="33312" /><lzss dataOffset="203760" fileName="S_STAGE.PAC.104.lzss" size="3353" tableOffset="104" uncompressedSize="33312" /><lzss dataOffset="207116" fileName="S_STAGE.PAC.112.lzss" size="3487" tableOffset="112" uncompressedSize="33312" /><lzss dataOffset="210604" fileName="S_STAGE.PAC.120.lzss" size="3686" tableOffset="120" uncompressedSize="33312" /></source>