<source fileName="S_TITLE.PAC" size="186504" tableOffset="0"><lzss dataOffset="384" fileName="S_TITLE.PAC.0.lzss" size="5518" tableOffset="0" uncompressedSize="33312" /><lzss dataOffset="5904" fileName="S_TITLE.PAC.8.lzss" size="6068" tableOffset="8" uncompressedSize="33312" /><lzss dataOffset="11972" fileName="S_TITLE.PAC.16.lzss" size="2251" tableOffset="16" uncompressedSize="33312" /><lzss dataOffset="14224" fileName="S_TITLE.PAC.24.lzss" size="6217" tableOffset="24" uncompressedSize="33312" /><lzss dataOffset="20444" fileName="S_TITLE.PAC.32.lzss" size="10229" tableOffset="32" uncompressedSize="17440" /><lzss dataOffset="30676" fileName="S_TITLE.PAC.40.lzss" size="4711" tableOffset="40" uncompressedSize="11120" /><lzss dataOffset="35388" fileName="S_TITLE.PAC.128.lzss" size="29234" tableOffset="128" uncompressedSize="67540" /><lzss dataOffset="64624" fileName="S_TITLE.PAC.136.lzss" size="40201" tableOffset="136" uncompressedSize="126996" /><lzss dataOffset="104828" fileName="S_TITLE.PAC.144.lzss" size="62" tableOffset="144" uncompressedSize="112" /><lzss dataOffset="104892" fileName="S_TITLE.PAC.152.lzss" size="130" tableOffset="152" uncompressedSize="280" /><lzss dataOffset="105024" fileName="S_TITLE.PAC.160.lzss" size="14767" tableOffset="160" uncompressedSize="33312" /><lzss dataOffset="119792" fileName="S_TITLE.PAC.168.lzss" size="13786" tableOffset="168" uncompressedSize="33312" /><lzss dataOffset="133580" fileName="S_TITLE.PAC.176.lzss" size="8590" tableOffset="176" uncompressedSize="33312" /><lzss dataOffset="142172" fileName="S_TITLE.PAC.184.lzss" size="16841" tableOffset="184" uncompressedSize="33312" /><lzss dataOffset="159016" fileName="S_TITLE.PAC.192.lzss" size="10031" tableOffset="192" uncompressedSize="66080" /><lzss dataOffset="169048" fileName="S_TITLE.PAC.200.lzss" size="577" tableOffset="200" uncompressedSize="2652" /><lzss dataOffset="169628" fileName="S_TITLE.PAC.224.lzss" size="3429" tableOffset="224" uncompressedSize="20110" /><lzss dataOffset="173060" fileName="S_TITLE.PAC.232.lzss" size="2123" tableOffset="232" uncompressedSize="6244" /><pac dataOffset="175184" fileName="S_TITLE.PAC.256.pac" size="11320" tableOffset="256"><lzss dataOffset="128" fileName="S_TITLE.PAC.256.pac.0.lzss" size="4310" tableOffset="0" uncompressedSize="9012" /><lzss dataOffset="4440" fileName="S_TITLE.PAC.256.pac.16.lzss" size="1609" tableOffset="16" uncompressedSize="5292" /><lzss dataOffset="6052" fileName="S_TITLE.PAC.256.pac.64.lzss" size="5266" tableOffset="64" uncompressedSize="33312" /></pac></source>