<source fileName="STAFF.PAC" size="201080" tableOffset="0"><lzss dataOffset="384" fileName="STAFF.PAC.0.lzss" size="4487" tableOffset="0" uncompressedSize="33312" /><lzss dataOffset="4872" fileName="STAFF.PAC.8.lzss" size="4592" tableOffset="8" uncompressedSize="33312" /><lzss dataOffset="9464" fileName="STAFF.PAC.16.lzss" size="5388" tableOffset="16" uncompressedSize="33312" /><lzss dataOffset="14852" fileName="STAFF.PAC.24.lzss" size="4613" tableOffset="24" uncompressedSize="33312" /><lzss dataOffset="19468" fileName="STAFF.PAC.40.lzss" size="4711" tableOffset="40" uncompressedSize="11120" /><lzss dataOffset="24180" fileName="STAFF.PAC.128.lzss" size="32376" tableOffset="128" uncompressedSize="58388" /><lzss dataOffset="56556" fileName="STAFF.PAC.136.lzss" size="38947" tableOffset="136" uncompressedSize="128596" /><lzss dataOffset="95504" fileName="STAFF.PAC.144.lzss" size="60" tableOffset="144" uncompressedSize="112" /><lzss dataOffset="95564" fileName="STAFF.PAC.152.lzss" size="385" tableOffset="152" uncompressedSize="940" /><lzss dataOffset="95952" fileName="STAFF.PAC.160.lzss" size="18011" tableOffset="160" uncompressedSize="33312" /><lzss dataOffset="113964" fileName="STAFF.PAC.168.lzss" size="8898" tableOffset="168" uncompressedSize="33312" /><lzss dataOffset="122864" fileName="STAFF.PAC.176.lzss" size="8399" tableOffset="176" uncompressedSize="33312" /><lzss dataOffset="131264" fileName="STAFF.PAC.184.lzss" size="8447" tableOffset="184" uncompressedSize="33312" /><lzss dataOffset="139712" fileName="STAFF.PAC.192.lzss" size="9425" tableOffset="192" uncompressedSize="66080" /><lzss dataOffset="149140" fileName="STAFF.PAC.200.lzss" size="577" tableOffset="200" uncompressedSize="2652" /><lzss dataOffset="149720" fileName="STAFF.PAC.224.lzss" size="906" tableOffset="224" uncompressedSize="2744" /><lzss dataOffset="150628" fileName="STAFF.PAC.232.lzss" size="37" tableOffset="232" uncompressedSize="28" /><pac dataOffset="150668" fileName="STAFF.PAC.256.pac" size="11320" tableOffset="256"><lzss dataOffset="128" fileName="STAFF.PAC.256.pac.0.lzss" size="4310" tableOffset="0" uncompressedSize="9012" /><lzss dataOffset="4440" fileName="STAFF.PAC.256.pac.16.lzss" size="1609" tableOffset="16" uncompressedSize="5292" /><lzss dataOffset="6052" fileName="STAFF.PAC.256.pac.64.lzss" size="5266" tableOffset="64" uncompressedSize="33312" /></pac><pac dataOffset="161988" fileName="STAFF.PAC.264.pac" size="14816" tableOffset="264"><lzss dataOffset="128" fileName="STAFF.PAC.264.pac.0.lzss" size="5030" tableOffset="0" uncompressedSize="9396" /><lzss dataOffset="5160" fileName="STAFF.PAC.264.pac.16.lzss" size="3164" tableOffset="16" uncompressedSize="8246" /><lzss dataOffset="8324" fileName="STAFF.PAC.264.pac.64.lzss" size="6491" tableOffset="64" uncompressedSize="33312" /></pac><pac dataOffset="176804" fileName="STAFF.PAC.272.pac" size="13540" tableOffset="272"><lzss dataOffset="128" fileName="STAFF.PAC.272.pac.0.lzss" size="5317" tableOffset="0" uncompressedSize="10004" /><lzss dataOffset="5448" fileName="STAFF.PAC.272.pac.16.lzss" size="1477" tableOffset="16" uncompressedSize="2958" /><lzss dataOffset="6928" fileName="STAFF.PAC.272.pac.64.lzss" size="6610" tableOffset="64" uncompressedSize="33312" /></pac><pac dataOffset="190344" fileName="STAFF.PAC.280.pac" size="10736" tableOffset="280"><lzss dataOffset="128" fileName="STAFF.PAC.280.pac.0.lzss" size="4611" tableOffset="0" uncompressedSize="11860" /><lzss dataOffset="4740" fileName="STAFF.PAC.280.pac.16.lzss" size="833" tableOffset="16" uncompressedSize="1726" /><lzss dataOffset="5576" fileName="STAFF.PAC.280.pac.64.lzss" size="5157" tableOffset="64" uncompressedSize="33312" /></pac></source>