<source fileName="START.PAC" size="577800" tableOffset="0"><raw dataOffset="240" fileName="START.PAC.0.raw" size="128" tableOffset="0" /><raw dataOffset="368" fileName="START.PAC.8.raw" size="256" tableOffset="8" /><lzss dataOffset="624" fileName="START.PAC.16.lzss" size="108" tableOffset="16" uncompressedSize="136" /><lzss dataOffset="732" fileName="START.PAC.32.lzss" size="1691" tableOffset="32" uncompressedSize="13344" /><raw dataOffset="2424" fileName="START.PAC.40.raw" size="323648" tableOffset="40" /><lzss dataOffset="326072" fileName="START.PAC.48.lzss" size="279" tableOffset="48" uncompressedSize="3104" /><raw dataOffset="326352" fileName="START.PAC.56.raw" size="64" tableOffset="56" /><lzss dataOffset="326416" fileName="START.PAC.64.lzss" size="11343" tableOffset="64" uncompressedSize="25695" /><lzss dataOffset="337760" fileName="START.PAC.88.lzss" size="1721" tableOffset="88" uncompressedSize="16928" /><raw dataOffset="339484" fileName="START.PAC.96.raw" size="157392" tableOffset="96" /><lzss dataOffset="496876" fileName="START.PAC.104.lzss" size="15352" tableOffset="104" uncompressedSize="30877" /><lzss dataOffset="512228" fileName="START.PAC.128.lzss" size="10229" tableOffset="128" uncompressedSize="17440" /><lzss dataOffset="522460" fileName="START.PAC.136.lzss" size="11271" tableOffset="136" uncompressedSize="33312" /><lzss dataOffset="533732" fileName="START.PAC.160.lzss" size="12328" tableOffset="160" uncompressedSize="33312" /><lzss dataOffset="546060" fileName="START.PAC.168.lzss" size="9133" tableOffset="168" uncompressedSize="33312" /><lzss dataOffset="555196" fileName="START.PAC.176.lzss" size="11166" tableOffset="176" uncompressedSize="33312" /><lzss dataOffset="566364" fileName="START.PAC.184.lzss" size="11435" tableOffset="184" uncompressedSize="33312" /></source>